"success","trial_type","trial_index","time_elapsed","internal_node_id","timeout","failed_images","failed_audio","failed_video","rt","response","question_order","load_time","stimulus","raw_gaze","percent_in_roi","average_offset","validation_points","samples_per_sec","task","ans","ISI","size","shapeORcolor","webgazer_data","webgazer_targets","target","response_answer","correct","webgazer_targets_data"
"true","fullscreen","0","6975","0.0-0.0","","","","","","","","","","","","","","","","","","","","","","","","",""
"true","preload","1","6982","0.0-1.0","false","[]","[]","[]","","","","","","","","","","","","","","","","","","","","",""
"","survey-text","2","13187","0.0-2.0-0.0","","","","","6203","{""name"":""何靓雯"",""age"":""24""}","","","","","","","","","","","","","","","","","","",""
"","survey-multi-choice","3","15411","0.0-2.0-1.0","","","","","2223","{""sex"":""女""}","[0]","","","","","","","","","","","","","","","","","",""
"","webgazer-init-camera","4","20149","0.0-3.0","","","","","","","","1523","","","","","","","","","","","","","","","","",""
"","html-button-response","5","21939","0.0-4.0-0.0","","","","","1787","0","","","
        <p>现在，眼动追踪器将经过校准，将你眼睛的图像从网络摄像头转换到你屏幕上的某个位置。</p>
        <p>为此，需要单击一系列点。</p>
        <p>保持头不动，点击每一个出现的点。当点击它的时候，看着这个点。</p>
      ","","","","","","","","","","","","","","","",""
"","webgazer-calibrate","6","34560","0.0-4.0-1.0","","","","","","","","","","","","","","","","","","","","","","","","",""
"","html-button-response","7","35410","0.0-4.0-2.0","","","","","849","0","","","
        <p>展示眼球追踪的准确性</p>
        <p>保持头不动，当每个点出现时，移动眼睛聚焦在它上面。</p>
        <p>不需要点击点。移动眼睛看这些点。</p>
      ","","","","","","","","","","","","","","","",""
"","webgazer-validate","8","55298","0.0-4.0-3.0","","","","","","","","","","[[{""x"":463,""y"":262,""dx"":-28,""dy"":-19,""t"":991},{""x"":489,""y"":258,""dx"":-2,""dy"":-23,""t"":1022},{""x"":507,""y"":266,""dx"":16,""dy"":-15,""t"":1058},{""x"":551,""y"":286,""dx"":60,""dy"":5,""t"":1092},{""x"":563,""y"":291,""dx"":72,""dy"":10,""t"":1125},{""x"":553,""y"":292,""dx"":62,""dy"":11,""t"":1161},{""x"":562,""y"":290,""dx"":71,""dy"":9,""t"":1193},{""x"":563,""y"":286,""dx"":72,""dy"":5,""t"":1229},{""x"":580,""y"":303,""dx"":89,""dy"":22,""t"":1262},{""x"":548,""y"":282,""dx"":57,""dy"":1,""t"":1297},{""x"":555,""y"":268,""dx"":64,""dy"":-13,""t"":1329},{""x"":553,""y"":256,""dx"":62,""dy"":-25,""t"":1364},{""x"":526,""y"":274,""dx"":35,""dy"":-7,""t"":1398},{""x"":524,""y"":285,""dx"":33,""dy"":4,""t"":1431},{""x"":524,""y"":310,""dx"":33,""dy"":29,""t"":1466},{""x"":514,""y"":322,""dx"":23,""dy"":41,""t"":1500},{""x"":532,""y"":323,""dx"":41,""dy"":42,""t"":1534},{""x"":527,""y"":337,""dx"":36,""dy"":56,""t"":1567},{""x"":531,""y"":354,""dx"":40,""dy"":73,""t"":1602},{""x"":540,""y"":330,""dx"":49,""dy"":49,""t"":1636},{""x"":547,""y"":348,""dx"":56,""dy"":67,""t"":1669},{""x"":567,""y"":365,""dx"":76,""dy"":84,""t"":1704},{""x"":552,""y"":347,""dx"":61,""dy"":66,""t"":1738},{""x"":571,""y"":333,""dx"":80,""dy"":52,""t"":1772},{""x"":553,""y"":326,""dx"":62,""dy"":45,""t"":1806},{""x"":550,""y"":327,""dx"":59,""dy"":46,""t"":1840},{""x"":544,""y"":312,""dx"":53,""dy"":31,""t"":1874},{""x"":528,""y"":307,""dx"":37,""dy"":26,""t"":1907},{""x"":519,""y"":305,""dx"":28,""dy"":24,""t"":1942},{""x"":517,""y"":296,""dx"":26,""dy"":15,""t"":1975},{""x"":509,""y"":307,""dx"":18,""dy"":26,""t"":2009},{""x"":513,""y"":297,""dx"":22,""dy"":16,""t"":2045},{""x"":528,""y"":294,""dx"":37,""dy"":13,""t"":2077},{""x"":546,""y"":295,""dx"":55,""dy"":14,""t"":2112},{""x"":546,""y"":303,""dx"":55,""dy"":22,""t"":2146},{""x"":539,""y"":298,""dx"":48,""dy"":17,""t"":2180},{""x"":554,""y"":283,""dx"":63,""dy"":2,""t"":2214},{""x"":546,""y"":294,""dx"":55,""dy"":13,""t"":2248},{""x"":535,""y"":304,""dx"":44,""dy"":23,""t"":2282},{""x"":529,""y"":301,""dx"":38,""dy"":20,""t"":2317},{""x"":543,""y"":291,""dx"":52,""dy"":10,""t"":2350},{""x"":559,""y"":305,""dx"":68,""dy"":24,""t"":2384},{""x"":563,""y"":321,""dx"":72,""dy"":40,""t"":2418},{""x"":557,""y"":316,""dx"":66,""dy"":35,""t"":2451},{""x"":568,""y"":318,""dx"":77,""dy"":37,""t"":2485},{""x"":572,""y"":326,""dx"":81,""dy"":45,""t"":2519},{""x"":576,""y"":319,""dx"":85,""dy"":38,""t"":2554},{""x"":578,""y"":319,""dx"":87,""dy"":38,""t"":2586},{""x"":572,""y"":342,""dx"":81,""dy"":61,""t"":2623},{""x"":550,""y"":321,""dx"":59,""dy"":40,""t"":2656},{""x"":552,""y"":329,""dx"":61,""dy"":48,""t"":2689},{""x"":546,""y"":329,""dx"":55,""dy"":48,""t"":2725},{""x"":541,""y"":326,""dx"":50,""dy"":45,""t"":2758},{""x"":535,""y"":317,""dx"":44,""dy"":36,""t"":2791},{""x"":531,""y"":332,""dx"":40,""dy"":51,""t"":2826},{""x"":540,""y"":326,""dx"":49,""dy"":45,""t"":2860},{""x"":531,""y"":319,""dx"":40,""dy"":38,""t"":2893},{""x"":541,""y"":299,""dx"":50,""dy"":18,""t"":2928},{""x"":561,""y"":303,""dx"":70,""dy"":22,""t"":2963},{""x"":579,""y"":308,""dx"":88,""dy"":27,""t"":2994}],[{""x"":1389,""y"":351,""dx"":-62,""dy"":70,""t"":4017},{""x"":1415,""y"":361,""dx"":-36,""dy"":80,""t"":4051},{""x"":1393,""y"":346,""dx"":-58,""dy"":65,""t"":4084},{""x"":1342,""y"":345,""dx"":-109,""dy"":64,""t"":4118},{""x"":1306,""y"":353,""dx"":-145,""dy"":72,""t"":4152},{""x"":1293,""y"":388,""dx"":-158,""dy"":107,""t"":4183},{""x"":1282,""y"":391,""dx"":-169,""dy"":110,""t"":4220},{""x"":1292,""y"":398,""dx"":-159,""dy"":117,""t"":4255},{""x"":1309,""y"":426,""dx"":-142,""dy"":145,""t"":4288},{""x"":1351,""y"":413,""dx"":-100,""dy"":132,""t"":4322},{""x"":1310,""y"":398,""dx"":-141,""dy"":117,""t"":4356},{""x"":1286,""y"":401,""dx"":-165,""dy"":120,""t"":4389},{""x"":1260,""y"":388,""dx"":-191,""dy"":107,""t"":4424},{""x"":1260,""y"":392,""dx"":-191,""dy"":111,""t"":4458},{""x"":1260,""y"":406,""dx"":-191,""dy"":125,""t"":4492},{""x"":1280,""y"":416,""dx"":-171,""dy"":135,""t"":4525},{""x"":1266,""y"":421,""dx"":-185,""dy"":140,""t"":4560},{""x"":1241,""y"":407,""dx"":-210,""dy"":126,""t"":4592},{""x"":1237,""y"":403,""dx"":-214,""dy"":122,""t"":4628},{""x"":1304,""y"":379,""dx"":-147,""dy"":98,""t"":4661},{""x"":1359,""y"":377,""dx"":-92,""dy"":96,""t"":4696},{""x"":1360,""y"":364,""dx"":-91,""dy"":83,""t"":4730},{""x"":1376,""y"":352,""dx"":-75,""dy"":71,""t"":4764},{""x"":1365,""y"":357,""dx"":-86,""dy"":76,""t"":4797},{""x"":1370,""y"":333,""dx"":-81,""dy"":52,""t"":4832},{""x"":1390,""y"":343,""dx"":-61,""dy"":62,""t"":4868},{""x"":1400,""y"":340,""dx"":-51,""dy"":59,""t"":4900},{""x"":1399,""y"":343,""dx"":-52,""dy"":62,""t"":4935},{""x"":1412,""y"":335,""dx"":-39,""dy"":54,""t"":4968},{""x"":1395,""y"":327,""dx"":-56,""dy"":46,""t"":5002},{""x"":1391,""y"":333,""dx"":-60,""dy"":52,""t"":5036},{""x"":1402,""y"":328,""dx"":-49,""dy"":47,""t"":5069},{""x"":1397,""y"":321,""dx"":-54,""dy"":40,""t"":5104},{""x"":1385,""y"":328,""dx"":-66,""dy"":47,""t"":5138},{""x"":1397,""y"":312,""dx"":-54,""dy"":31,""t"":5172},{""x"":1395,""y"":307,""dx"":-56,""dy"":26,""t"":5205},{""x"":1412,""y"":280,""dx"":-39,""dy"":-1,""t"":5241},{""x"":1407,""y"":292,""dx"":-44,""dy"":11,""t"":5275},{""x"":1385,""y"":306,""dx"":-66,""dy"":25,""t"":5308},{""x"":1415,""y"":303,""dx"":-36,""dy"":22,""t"":5342},{""x"":1408,""y"":298,""dx"":-43,""dy"":17,""t"":5376},{""x"":1366,""y"":296,""dx"":-85,""dy"":15,""t"":5410},{""x"":1348,""y"":308,""dx"":-103,""dy"":27,""t"":5444},{""x"":1371,""y"":289,""dx"":-80,""dy"":8,""t"":5479},{""x"":1370,""y"":310,""dx"":-81,""dy"":29,""t"":5512},{""x"":1349,""y"":332,""dx"":-102,""dy"":51,""t"":5546},{""x"":1332,""y"":349,""dx"":-119,""dy"":68,""t"":5580},{""x"":1371,""y"":328,""dx"":-80,""dy"":47,""t"":5614},{""x"":1339,""y"":334,""dx"":-112,""dy"":53,""t"":5648},{""x"":1296,""y"":369,""dx"":-155,""dy"":88,""t"":5682},{""x"":1273,""y"":363,""dx"":-178,""dy"":82,""t"":5716},{""x"":1267,""y"":359,""dx"":-184,""dy"":78,""t"":5750},{""x"":1261,""y"":368,""dx"":-190,""dy"":87,""t"":5784},{""x"":1273,""y"":362,""dx"":-178,""dy"":81,""t"":5819},{""x"":1258,""y"":359,""dx"":-193,""dy"":78,""t"":5853},{""x"":1247,""y"":367,""dx"":-204,""dy"":86,""t"":5886},{""x"":1281,""y"":357,""dx"":-170,""dy"":76,""t"":5919},{""x"":1298,""y"":348,""dx"":-153,""dy"":67,""t"":5953},{""x"":1298,""y"":356,""dx"":-153,""dy"":75,""t"":5989}],[{""x"":980,""y"":567,""dx"":9,""dy"":16,""t"":7008},{""x"":1004,""y"":566,""dx"":33,""dy"":15,""t"":7042},{""x"":1008,""y"":563,""dx"":37,""dy"":12,""t"":7076},{""x"":1011,""y"":556,""dx"":40,""dy"":5,""t"":7110},{""x"":1013,""y"":554,""dx"":42,""dy"":3,""t"":7144},{""x"":1018,""y"":551,""dx"":47,""dy"":0,""t"":7178},{""x"":1020,""y"":554,""dx"":49,""dy"":3,""t"":7212},{""x"":1015,""y"":576,""dx"":44,""dy"":25,""t"":7277},{""x"":1015,""y"":586,""dx"":44,""dy"":35,""t"":7286},{""x"":1008,""y"":602,""dx"":37,""dy"":51,""t"":7311},{""x"":1011,""y"":619,""dx"":40,""dy"":68,""t"":7348},{""x"":1025,""y"":618,""dx"":54,""dy"":67,""t"":7382},{""x"":1046,""y"":626,""dx"":75,""dy"":75,""t"":7417},{""x"":1045,""y"":619,""dx"":74,""dy"":68,""t"":7450},{""x"":1030,""y"":630,""dx"":59,""dy"":79,""t"":7484},{""x"":1021,""y"":631,""dx"":50,""dy"":80,""t"":7519},{""x"":1029,""y"":626,""dx"":58,""dy"":75,""t"":7552},{""x"":1046,""y"":623,""dx"":75,""dy"":72,""t"":7586},{""x"":1057,""y"":620,""dx"":86,""dy"":69,""t"":7620},{""x"":1070,""y"":619,""dx"":99,""dy"":68,""t"":7653},{""x"":1066,""y"":601,""dx"":95,""dy"":50,""t"":7688},{""x"":1067,""y"":593,""dx"":96,""dy"":42,""t"":7721},{""x"":1056,""y"":576,""dx"":85,""dy"":25,""t"":7754},{""x"":1047,""y"":586,""dx"":76,""dy"":35,""t"":7790},{""x"":1047,""y"":585,""dx"":76,""dy"":34,""t"":7824},{""x"":1056,""y"":579,""dx"":85,""dy"":28,""t"":7859},{""x"":1028,""y"":577,""dx"":57,""dy"":26,""t"":7892},{""x"":994,""y"":576,""dx"":23,""dy"":25,""t"":7925},{""x"":1014,""y"":590,""dx"":43,""dy"":39,""t"":7962},{""x"":1027,""y"":592,""dx"":56,""dy"":41,""t"":7993},{""x"":1026,""y"":581,""dx"":55,""dy"":30,""t"":8028},{""x"":1035,""y"":581,""dx"":64,""dy"":30,""t"":8062},{""x"":1027,""y"":588,""dx"":56,""dy"":37,""t"":8097},{""x"":1021,""y"":589,""dx"":50,""dy"":38,""t"":8130},{""x"":1021,""y"":589,""dx"":50,""dy"":38,""t"":8162},{""x"":1013,""y"":592,""dx"":42,""dy"":41,""t"":8197},{""x"":993,""y"":598,""dx"":22,""dy"":47,""t"":8232},{""x"":1002,""y"":582,""dx"":31,""dy"":31,""t"":8266},{""x"":1005,""y"":568,""dx"":34,""dy"":17,""t"":8301},{""x"":1001,""y"":566,""dx"":30,""dy"":15,""t"":8334},{""x"":995,""y"":556,""dx"":24,""dy"":5,""t"":8370},{""x"":994,""y"":559,""dx"":23,""dy"":8,""t"":8403},{""x"":981,""y"":544,""dx"":10,""dy"":-7,""t"":8436},{""x"":995,""y"":567,""dx"":24,""dy"":16,""t"":8470},{""x"":994,""y"":568,""dx"":23,""dy"":17,""t"":8503},{""x"":984,""y"":577,""dx"":13,""dy"":26,""t"":8538},{""x"":979,""y"":566,""dx"":8,""dy"":15,""t"":8572},{""x"":1001,""y"":576,""dx"":30,""dy"":25,""t"":8607},{""x"":986,""y"":575,""dx"":15,""dy"":24,""t"":8640},{""x"":1007,""y"":584,""dx"":36,""dy"":33,""t"":8674},{""x"":1005,""y"":577,""dx"":34,""dy"":26,""t"":8708},{""x"":1019,""y"":572,""dx"":48,""dy"":21,""t"":8742},{""x"":1030,""y"":574,""dx"":59,""dy"":23,""t"":8775},{""x"":1048,""y"":581,""dx"":77,""dy"":30,""t"":8810},{""x"":1051,""y"":592,""dx"":80,""dy"":41,""t"":8844},{""x"":1035,""y"":594,""dx"":64,""dy"":43,""t"":8878},{""x"":1019,""y"":571,""dx"":48,""dy"":20,""t"":8912},{""x"":1017,""y"":570,""dx"":46,""dy"":19,""t"":8947},{""x"":1023,""y"":562,""dx"":52,""dy"":11,""t"":8980},{""x"":1026,""y"":570,""dx"":55,""dy"":19,""t"":9014}],[{""x"":515,""y"":805,""dx"":24,""dy"":-16,""t"":10034},{""x"":519,""y"":808,""dx"":28,""dy"":-13,""t"":10069},{""x"":535,""y"":798,""dx"":44,""dy"":-23,""t"":10101},{""x"":544,""y"":786,""dx"":53,""dy"":-35,""t"":10136},{""x"":559,""y"":809,""dx"":68,""dy"":-12,""t"":10170},{""x"":579,""y"":829,""dx"":88,""dy"":8,""t"":10204},{""x"":585,""y"":836,""dx"":94,""dy"":15,""t"":10238},{""x"":586,""y"":834,""dx"":95,""dy"":13,""t"":10272},{""x"":582,""y"":850,""dx"":91,""dy"":29,""t"":10306},{""x"":587,""y"":859,""dx"":96,""dy"":38,""t"":10341},{""x"":585,""y"":861,""dx"":94,""dy"":40,""t"":10373},{""x"":590,""y"":853,""dx"":99,""dy"":32,""t"":10410},{""x"":596,""y"":845,""dx"":105,""dy"":24,""t"":10442},{""x"":608,""y"":856,""dx"":117,""dy"":35,""t"":10476},{""x"":593,""y"":791,""dx"":102,""dy"":-30,""t"":10510},{""x"":599,""y"":806,""dx"":108,""dy"":-15,""t"":10544},{""x"":589,""y"":823,""dx"":98,""dy"":2,""t"":10577},{""x"":596,""y"":780,""dx"":105,""dy"":-41,""t"":10612},{""x"":605,""y"":797,""dx"":114,""dy"":-24,""t"":10646},{""x"":605,""y"":811,""dx"":114,""dy"":-10,""t"":10680},{""x"":596,""y"":824,""dx"":105,""dy"":3,""t"":10714},{""x"":599,""y"":828,""dx"":108,""dy"":7,""t"":10748},{""x"":591,""y"":838,""dx"":100,""dy"":17,""t"":10782},{""x"":578,""y"":843,""dx"":87,""dy"":22,""t"":10816},{""x"":568,""y"":862,""dx"":77,""dy"":41,""t"":10850},{""x"":571,""y"":841,""dx"":80,""dy"":20,""t"":10883},{""x"":573,""y"":839,""dx"":82,""dy"":18,""t"":10917},{""x"":568,""y"":830,""dx"":77,""dy"":9,""t"":10952},{""x"":580,""y"":837,""dx"":89,""dy"":16,""t"":10986},{""x"":592,""y"":854,""dx"":101,""dy"":33,""t"":11020},{""x"":600,""y"":847,""dx"":109,""dy"":26,""t"":11054},{""x"":623,""y"":852,""dx"":132,""dy"":31,""t"":11087},{""x"":639,""y"":864,""dx"":148,""dy"":43,""t"":11121},{""x"":626,""y"":868,""dx"":135,""dy"":47,""t"":11155},{""x"":618,""y"":877,""dx"":127,""dy"":56,""t"":11191},{""x"":593,""y"":863,""dx"":102,""dy"":42,""t"":11225},{""x"":586,""y"":857,""dx"":95,""dy"":36,""t"":11257},{""x"":580,""y"":852,""dx"":89,""dy"":31,""t"":11290},{""x"":582,""y"":847,""dx"":91,""dy"":26,""t"":11325},{""x"":553,""y"":829,""dx"":62,""dy"":8,""t"":11360},{""x"":554,""y"":858,""dx"":63,""dy"":37,""t"":11394},{""x"":556,""y"":839,""dx"":65,""dy"":18,""t"":11428},{""x"":564,""y"":844,""dx"":73,""dy"":23,""t"":11461},{""x"":571,""y"":838,""dx"":80,""dy"":17,""t"":11497},{""x"":571,""y"":830,""dx"":80,""dy"":9,""t"":11530},{""x"":553,""y"":820,""dx"":62,""dy"":-1,""t"":11564},{""x"":559,""y"":822,""dx"":68,""dy"":1,""t"":11598},{""x"":560,""y"":810,""dx"":69,""dy"":-11,""t"":11632},{""x"":559,""y"":802,""dx"":68,""dy"":-19,""t"":11666},{""x"":559,""y"":795,""dx"":68,""dy"":-26,""t"":11698},{""x"":555,""y"":782,""dx"":64,""dy"":-39,""t"":11733},{""x"":550,""y"":776,""dx"":59,""dy"":-45,""t"":11769},{""x"":541,""y"":757,""dx"":50,""dy"":-64,""t"":11802},{""x"":606,""y"":800,""dx"":115,""dy"":-21,""t"":11836},{""x"":607,""y"":793,""dx"":116,""dy"":-28,""t"":11870},{""x"":599,""y"":746,""dx"":108,""dy"":-75,""t"":11905},{""x"":597,""y"":752,""dx"":106,""dy"":-69,""t"":11938},{""x"":614,""y"":791,""dx"":123,""dy"":-30,""t"":11972},{""x"":613,""y"":814,""dx"":122,""dy"":-7,""t"":12006},{""x"":597,""y"":803,""dx"":106,""dy"":-18,""t"":12040}],[{""x"":1372,""y"":715,""dx"":-79,""dy"":-106,""t"":13059},{""x"":1375,""y"":693,""dx"":-76,""dy"":-128,""t"":13093},{""x"":1356,""y"":677,""dx"":-95,""dy"":-144,""t"":13128},{""x"":1357,""y"":684,""dx"":-94,""dy"":-137,""t"":13162},{""x"":1348,""y"":690,""dx"":-103,""dy"":-131,""t"":13196},{""x"":1358,""y"":682,""dx"":-93,""dy"":-139,""t"":13230},{""x"":1352,""y"":672,""dx"":-99,""dy"":-149,""t"":13265},{""x"":1346,""y"":665,""dx"":-105,""dy"":-156,""t"":13295},{""x"":1344,""y"":663,""dx"":-107,""dy"":-158,""t"":13332},{""x"":1335,""y"":724,""dx"":-116,""dy"":-97,""t"":13366},{""x"":1323,""y"":768,""dx"":-128,""dy"":-53,""t"":13400},{""x"":1322,""y"":763,""dx"":-129,""dy"":-58,""t"":13434},{""x"":1310,""y"":749,""dx"":-141,""dy"":-72,""t"":13469},{""x"":1308,""y"":730,""dx"":-143,""dy"":-91,""t"":13503},{""x"":1305,""y"":775,""dx"":-146,""dy"":-46,""t"":13536},{""x"":1307,""y"":782,""dx"":-144,""dy"":-39,""t"":13570},{""x"":1301,""y"":767,""dx"":-150,""dy"":-54,""t"":13604},{""x"":1298,""y"":759,""dx"":-153,""dy"":-62,""t"":13638},{""x"":1292,""y"":793,""dx"":-159,""dy"":-28,""t"":13671},{""x"":1284,""y"":769,""dx"":-167,""dy"":-52,""t"":13706},{""x"":1278,""y"":800,""dx"":-173,""dy"":-21,""t"":13741},{""x"":1300,""y"":772,""dx"":-151,""dy"":-49,""t"":13775},{""x"":1315,""y"":749,""dx"":-136,""dy"":-72,""t"":13808},{""x"":1325,""y"":736,""dx"":-126,""dy"":-85,""t"":13842},{""x"":1344,""y"":738,""dx"":-107,""dy"":-83,""t"":13878},{""x"":1346,""y"":734,""dx"":-105,""dy"":-87,""t"":13910},{""x"":1346,""y"":739,""dx"":-105,""dy"":-82,""t"":13944},{""x"":1362,""y"":720,""dx"":-89,""dy"":-101,""t"":13978},{""x"":1355,""y"":725,""dx"":-96,""dy"":-96,""t"":14012},{""x"":1347,""y"":727,""dx"":-104,""dy"":-94,""t"":14046},{""x"":1365,""y"":713,""dx"":-86,""dy"":-108,""t"":14079},{""x"":1347,""y"":713,""dx"":-104,""dy"":-108,""t"":14114},{""x"":1352,""y"":731,""dx"":-99,""dy"":-90,""t"":14148},{""x"":1368,""y"":719,""dx"":-83,""dy"":-102,""t"":14182},{""x"":1350,""y"":710,""dx"":-101,""dy"":-111,""t"":14215},{""x"":1349,""y"":749,""dx"":-102,""dy"":-72,""t"":14249},{""x"":1346,""y"":739,""dx"":-105,""dy"":-82,""t"":14284},{""x"":1347,""y"":776,""dx"":-104,""dy"":-45,""t"":14319},{""x"":1343,""y"":771,""dx"":-108,""dy"":-50,""t"":14352},{""x"":1344,""y"":770,""dx"":-107,""dy"":-51,""t"":14387},{""x"":1336,""y"":753,""dx"":-115,""dy"":-68,""t"":14419},{""x"":1319,""y"":793,""dx"":-132,""dy"":-28,""t"":14453},{""x"":1315,""y"":790,""dx"":-136,""dy"":-31,""t"":14487},{""x"":1306,""y"":832,""dx"":-145,""dy"":11,""t"":14521},{""x"":1308,""y"":810,""dx"":-143,""dy"":-11,""t"":14556},{""x"":1309,""y"":785,""dx"":-142,""dy"":-36,""t"":14589},{""x"":1307,""y"":774,""dx"":-144,""dy"":-47,""t"":14624},{""x"":1294,""y"":756,""dx"":-157,""dy"":-65,""t"":14658},{""x"":1311,""y"":739,""dx"":-140,""dy"":-82,""t"":14692},{""x"":1224,""y"":770,""dx"":-227,""dy"":-51,""t"":14725},{""x"":1157,""y"":785,""dx"":-294,""dy"":-36,""t"":14760},{""x"":1121,""y"":825,""dx"":-330,""dy"":4,""t"":14794},{""x"":1093,""y"":841,""dx"":-358,""dy"":20,""t"":14829},{""x"":1073,""y"":854,""dx"":-378,""dy"":33,""t"":14859},{""x"":1048,""y"":861,""dx"":-403,""dy"":40,""t"":14896},{""x"":1024,""y"":855,""dx"":-427,""dy"":34,""t"":14930},{""x"":1032,""y"":841,""dx"":-419,""dy"":20,""t"":14964},{""x"":1048,""y"":829,""dx"":-403,""dy"":8,""t"":14998},{""x"":1025,""y"":834,""dx"":-426,""dy"":13,""t"":15032}]]","[100,77.96610169491525,100,100,83.05084745762711]","[{""x"":52.21666666666667,""y"":27.05,""r"":37.43310973851867},{""x"":-113.8135593220339,""y"":71.8135593220339,""r"":63.90327724214698},{""x"":49.11666666666667,""y"":32.833333333333336,""r"":41.27957994564808},{""x"":89.96666666666667,""y"":3.35,""r"":45.70926026310073},{""x"":-161.64406779661016,""y"":-63.74576271186441,""r"":60.615527480916256}]","[[25,25],[75,25],[50,50],[25,75],[75,75]]","29.42","validate","","","","","","","","","",""
"","html-keyboard-response","9","58027","0.0-5.0-0.0","","","","","2727"," ","","","<p>识别实验：试验都以 500 毫秒的固定时间开始，然后会有一个 500 毫秒的fixation，接下来是100毫秒的单个项目展示，500毫秒的空白间隔后，会呈现一个多个项目的阵列。</p> <p>要求：记忆单个项目，并在多个项目阵列中快速找到，并根据数字键盘进行选择响应。</p><p>按"" ""键继续，实验开始。</p>","","","","","","","","","","","","","","","",""
"","html-keyboard-response","10","59235","0.0-5.0-1.0","","","","","707"," ","","","<p>本次试验包含2个刺激物。根据数字键盘的 "" 4 "","" 6 ""进行选择响应,如果不记得或者不存在选择"" 5 ""。</p> <p>按"" ""键继续，实验开始。</p>","","","","","","","","","","","","","","","",""
"","html-keyboard-response","11","60466","0.0-5.0-2.0","","","","","731"," ","","","<p>要求：记忆项目的形状。</p><p>按"" ""键继续，实验开始。</p>","","","","","","","","","","","","","","","",""
"","canvas-keyboard-response","12","61477","0.0-5.0-3.0-0.0","","","","","null","null","","","","","","","","","recognition","[""5"",""6"",""5"",""6"",""6"",""4"",""5"",""4"",""4"",""5"",""6"",""5"",""6"",""4"",""5"",""4"",""6"",""4"",""6"",""5"",""5"",""4"",""4"",""6"",""6"",""4"",""5"",""5"",""5"",""4"",""4"",""6"",""6"",""6"",""5"",""4""]","1500","2","shape","","","","","",""
"","canvas-keyboard-response","13","61588","0.0-5.0-3.0-1.0","","","","","null","null","","","","","","","","","recognition","[""5"",""6"",""5"",""6"",""6"",""4"",""5"",""4"",""4"",""5"",""6"",""5"",""6"",""4"",""5"",""4"",""6"",""4"",""6"",""5"",""5"",""4"",""4"",""6"",""6"",""4"",""5"",""5"",""5"",""4"",""4"",""6"",""6"",""6"",""5"",""4""]","1500","2","shape","","","","","",""
"","canvas-keyboard-response","14","63795","0.0-5.0-3.0-2.0","","","","","697","5","","","[""triangle"",""circle""]","","","","","","","","","","","[{""x"":1063,""y"":688,""t"":5},{""x"":1018,""y"":582,""t"":40},{""x"":1019,""y"":608,""t"":75},{""x"":1019,""y"":548,""t"":107},{""x"":1009,""y"":495,""t"":141},{""x"":1010,""y"":455,""t"":175},{""x"":1017,""y"":435,""t"":208},{""x"":1049,""y"":424,""t"":243},{""x"":1056,""y"":416,""t"":276},{""x"":1060,""y"":413,""t"":310},{""x"":1071,""y"":422,""t"":344},{""x"":1096,""y"":443,""t"":378},{""x"":1021,""y"":436,""t"":412},{""x"":952,""y"":418,""t"":446},{""x"":895,""y"":403,""t"":477},{""x"":847,""y"":411,""t"":514},{""x"":831,""y"":415,""t"":548},{""x"":828,""y"":449,""t"":583},{""x"":867,""y"":519,""t"":616},{""x"":925,""y"":720,""t"":650}]","{""#container"":{""x"":410,""y"":54.390625,""width"":1100,""height"":1000,""top"":54.390625,""right"":1510,""bottom"":1054.390625,""left"":410}}","rect","5","true","[{""x"":250,""y"":500,""width"":92,""height"":92,""top"":454,""right"":296,""bottom"":546,""left"":204},{""x"":850,""y"":500,""width"":80,""height"":80,""top"":460,""right"":890,""bottom"":540,""left"":810}]"
"","canvas-keyboard-response","15","64804","0.0-5.0-3.0-0.1","","","","","null","null","","","","","","","","","recognition","[""5"",""6"",""5"",""6"",""6"",""4"",""5"",""4"",""4"",""5"",""6"",""5"",""6"",""4"",""5"",""4"",""6"",""4"",""6"",""5"",""5"",""4"",""4"",""6"",""6"",""4"",""5"",""5"",""5"",""4"",""4"",""6"",""6"",""6"",""5"",""4""]","1500","2","shape","","","","","",""
"","canvas-keyboard-response","16","64912","0.0-5.0-3.0-1.1","","","","","null","null","","","","","","","","","recognition","[""5"",""6"",""5"",""6"",""6"",""4"",""5"",""4"",""4"",""5"",""6"",""5"",""6"",""4"",""5"",""4"",""6"",""4"",""6"",""5"",""5"",""4"",""4"",""6"",""6"",""4"",""5"",""5"",""5"",""4"",""4"",""6"",""6"",""6"",""5"",""4""]","1500","2","shape","","","","","",""
"","canvas-keyboard-response","17","67027","0.0-5.0-3.0-2.1","","","","","599","6","","","[""circle"",""triangle""]","","","","","","","","","","","[{""x"":1003,""y"":833,""t"":4},{""x"":1018,""y"":777,""t"":45},{""x"":1026,""y"":714,""t"":80},{""x"":1024,""y"":663,""t"":110},{""x"":1039,""y"":613,""t"":140},{""x"":1054,""y"":588,""t"":175},{""x"":1072,""y"":572,""t"":208},{""x"":1085,""y"":563,""t"":242},{""x"":1076,""y"":545,""t"":276},{""x"":1060,""y"":536,""t"":310},{""x"":1049,""y"":510,""t"":344},{""x"":1131,""y"":521,""t"":377},{""x"":1203,""y"":528,""t"":412},{""x"":1252,""y"":529,""t"":446},{""x"":1298,""y"":531,""t"":480},{""x"":1327,""y"":540,""t"":515},{""x"":1357,""y"":535,""t"":548}]","{""#container"":{""x"":410,""y"":54.390625,""width"":1100,""height"":1000,""top"":54.390625,""right"":1510,""bottom"":1054.390625,""left"":410}}","triangle","6","true","[{""x"":250,""y"":500,""width"":80,""height"":80,""top"":460,""right"":290,""bottom"":540,""left"":210},{""x"":850,""y"":500,""width"":92,""height"":92,""top"":454,""right"":896,""bottom"":546,""left"":804}]"
"","canvas-keyboard-response","18","68045","0.0-5.0-3.0-0.2","","","","","null","null","","","","","","","","","recognition","[""5"",""6"",""5"",""6"",""6"",""4"",""5"",""4"",""4"",""5"",""6"",""5"",""6"",""4"",""5"",""4"",""6"",""4"",""6"",""5"",""5"",""4"",""4"",""6"",""6"",""4"",""5"",""5"",""5"",""4"",""4"",""6"",""6"",""6"",""5"",""4""]","1500","2","shape","","","","","",""
"","canvas-keyboard-response","19","68154","0.0-5.0-3.0-1.2","","","","","null","null","","","","","","","","","recognition","[""5"",""6"",""5"",""6"",""6"",""4"",""5"",""4"",""4"",""5"",""6"",""5"",""6"",""4"",""5"",""4"",""6"",""4"",""6"",""5"",""5"",""4"",""4"",""6"",""6"",""4"",""5"",""5"",""5"",""4"",""4"",""6"",""6"",""6"",""5"",""4""]","1500","2","shape","","","","","",""
"","canvas-keyboard-response","20","70625","0.0-5.0-3.0-2.2","","","","","962","5","","","[""triangle"",""circle""]","","","","","","","","","","","[{""x"":1351,""y"":536,""t"":5},{""x"":1300,""y"":543,""t"":46},{""x"":1220,""y"":550,""t"":77},{""x"":1171,""y"":546,""t"":108},{""x"":1153,""y"":544,""t"":142},{""x"":1149,""y"":557,""t"":174},{""x"":1113,""y"":551,""t"":208},{""x"":1105,""y"":557,""t"":242},{""x"":1097,""y"":558,""t"":276},{""x"":1099,""y"":566,""t"":310},{""x"":1109,""y"":565,""t"":343},{""x"":1146,""y"":586,""t"":378},{""x"":1187,""y"":606,""t"":413},{""x"":1217,""y"":618,""t"":446},{""x"":1250,""y"":633,""t"":480},{""x"":1249,""y"":680,""t"":514},{""x"":1252,""y"":816,""t"":548},{""x"":1233,""y"":945,""t"":582},{""x"":1224,""y"":1058,""t"":615},{""x"":1207,""y"":1163,""t"":649},{""x"":1185,""y"":1144,""t"":692},{""x"":1152,""y"":1070,""t"":719},{""x"":1125,""y"":1000,""t"":753},{""x"":1116,""y"":903,""t"":786},{""x"":1104,""y"":809,""t"":819},{""x"":1106,""y"":731,""t"":854},{""x"":1100,""y"":668,""t"":889},{""x"":1091,""y"":613,""t"":922}]","{""#container"":{""x"":410,""y"":54.390625,""width"":1100,""height"":1000,""top"":54.390625,""right"":1510,""bottom"":1054.390625,""left"":410}}","rect","5","true","[{""x"":250,""y"":500,""width"":92,""height"":92,""top"":454,""right"":296,""bottom"":546,""left"":204},{""x"":850,""y"":500,""width"":80,""height"":80,""top"":460,""right"":890,""bottom"":540,""left"":810}]"
"","canvas-keyboard-response","21","71635","0.0-5.0-3.0-0.3","","","","","null","null","","","","","","","","","recognition","[""5"",""6"",""5"",""6"",""6"",""4"",""5"",""4"",""4"",""5"",""6"",""5"",""6"",""4"",""5"",""4"",""6"",""4"",""6"",""5"",""5"",""4"",""4"",""6"",""6"",""4"",""5"",""5"",""5"",""4"",""4"",""6"",""6"",""6"",""5"",""4""]","1500","2","shape","","","","","",""
"","canvas-keyboard-response","22","71749","0.0-5.0-3.0-1.3","","","","","null","null","","","","","","","","","recognition","[""5"",""6"",""5"",""6"",""6"",""4"",""5"",""4"",""4"",""5"",""6"",""5"",""6"",""4"",""5"",""4"",""6"",""4"",""6"",""5"",""5"",""4"",""4"",""6"",""6"",""4"",""5"",""5"",""5"",""4"",""4"",""6"",""6"",""6"",""5"",""4""]","1500","2","shape","","","","","",""
"","canvas-keyboard-response","23","73763","0.0-5.0-3.0-2.3","","","","","506","6","","","[""triangle"",""circle""]","","","","","","","","","","","[{""x"":1098,""y"":540,""t"":4},{""x"":1100,""y"":534,""t"":42},{""x"":1113,""y"":522,""t"":77},{""x"":1143,""y"":524,""t"":111},{""x"":1144,""y"":525,""t"":140},{""x"":1137,""y"":532,""t"":175},{""x"":1117,""y"":527,""t"":208},{""x"":1121,""y"":537,""t"":242},{""x"":1140,""y"":538,""t"":276},{""x"":1148,""y"":538,""t"":310},{""x"":1138,""y"":532,""t"":344},{""x"":1159,""y"":630,""t"":377},{""x"":1169,""y"":777,""t"":412},{""x"":1190,""y"":885,""t"":446},{""x"":1193,""y"":956,""t"":480}]","{""#container"":{""x"":410,""y"":54.390625,""width"":1100,""height"":1000,""top"":54.390625,""right"":1510,""bottom"":1054.390625,""left"":410}}","circle","6","true","[{""x"":250,""y"":500,""width"":92,""height"":92,""top"":454,""right"":296,""bottom"":546,""left"":204},{""x"":850,""y"":500,""width"":80,""height"":80,""top"":460,""right"":890,""bottom"":540,""left"":810}]"
"","canvas-keyboard-response","24","74771","0.0-5.0-3.0-0.4","","","","","null","null","","","","","","","","","recognition","[""5"",""6"",""5"",""6"",""6"",""4"",""5"",""4"",""4"",""5"",""6"",""5"",""6"",""4"",""5"",""4"",""6"",""4"",""6"",""5"",""5"",""4"",""4"",""6"",""6"",""4"",""5"",""5"",""5"",""4"",""4"",""6"",""6"",""6"",""5"",""4""]","1500","2","shape","","","","","",""
"","canvas-keyboard-response","25","74879","0.0-5.0-3.0-1.4","","","","","null","null","","","","","","","","","recognition","[""5"",""6"",""5"",""6"",""6"",""4"",""5"",""4"",""4"",""5"",""6"",""5"",""6"",""4"",""5"",""4"",""6"",""4"",""6"",""5"",""5"",""4"",""4"",""6"",""6"",""4"",""5"",""5"",""5"",""4"",""4"",""6"",""6"",""6"",""5"",""4""]","1500","2","shape","","","","","",""
"","canvas-keyboard-response","26","77005","0.0-5.0-3.0-2.4","","","","","609","6","","","[""triangle"",""rect""]","","","","","","","","","","","[{""x"":1165,""y"":1020,""t"":4},{""x"":1138,""y"":1076,""t"":46},{""x"":1117,""y"":1071,""t"":76},{""x"":1099,""y"":1086,""t"":107},{""x"":1112,""y"":1096,""t"":141},{""x"":1123,""y"":1091,""t"":176},{""x"":1146,""y"":1091,""t"":208},{""x"":1169,""y"":1093,""t"":242},{""x"":1171,""y"":1086,""t"":278},{""x"":1199,""y"":1075,""t"":310},{""x"":1204,""y"":1065,""t"":344},{""x"":1230,""y"":1077,""t"":378},{""x"":1295,""y"":1068,""t"":414},{""x"":1336,""y"":1003,""t"":447},{""x"":1380,""y"":927,""t"":480},{""x"":1436,""y"":852,""t"":514},{""x"":1467,""y"":820,""t"":548},{""x"":1484,""y"":784,""t"":582}]","{""#container"":{""x"":410,""y"":54.390625,""width"":1100,""height"":1000,""top"":54.390625,""right"":1510,""bottom"":1054.390625,""left"":410}}","rect","6","true","[{""x"":250,""y"":500,""width"":92,""height"":92,""top"":454,""right"":296,""bottom"":546,""left"":204},{""x"":850,""y"":500,""width"":80,""height"":80,""top"":460,""right"":890,""bottom"":540,""left"":810}]"
"","canvas-keyboard-response","27","78012","0.0-5.0-3.0-0.5","","","","","null","null","","","","","","","","","recognition","[""5"",""6"",""5"",""6"",""6"",""4"",""5"",""4"",""4"",""5"",""6"",""5"",""6"",""4"",""5"",""4"",""6"",""4"",""6"",""5"",""5"",""4"",""4"",""6"",""6"",""4"",""5"",""5"",""5"",""4"",""4"",""6"",""6"",""6"",""5"",""4""]","1500","2","shape","","","","","",""
"","canvas-keyboard-response","28","78132","0.0-5.0-3.0-1.5","","","","","null","null","","","","","","","","","recognition","[""5"",""6"",""5"",""6"",""6"",""4"",""5"",""4"",""4"",""5"",""6"",""5"",""6"",""4"",""5"",""4"",""6"",""4"",""6"",""5"",""5"",""4"",""4"",""6"",""6"",""4"",""5"",""5"",""5"",""4"",""4"",""6"",""6"",""6"",""5"",""4""]","1500","2","shape","","","","","",""
"","canvas-keyboard-response","29","80163","0.0-5.0-3.0-2.5","","","","","523","4","","","[""triangle"",""circle""]","","","","","","","","","","","[{""x"":1464,""y"":918,""t"":5},{""x"":1393,""y"":939,""t"":49},{""x"":1321,""y"":885,""t"":83},{""x"":1278,""y"":815,""t"":118},{""x"":1219,""y"":745,""t"":149},{""x"":1169,""y"":688,""t"":176},{""x"":1138,""y"":656,""t"":208},{""x"":1102,""y"":602,""t"":242},{""x"":1091,""y"":580,""t"":276},{""x"":1077,""y"":573,""t"":310},{""x"":1069,""y"":554,""t"":344},{""x"":984,""y"":496,""t"":377},{""x"":893,""y"":441,""t"":411},{""x"":836,""y"":404,""t"":447},{""x"":804,""y"":370,""t"":480}]","{""#container"":{""x"":410,""y"":54.390625,""width"":1100,""height"":1000,""top"":54.390625,""right"":1510,""bottom"":1054.390625,""left"":410}}","triangle","4","true","[{""x"":250,""y"":500,""width"":92,""height"":92,""top"":454,""right"":296,""bottom"":546,""left"":204},{""x"":850,""y"":500,""width"":80,""height"":80,""top"":460,""right"":890,""bottom"":540,""left"":810}]"
"","canvas-keyboard-response","30","81171","0.0-5.0-3.0-0.6","","","","","null","null","","","","","","","","","recognition","[""5"",""6"",""5"",""6"",""6"",""4"",""5"",""4"",""4"",""5"",""6"",""5"",""6"",""4"",""5"",""4"",""6"",""4"",""6"",""5"",""5"",""4"",""4"",""6"",""6"",""4"",""5"",""5"",""5"",""4"",""4"",""6"",""6"",""6"",""5"",""4""]","1500","2","shape","","","","","",""
"","canvas-keyboard-response","31","81277","0.0-5.0-3.0-1.6","","","","","null","null","","","","","","","","","recognition","[""5"",""6"",""5"",""6"",""6"",""4"",""5"",""4"",""4"",""5"",""6"",""5"",""6"",""4"",""5"",""4"",""6"",""4"",""6"",""5"",""5"",""4"",""4"",""6"",""6"",""4"",""5"",""5"",""5"",""4"",""4"",""6"",""6"",""6"",""5"",""4""]","1500","2","shape","","","","","",""
"","canvas-keyboard-response","32","83826","0.0-5.0-3.0-2.6","","","","","1031","5","","","[""rect"",""triangle""]","","","","","","","","","","","[{""x"":829,""y"":391,""t"":4},{""x"":909,""y"":414,""t"":43},{""x"":971,""y"":432,""t"":75},{""x"":1021,""y"":428,""t"":106},{""x"":1068,""y"":456,""t"":139},{""x"":1116,""y"":487,""t"":174},{""x"":1132,""y"":550,""t"":209},{""x"":1152,""y"":559,""t"":242},{""x"":1150,""y"":571,""t"":277},{""x"":1175,""y"":583,""t"":310},{""x"":1199,""y"":590,""t"":344},{""x"":1181,""y"":598,""t"":378},{""x"":1100,""y"":560,""t"":413},{""x"":1030,""y"":547,""t"":446},{""x"":979,""y"":509,""t"":481},{""x"":931,""y"":487,""t"":514},{""x"":871,""y"":458,""t"":549},{""x"":860,""y"":523,""t"":582},{""x"":838,""y"":503,""t"":616},{""x"":875,""y"":533,""t"":651},{""x"":901,""y"":550,""t"":683},{""x"":932,""y"":577,""t"":718},{""x"":957,""y"":600,""t"":751},{""x"":1018,""y"":613,""t"":787},{""x"":1028,""y"":623,""t"":820},{""x"":1053,""y"":644,""t"":855},{""x"":1057,""y"":630,""t"":888},{""x"":1074,""y"":633,""t"":922},{""x"":1083,""y"":616,""t"":955},{""x"":1080,""y"":597,""t"":990}]","{""#container"":{""x"":410,""y"":54.390625,""width"":1100,""height"":1000,""top"":54.390625,""right"":1510,""bottom"":1054.390625,""left"":410}}","circle","5","true","[{""x"":250,""y"":500,""width"":80,""height"":80,""top"":460,""right"":290,""bottom"":540,""left"":210},{""x"":850,""y"":500,""width"":92,""height"":92,""top"":454,""right"":896,""bottom"":546,""left"":804}]"
"","canvas-keyboard-response","33","84834","0.0-5.0-3.0-0.7","","","","","null","null","","","","","","","","","recognition","[""5"",""6"",""5"",""6"",""6"",""4"",""5"",""4"",""4"",""5"",""6"",""5"",""6"",""4"",""5"",""4"",""6"",""4"",""6"",""5"",""5"",""4"",""4"",""6"",""6"",""4"",""5"",""5"",""5"",""4"",""4"",""6"",""6"",""6"",""5"",""4""]","1500","2","shape","","","","","",""
"","canvas-keyboard-response","34","84944","0.0-5.0-3.0-1.7","","","","","null","null","","","","","","","","","recognition","[""5"",""6"",""5"",""6"",""6"",""4"",""5"",""4"",""4"",""5"",""6"",""5"",""6"",""4"",""5"",""4"",""6"",""4"",""6"",""5"",""5"",""4"",""4"",""6"",""6"",""4"",""5"",""5"",""5"",""4"",""4"",""6"",""6"",""6"",""5"",""4""]","1500","2","shape","","","","","",""
"","canvas-keyboard-response","35","87278","0.0-5.0-3.0-2.7","","","","","825","5","","","[""circle"",""rect""]","","","","","","","","","","","[{""x"":1085,""y"":612,""t"":5},{""x"":1072,""y"":595,""t"":40},{""x"":1065,""y"":579,""t"":73},{""x"":1059,""y"":566,""t"":103},{""x"":1055,""y"":565,""t"":140},{""x"":1033,""y"":563,""t"":173},{""x"":1034,""y"":571,""t"":208},{""x"":1017,""y"":537,""t"":241},{""x"":998,""y"":500,""t"":276},{""x"":978,""y"":462,""t"":310},{""x"":943,""y"":429,""t"":344},{""x"":934,""y"":405,""t"":379},{""x"":921,""y"":385,""t"":412},{""x"":914,""y"":386,""t"":446},{""x"":896,""y"":378,""t"":480},{""x"":901,""y"":385,""t"":513},{""x"":902,""y"":393,""t"":548},{""x"":912,""y"":386,""t"":582},{""x"":912,""y"":384,""t"":616},{""x"":945,""y"":401,""t"":650},{""x"":977,""y"":485,""t"":683},{""x"":1030,""y"":697,""t"":718},{""x"":1053,""y"":856,""t"":753},{""x"":1087,""y"":969,""t"":786}]","{""#container"":{""x"":410,""y"":54.390625,""width"":1100,""height"":1000,""top"":54.390625,""right"":1510,""bottom"":1054.390625,""left"":410}}","circle","4","false","[{""x"":250,""y"":500,""width"":80,""height"":80,""top"":460,""right"":290,""bottom"":540,""left"":210},{""x"":850,""y"":500,""width"":80,""height"":80,""top"":460,""right"":890,""bottom"":540,""left"":810}]"
"","html-keyboard-response","36","88282","0.0-5.0-3.0-3.7-0.7-0.7","","","","","null","null","","","<div id=""errorinfo"">Error</div>","","","","","","recognition","[""5"",""6"",""5"",""6"",""6"",""4"",""5"",""4"",""4"",""5"",""6"",""5"",""6"",""4"",""5"",""4"",""6"",""4"",""6"",""5"",""5"",""4"",""4"",""6"",""6"",""4"",""5"",""5"",""5"",""4"",""4"",""6"",""6"",""6"",""5"",""4""]","1500","2","shape","","","","","",""
"","canvas-keyboard-response","37","89290","0.0-5.0-3.0-0.8","","","","","null","null","","","","","","","","","recognition","[""5"",""6"",""5"",""6"",""6"",""4"",""5"",""4"",""4"",""5"",""6"",""5"",""6"",""4"",""5"",""4"",""6"",""4"",""6"",""5"",""5"",""4"",""4"",""6"",""6"",""4"",""5"",""5"",""5"",""4"",""4"",""6"",""6"",""6"",""5"",""4""]","1500","2","shape","","","","","",""
"","canvas-keyboard-response","38","89409","0.0-5.0-3.0-1.8","","","","","null","null","","","","","","","","","recognition","[""5"",""6"",""5"",""6"",""6"",""4"",""5"",""4"",""4"",""5"",""6"",""5"",""6"",""4"",""5"",""4"",""6"",""4"",""6"",""5"",""5"",""4"",""4"",""6"",""6"",""4"",""5"",""5"",""5"",""4"",""4"",""6"",""6"",""6"",""5"",""4""]","1500","2","shape","","","","","",""
"","canvas-keyboard-response","39","91411","0.0-5.0-3.0-2.8","","","","","492","4","","","[""rect"",""triangle""]","","","","","","","","","","","[{""x"":1081,""y"":881,""t"":5},{""x"":1072,""y"":794,""t"":44},{""x"":1046,""y"":721,""t"":75},{""x"":1033,""y"":664,""t"":106},{""x"":1026,""y"":612,""t"":140},{""x"":1018,""y"":558,""t"":175},{""x"":1006,""y"":513,""t"":208},{""x"":993,""y"":480,""t"":241},{""x"":987,""y"":453,""t"":275},{""x"":971,""y"":417,""t"":310},{""x"":948,""y"":388,""t"":344},{""x"":910,""y"":354,""t"":378},{""x"":878,""y"":328,""t"":410},{""x"":864,""y"":308,""t"":446}]","{""#container"":{""x"":410,""y"":54.390625,""width"":1100,""height"":1000,""top"":54.390625,""right"":1510,""bottom"":1054.390625,""left"":410}}","rect","4","true","[{""x"":250,""y"":500,""width"":80,""height"":80,""top"":460,""right"":290,""bottom"":540,""left"":210},{""x"":850,""y"":500,""width"":92,""height"":92,""top"":454,""right"":896,""bottom"":546,""left"":804}]"
"","canvas-keyboard-response","40","92422","0.0-5.0-3.0-0.9","","","","","null","null","","","","","","","","","recognition","[""5"",""6"",""5"",""6"",""6"",""4"",""5"",""4"",""4"",""5"",""6"",""5"",""6"",""4"",""5"",""4"",""6"",""4"",""6"",""5"",""5"",""4"",""4"",""6"",""6"",""4"",""5"",""5"",""5"",""4"",""4"",""6"",""6"",""6"",""5"",""4""]","1500","2","shape","","","","","",""
"","canvas-keyboard-response","41","92528","0.0-5.0-3.0-1.9","","","","","null","null","","","","","","","","","recognition","[""5"",""6"",""5"",""6"",""6"",""4"",""5"",""4"",""4"",""5"",""6"",""5"",""6"",""4"",""5"",""4"",""6"",""4"",""6"",""5"",""5"",""4"",""4"",""6"",""6"",""4"",""5"",""5"",""5"",""4"",""4"",""6"",""6"",""6"",""5"",""4""]","1500","2","shape","","","","","",""
"","canvas-keyboard-response","42","94763","0.0-5.0-3.0-2.9","","","","","726","5","","","[""rect"",""triangle""]","","","","","","","","","","","[{""x"":861,""y"":305,""t"":4},{""x"":862,""y"":312,""t"":40},{""x"":866,""y"":328,""t"":73},{""x"":834,""y"":303,""t"":106},{""x"":808,""y"":304,""t"":140},{""x"":795,""y"":312,""t"":175},{""x"":796,""y"":334,""t"":208},{""x"":794,""y"":325,""t"":243},{""x"":792,""y"":318,""t"":277},{""x"":785,""y"":320,""t"":310},{""x"":800,""y"":325,""t"":344},{""x"":817,""y"":333,""t"":378},{""x"":818,""y"":331,""t"":412},{""x"":803,""y"":330,""t"":447},{""x"":795,""y"":324,""t"":480},{""x"":814,""y"":350,""t"":513},{""x"":906,""y"":392,""t"":548},{""x"":984,""y"":412,""t"":582},{""x"":1050,""y"":424,""t"":616},{""x"":1079,""y"":450,""t"":650},{""x"":1119,""y"":488,""t"":684}]","{""#container"":{""x"":410,""y"":54.390625,""width"":1100,""height"":1000,""top"":54.390625,""right"":1510,""bottom"":1054.390625,""left"":410}}","circle","5","true","[{""x"":250,""y"":500,""width"":80,""height"":80,""top"":460,""right"":290,""bottom"":540,""left"":210},{""x"":850,""y"":500,""width"":92,""height"":92,""top"":454,""right"":896,""bottom"":546,""left"":804}]"
"","canvas-keyboard-response","43","95769","0.0-5.0-3.0-0.10","","","","","null","null","","","","","","","","","recognition","[""5"",""6"",""5"",""6"",""6"",""4"",""5"",""4"",""4"",""5"",""6"",""5"",""6"",""4"",""5"",""4"",""6"",""4"",""6"",""5"",""5"",""4"",""4"",""6"",""6"",""4"",""5"",""5"",""5"",""4"",""4"",""6"",""6"",""6"",""5"",""4""]","1500","2","shape","","","","","",""
"","canvas-keyboard-response","44","95876","0.0-5.0-3.0-1.10","","","","","null","null","","","","","","","","","recognition","[""5"",""6"",""5"",""6"",""6"",""4"",""5"",""4"",""4"",""5"",""6"",""5"",""6"",""4"",""5"",""4"",""6"",""4"",""6"",""5"",""5"",""4"",""4"",""6"",""6"",""4"",""5"",""5"",""5"",""4"",""4"",""6"",""6"",""6"",""5"",""4""]","1500","2","shape","","","","","",""
"","canvas-keyboard-response","45","98075","0.0-5.0-3.0-2.10","","","","","690","6","","","[""circle"",""triangle""]","","","","","","","","","","","[{""x"":1104,""y"":528,""t"":5},{""x"":1075,""y"":525,""t"":45},{""x"":1054,""y"":507,""t"":77},{""x"":1035,""y"":491,""t"":104},{""x"":1015,""y"":475,""t"":140},{""x"":994,""y"":449,""t"":175},{""x"":981,""y"":434,""t"":209},{""x"":970,""y"":422,""t"":239},{""x"":957,""y"":403,""t"":276},{""x"":964,""y"":402,""t"":311},{""x"":947,""y"":393,""t"":345},{""x"":973,""y"":413,""t"":378},{""x"":1024,""y"":424,""t"":412},{""x"":1065,""y"":439,""t"":446},{""x"":1092,""y"":456,""t"":480},{""x"":1117,""y"":474,""t"":514},{""x"":1151,""y"":485,""t"":549},{""x"":1166,""y"":496,""t"":583},{""x"":1172,""y"":505,""t"":617},{""x"":1175,""y"":512,""t"":648}]","{""#container"":{""x"":410,""y"":54.390625,""width"":1100,""height"":1000,""top"":54.390625,""right"":1510,""bottom"":1054.390625,""left"":410}}","triangle","6","true","[{""x"":250,""y"":500,""width"":80,""height"":80,""top"":460,""right"":290,""bottom"":540,""left"":210},{""x"":850,""y"":500,""width"":92,""height"":92,""top"":454,""right"":896,""bottom"":546,""left"":804}]"
"","canvas-keyboard-response","46","99083","0.0-5.0-3.0-0.11","","","","","null","null","","","","","","","","","recognition","[""5"",""6"",""5"",""6"",""6"",""4"",""5"",""4"",""4"",""5"",""6"",""5"",""6"",""4"",""5"",""4"",""6"",""4"",""6"",""5"",""5"",""4"",""4"",""6"",""6"",""4"",""5"",""5"",""5"",""4"",""4"",""6"",""6"",""6"",""5"",""4""]","1500","2","shape","","","","","",""
"","canvas-keyboard-response","47","99191","0.0-5.0-3.0-1.11","","","","","null","null","","","","","","","","","recognition","[""5"",""6"",""5"",""6"",""6"",""4"",""5"",""4"",""4"",""5"",""6"",""5"",""6"",""4"",""5"",""4"",""6"",""4"",""6"",""5"",""5"",""4"",""4"",""6"",""6"",""4"",""5"",""5"",""5"",""4"",""4"",""6"",""6"",""6"",""5"",""4""]","1500","2","shape","","","","","",""
"","canvas-keyboard-response","48","102102","0.0-5.0-3.0-2.11","","","","","1404","5","","","[""triangle"",""circle""]","","","","","","","","","","","[{""x"":1153,""y"":530,""t"":4},{""x"":1118,""y"":539,""t"":45},{""x"":1086,""y"":549,""t"":75},{""x"":1065,""y"":563,""t"":106},{""x"":1043,""y"":572,""t"":140},{""x"":1036,""y"":585,""t"":174},{""x"":1006,""y"":579,""t"":208},{""x"":998,""y"":565,""t"":242},{""x"":1010,""y"":559,""t"":275},{""x"":1000,""y"":551,""t"":309},{""x"":1006,""y"":543,""t"":344},{""x"":1011,""y"":564,""t"":378},{""x"":1037,""y"":572,""t"":412},{""x"":1071,""y"":582,""t"":446},{""x"":1100,""y"":594,""t"":480},{""x"":1140,""y"":581,""t"":514},{""x"":1174,""y"":600,""t"":547},{""x"":1181,""y"":667,""t"":582},{""x"":1193,""y"":823,""t"":617},{""x"":1173,""y"":958,""t"":649},{""x"":1143,""y"":970,""t"":685},{""x"":1106,""y"":959,""t"":718},{""x"":1071,""y"":898,""t"":753},{""x"":1031,""y"":816,""t"":785},{""x"":996,""y"":730,""t"":821},{""x"":976,""y"":654,""t"":855},{""x"":960,""y"":587,""t"":888},{""x"":944,""y"":531,""t"":922},{""x"":946,""y"":489,""t"":955},{""x"":963,""y"":483,""t"":989},{""x"":935,""y"":435,""t"":1025},{""x"":866,""y"":426,""t"":1058},{""x"":814,""y"":409,""t"":1091},{""x"":761,""y"":402,""t"":1126},{""x"":729,""y"":377,""t"":1159},{""x"":700,""y"":372,""t"":1193},{""x"":699,""y"":364,""t"":1228},{""x"":747,""y"":381,""t"":1262},{""x"":791,""y"":397,""t"":1294},{""x"":871,""y"":427,""t"":1330},{""x"":909,""y"":438,""t"":1364}]","{""#container"":{""x"":410,""y"":54.390625,""width"":1100,""height"":1000,""top"":54.390625,""right"":1510,""bottom"":1054.390625,""left"":410}}","rect","5","true","[{""x"":250,""y"":500,""width"":92,""height"":92,""top"":454,""right"":296,""bottom"":546,""left"":204},{""x"":850,""y"":500,""width"":80,""height"":80,""top"":460,""right"":890,""bottom"":540,""left"":810}]"
"","canvas-keyboard-response","49","103109","0.0-5.0-3.0-0.12","","","","","null","null","","","","","","","","","recognition","[""5"",""6"",""5"",""6"",""6"",""4"",""5"",""4"",""4"",""5"",""6"",""5"",""6"",""4"",""5"",""4"",""6"",""4"",""6"",""5"",""5"",""4"",""4"",""6"",""6"",""4"",""5"",""5"",""5"",""4"",""4"",""6"",""6"",""6"",""5"",""4""]","1500","2","shape","","","","","",""
"","canvas-keyboard-response","50","103217","0.0-5.0-3.0-1.12","","","","","null","null","","","","","","","","","recognition","[""5"",""6"",""5"",""6"",""6"",""4"",""5"",""4"",""4"",""5"",""6"",""5"",""6"",""4"",""5"",""4"",""6"",""4"",""6"",""5"",""5"",""4"",""4"",""6"",""6"",""4"",""5"",""5"",""5"",""4"",""4"",""6"",""6"",""6"",""5"",""4""]","1500","2","shape","","","","","",""
"","canvas-keyboard-response","51","105267","0.0-5.0-3.0-2.12","","","","","541","6","","","[""triangle"",""circle""]","","","","","","","","","","","[{""x"":962,""y"":433,""t"":4},{""x"":973,""y"":435,""t"":43},{""x"":991,""y"":445,""t"":73},{""x"":1003,""y"":442,""t"":107},{""x"":993,""y"":437,""t"":140},{""x"":1012,""y"":453,""t"":174},{""x"":1019,""y"":448,""t"":208},{""x"":1018,""y"":436,""t"":243},{""x"":1021,""y"":438,""t"":276},{""x"":1040,""y"":473,""t"":311},{""x"":1070,""y"":485,""t"":344},{""x"":1121,""y"":477,""t"":379},{""x"":1147,""y"":481,""t"":413},{""x"":1171,""y"":476,""t"":446},{""x"":1185,""y"":490,""t"":480},{""x"":1201,""y"":495,""t"":514}]","{""#container"":{""x"":410,""y"":54.390625,""width"":1100,""height"":1000,""top"":54.390625,""right"":1510,""bottom"":1054.390625,""left"":410}}","circle","6","true","[{""x"":250,""y"":500,""width"":92,""height"":92,""top"":454,""right"":296,""bottom"":546,""left"":204},{""x"":850,""y"":500,""width"":80,""height"":80,""top"":460,""right"":890,""bottom"":540,""left"":810}]"
"","canvas-keyboard-response","52","106275","0.0-5.0-3.0-0.13","","","","","null","null","","","","","","","","","recognition","[""5"",""6"",""5"",""6"",""6"",""4"",""5"",""4"",""4"",""5"",""6"",""5"",""6"",""4"",""5"",""4"",""6"",""4"",""6"",""5"",""5"",""4"",""4"",""6"",""6"",""4"",""5"",""5"",""5"",""4"",""4"",""6"",""6"",""6"",""5"",""4""]","1500","2","shape","","","","","",""
"","canvas-keyboard-response","53","106384","0.0-5.0-3.0-1.13","","","","","null","null","","","","","","","","","recognition","[""5"",""6"",""5"",""6"",""6"",""4"",""5"",""4"",""4"",""5"",""6"",""5"",""6"",""4"",""5"",""4"",""6"",""4"",""6"",""5"",""5"",""4"",""4"",""6"",""6"",""4"",""5"",""5"",""5"",""4"",""4"",""6"",""6"",""6"",""5"",""4""]","1500","2","shape","","","","","",""
"","canvas-keyboard-response","54","108859","0.0-5.0-3.0-2.13","","","","","966","4","","","[""rect"",""triangle""]","","","","","","","","","","","[{""x"":1164,""y"":517,""t"":5},{""x"":1131,""y"":535,""t"":44},{""x"":1096,""y"":539,""t"":74},{""x"":1067,""y"":541,""t"":107},{""x"":1048,""y"":549,""t"":141},{""x"":1025,""y"":546,""t"":174},{""x"":1003,""y"":549,""t"":209},{""x"":1001,""y"":555,""t"":242},{""x"":994,""y"":560,""t"":276},{""x"":982,""y"":571,""t"":311},{""x"":975,""y"":593,""t"":345},{""x"":964,""y"":670,""t"":378},{""x"":1015,""y"":822,""t"":412},{""x"":1059,""y"":930,""t"":444},{""x"":1062,""y"":941,""t"":480},{""x"":1072,""y"":905,""t"":515},{""x"":1093,""y"":826,""t"":548},{""x"":1122,""y"":771,""t"":582},{""x"":1133,""y"":703,""t"":617},{""x"":1144,""y"":666,""t"":650},{""x"":1072,""y"":628,""t"":684},{""x"":1021,""y"":579,""t"":718},{""x"":955,""y"":552,""t"":752},{""x"":893,""y"":502,""t"":786},{""x"":857,""y"":487,""t"":820},{""x"":824,""y"":490,""t"":854},{""x"":773,""y"":477,""t"":888},{""x"":740,""y"":452,""t"":923}]","{""#container"":{""x"":410,""y"":54.390625,""width"":1100,""height"":1000,""top"":54.390625,""right"":1510,""bottom"":1054.390625,""left"":410}}","rect","4","true","[{""x"":250,""y"":500,""width"":80,""height"":80,""top"":460,""right"":290,""bottom"":540,""left"":210},{""x"":850,""y"":500,""width"":92,""height"":92,""top"":454,""right"":896,""bottom"":546,""left"":804}]"
"","canvas-keyboard-response","55","109867","0.0-5.0-3.0-0.14","","","","","null","null","","","","","","","","","recognition","[""5"",""6"",""5"",""6"",""6"",""4"",""5"",""4"",""4"",""5"",""6"",""5"",""6"",""4"",""5"",""4"",""6"",""4"",""6"",""5"",""5"",""4"",""4"",""6"",""6"",""4"",""5"",""5"",""5"",""4"",""4"",""6"",""6"",""6"",""5"",""4""]","1500","2","shape","","","","","",""
"","canvas-keyboard-response","56","109975","0.0-5.0-3.0-1.14","","","","","null","null","","","","","","","","","recognition","[""5"",""6"",""5"",""6"",""6"",""4"",""5"",""4"",""4"",""5"",""6"",""5"",""6"",""4"",""5"",""4"",""6"",""4"",""6"",""5"",""5"",""4"",""4"",""6"",""6"",""4"",""5"",""5"",""5"",""4"",""4"",""6"",""6"",""6"",""5"",""4""]","1500","2","shape","","","","","",""
"","canvas-keyboard-response","57","112075","0.0-5.0-3.0-2.14","","","","","591","5","","","[""triangle"",""circle""]","","","","","","","","","","","[{""x"":781,""y"":474,""t"":5},{""x"":819,""y"":476,""t"":44},{""x"":857,""y"":465,""t"":74},{""x"":883,""y"":445,""t"":105},{""x"":907,""y"":433,""t"":140},{""x"":924,""y"":422,""t"":175},{""x"":930,""y"":421,""t"":208},{""x"":959,""y"":442,""t"":242},{""x"":967,""y"":428,""t"":277},{""x"":982,""y"":456,""t"":309},{""x"":973,""y"":448,""t"":344},{""x"":1035,""y"":481,""t"":378},{""x"":1066,""y"":481,""t"":410},{""x"":1107,""y"":486,""t"":446},{""x"":1134,""y"":486,""t"":480},{""x"":1156,""y"":486,""t"":514},{""x"":1178,""y"":507,""t"":549}]","{""#container"":{""x"":410,""y"":54.390625,""width"":1100,""height"":1000,""top"":54.390625,""right"":1510,""bottom"":1054.390625,""left"":410}}","rect","5","true","[{""x"":250,""y"":500,""width"":92,""height"":92,""top"":454,""right"":296,""bottom"":546,""left"":204},{""x"":850,""y"":500,""width"":80,""height"":80,""top"":460,""right"":890,""bottom"":540,""left"":810}]"
"","canvas-keyboard-response","58","113084","0.0-5.0-3.0-0.15","","","","","null","null","","","","","","","","","recognition","[""5"",""6"",""5"",""6"",""6"",""4"",""5"",""4"",""4"",""5"",""6"",""5"",""6"",""4"",""5"",""4"",""6"",""4"",""6"",""5"",""5"",""4"",""4"",""6"",""6"",""4"",""5"",""5"",""5"",""4"",""4"",""6"",""6"",""6"",""5"",""4""]","1500","2","shape","","","","","",""
"","canvas-keyboard-response","59","113192","0.0-5.0-3.0-1.15","","","","","null","null","","","","","","","","","recognition","[""5"",""6"",""5"",""6"",""6"",""4"",""5"",""4"",""4"",""5"",""6"",""5"",""6"",""4"",""5"",""4"",""6"",""4"",""6"",""5"",""5"",""4"",""4"",""6"",""6"",""4"",""5"",""5"",""5"",""4"",""4"",""6"",""6"",""6"",""5"",""4""]","1500","2","shape","","","","","",""
"","canvas-keyboard-response","60","115131","0.0-5.0-3.0-2.15","","","","","430","4","","","[""triangle"",""circle""]","","","","","","","","","","","[{""x"":1127,""y"":504,""t"":4},{""x"":1113,""y"":491,""t"":40},{""x"":1085,""y"":488,""t"":74},{""x"":1099,""y"":522,""t"":107},{""x"":1070,""y"":521,""t"":140},{""x"":1052,""y"":502,""t"":174},{""x"":1037,""y"":500,""t"":208},{""x"":1043,""y"":485,""t"":241},{""x"":1048,""y"":507,""t"":277},{""x"":1018,""y"":481,""t"":310},{""x"":989,""y"":471,""t"":345},{""x"":938,""y"":493,""t"":378}]","{""#container"":{""x"":410,""y"":54.390625,""width"":1100,""height"":1000,""top"":54.390625,""right"":1510,""bottom"":1054.390625,""left"":410}}","triangle","4","true","[{""x"":250,""y"":500,""width"":92,""height"":92,""top"":454,""right"":296,""bottom"":546,""left"":204},{""x"":850,""y"":500,""width"":80,""height"":80,""top"":460,""right"":890,""bottom"":540,""left"":810}]"
"","canvas-keyboard-response","61","116138","0.0-5.0-3.0-0.16","","","","","null","null","","","","","","","","","recognition","[""5"",""6"",""5"",""6"",""6"",""4"",""5"",""4"",""4"",""5"",""6"",""5"",""6"",""4"",""5"",""4"",""6"",""4"",""6"",""5"",""5"",""4"",""4"",""6"",""6"",""4"",""5"",""5"",""5"",""4"",""4"",""6"",""6"",""6"",""5"",""4""]","1500","2","shape","","","","","",""
"","canvas-keyboard-response","62","116247","0.0-5.0-3.0-1.16","","","","","null","null","","","","","","","","","recognition","[""5"",""6"",""5"",""6"",""6"",""4"",""5"",""4"",""4"",""5"",""6"",""5"",""6"",""4"",""5"",""4"",""6"",""4"",""6"",""5"",""5"",""4"",""4"",""6"",""6"",""4"",""5"",""5"",""5"",""4"",""4"",""6"",""6"",""6"",""5"",""4""]","1500","2","shape","","","","","",""
"","canvas-keyboard-response","63","118705","0.0-5.0-3.0-2.16","","","","","950","6","","","[""triangle"",""rect""]","","","","","","","","","","","[{""x"":913,""y"":506,""t"":5},{""x"":935,""y"":499,""t"":53},{""x"":944,""y"":495,""t"":69},{""x"":936,""y"":475,""t"":106},{""x"":945,""y"":474,""t"":140},{""x"":960,""y"":476,""t"":175},{""x"":964,""y"":477,""t"":208},{""x"":971,""y"":470,""t"":243},{""x"":1011,""y"":483,""t"":275},{""x"":1025,""y"":493,""t"":310},{""x"":1080,""y"":506,""t"":344},{""x"":1080,""y"":482,""t"":378},{""x"":1110,""y"":471,""t"":412},{""x"":1114,""y"":541,""t"":446},{""x"":1117,""y"":601,""t"":478},{""x"":1109,""y"":692,""t"":514},{""x"":1140,""y"":851,""t"":548},{""x"":1149,""y"":916,""t"":582},{""x"":1146,""y"":906,""t"":616},{""x"":1170,""y"":843,""t"":651},{""x"":1176,""y"":786,""t"":684},{""x"":1191,""y"":723,""t"":718},{""x"":1199,""y"":676,""t"":753},{""x"":1209,""y"":620,""t"":786},{""x"":1225,""y"":578,""t"":820},{""x"":1224,""y"":542,""t"":854},{""x"":1221,""y"":514,""t"":885},{""x"":1224,""y"":506,""t"":922}]","{""#container"":{""x"":410,""y"":54.390625,""width"":1100,""height"":1000,""top"":54.390625,""right"":1510,""bottom"":1054.390625,""left"":410}}","rect","6","true","[{""x"":250,""y"":500,""width"":92,""height"":92,""top"":454,""right"":296,""bottom"":546,""left"":204},{""x"":850,""y"":500,""width"":80,""height"":80,""top"":460,""right"":890,""bottom"":540,""left"":810}]"
"","canvas-keyboard-response","64","119712","0.0-5.0-3.0-0.17","","","","","null","null","","","","","","","","","recognition","[""5"",""6"",""5"",""6"",""6"",""4"",""5"",""4"",""4"",""5"",""6"",""5"",""6"",""4"",""5"",""4"",""6"",""4"",""6"",""5"",""5"",""4"",""4"",""6"",""6"",""4"",""5"",""5"",""5"",""4"",""4"",""6"",""6"",""6"",""5"",""4""]","1500","2","shape","","","","","",""
"","canvas-keyboard-response","65","119819","0.0-5.0-3.0-1.17","","","","","null","null","","","","","","","","","recognition","[""5"",""6"",""5"",""6"",""6"",""4"",""5"",""4"",""4"",""5"",""6"",""5"",""6"",""4"",""5"",""4"",""6"",""4"",""6"",""5"",""5"",""4"",""4"",""6"",""6"",""4"",""5"",""5"",""5"",""4"",""4"",""6"",""6"",""6"",""5"",""4""]","1500","2","shape","","","","","",""
"","canvas-keyboard-response","66","122619","0.0-5.0-3.0-2.17","","","","","1291","6","","","[""circle"",""rect""]","","","","","","","","","","","[{""x"":1192,""y"":526,""t"":5},{""x"":1118,""y"":494,""t"":44},{""x"":1055,""y"":468,""t"":71},{""x"":1019,""y"":465,""t"":107},{""x"":1023,""y"":441,""t"":140},{""x"":1039,""y"":450,""t"":175},{""x"":1017,""y"":432,""t"":208},{""x"":1037,""y"":420,""t"":242},{""x"":1052,""y"":431,""t"":276},{""x"":1073,""y"":430,""t"":311},{""x"":1083,""y"":428,""t"":344},{""x"":1097,""y"":441,""t"":378},{""x"":1106,""y"":447,""t"":412},{""x"":1128,""y"":445,""t"":446},{""x"":1146,""y"":444,""t"":478},{""x"":1144,""y"":445,""t"":515},{""x"":1056,""y"":426,""t"":547},{""x"":979,""y"":395,""t"":582},{""x"":896,""y"":378,""t"":617},{""x"":836,""y"":404,""t"":650},{""x"":796,""y"":443,""t"":684},{""x"":811,""y"":495,""t"":718},{""x"":859,""y"":635,""t"":752},{""x"":925,""y"":848,""t"":786},{""x"":983,""y"":973,""t"":820},{""x"":1021,""y"":1035,""t"":854},{""x"":1056,""y"":999,""t"":887},{""x"":1083,""y"":949,""t"":923},{""x"":1108,""y"":862,""t"":956},{""x"":1116,""y"":774,""t"":990},{""x"":1138,""y"":701,""t"":1024},{""x"":1150,""y"":642,""t"":1060},{""x"":1165,""y"":588,""t"":1092},{""x"":1206,""y"":578,""t"":1126},{""x"":1212,""y"":529,""t"":1159},{""x"":1218,""y"":504,""t"":1193},{""x"":1205,""y"":479,""t"":1228},{""x"":1230,""y"":463,""t"":1262}]","{""#container"":{""x"":410,""y"":54.390625,""width"":1100,""height"":1000,""top"":54.390625,""right"":1510,""bottom"":1054.390625,""left"":410}}","circle","4","false","[{""x"":250,""y"":500,""width"":80,""height"":80,""top"":460,""right"":290,""bottom"":540,""left"":210},{""x"":850,""y"":500,""width"":80,""height"":80,""top"":460,""right"":890,""bottom"":540,""left"":810}]"
"","html-keyboard-response","67","123622","0.0-5.0-3.0-3.17-0.17-0.17","","","","","null","null","","","<div id=""errorinfo"">Error</div>","","","","","","recognition","[""5"",""6"",""5"",""6"",""6"",""4"",""5"",""4"",""4"",""5"",""6"",""5"",""6"",""4"",""5"",""4"",""6"",""4"",""6"",""5"",""5"",""4"",""4"",""6"",""6"",""4"",""5"",""5"",""5"",""4"",""4"",""6"",""6"",""6"",""5"",""4""]","1500","2","shape","","","","","",""
"","html-keyboard-response","68","125004","0.0-5.0-4.0","","","","","881"," ","","","<p>要求：记忆项目的颜色。</p><p>按"" ""键继续，实验开始。</p>","","","","","","","","","","","","","","","",""
"","canvas-keyboard-response","69","126014","0.0-5.0-5.0-0.0","","","","","null","null","","","","","","","","","recognition","[""5"",""6"",""5"",""6"",""6"",""4"",""5"",""4"",""4"",""5"",""6"",""5"",""6"",""4"",""5"",""4"",""6"",""4"",""6"",""5"",""5"",""4"",""4"",""6"",""6"",""4"",""5"",""5"",""5"",""4"",""4"",""6"",""6"",""6"",""5"",""4""]","1500","2","color","","","","","",""
"","canvas-keyboard-response","70","126123","0.0-5.0-5.0-1.0","","","","","null","null","","","","","","","","","recognition","[""5"",""6"",""5"",""6"",""6"",""4"",""5"",""4"",""4"",""5"",""6"",""5"",""6"",""4"",""5"",""4"",""6"",""4"",""6"",""5"",""5"",""4"",""4"",""6"",""6"",""4"",""5"",""5"",""5"",""4"",""4"",""6"",""6"",""6"",""5"",""4""]","1500","2","color","","","","","",""
"","canvas-keyboard-response","71","128252","0.0-5.0-5.0-2.0","","","","","621","6","","","[""green"",""red""]","","","","","","","","","","","[{""x"":1194,""y"":521,""t"":5},{""x"":1174,""y"":546,""t"":49},{""x"":1143,""y"":567,""t"":78},{""x"":1113,""y"":571,""t"":107},{""x"":1088,""y"":575,""t"":139},{""x"":1071,""y"":587,""t"":174},{""x"":1064,""y"":601,""t"":209},{""x"":1067,""y"":614,""t"":242},{""x"":1065,""y"":624,""t"":276},{""x"":1107,""y"":645,""t"":311},{""x"":1108,""y"":597,""t"":343},{""x"":1137,""y"":605,""t"":378},{""x"":1144,""y"":580,""t"":413},{""x"":1170,""y"":588,""t"":447},{""x"":1196,""y"":565,""t"":481},{""x"":1201,""y"":552,""t"":514},{""x"":1207,""y"":542,""t"":546},{""x"":1189,""y"":531,""t"":582}]","{""#container"":{""x"":410,""y"":54.390625,""width"":1100,""height"":1000,""top"":54.390625,""right"":1510,""bottom"":1054.390625,""left"":410}}","red","6","true","[{""x"":250,""y"":500,""width"":80,""height"":80,""top"":460,""right"":290,""bottom"":540,""left"":210},{""x"":850,""y"":500,""width"":80,""height"":80,""top"":460,""right"":890,""bottom"":540,""left"":810}]"
"","canvas-keyboard-response","72","129258","0.0-5.0-5.0-0.1","","","","","null","null","","","","","","","","","recognition","[""5"",""6"",""5"",""6"",""6"",""4"",""5"",""4"",""4"",""5"",""6"",""5"",""6"",""4"",""5"",""4"",""6"",""4"",""6"",""5"",""5"",""4"",""4"",""6"",""6"",""4"",""5"",""5"",""5"",""4"",""4"",""6"",""6"",""6"",""5"",""4""]","1500","2","color","","","","","",""
"","canvas-keyboard-response","73","129367","0.0-5.0-5.0-1.1","","","","","null","null","","","","","","","","","recognition","[""5"",""6"",""5"",""6"",""6"",""4"",""5"",""4"",""4"",""5"",""6"",""5"",""6"",""4"",""5"",""4"",""6"",""4"",""6"",""5"",""5"",""4"",""4"",""6"",""6"",""4"",""5"",""5"",""5"",""4"",""4"",""6"",""6"",""6"",""5"",""4""]","1500","2","color","","","","","",""
"","canvas-keyboard-response","74","131539","0.0-5.0-5.0-2.1","","","","","664","4","","","[""red"",""blue""]","","","","","","","","","","","[{""x"":1130,""y"":490,""t"":5},{""x"":1093,""y"":472,""t"":49},{""x"":1059,""y"":460,""t"":78},{""x"":1039,""y"":462,""t"":107},{""x"":1012,""y"":442,""t"":141},{""x"":984,""y"":436,""t"":174},{""x"":970,""y"":439,""t"":208},{""x"":944,""y"":424,""t"":242},{""x"":952,""y"":430,""t"":276},{""x"":958,""y"":454,""t"":310},{""x"":958,""y"":455,""t"":344},{""x"":963,""y"":458,""t"":379},{""x"":942,""y"":466,""t"":413},{""x"":886,""y"":434,""t"":447},{""x"":830,""y"":407,""t"":480},{""x"":795,""y"":391,""t"":515},{""x"":789,""y"":427,""t"":549},{""x"":764,""y"":404,""t"":583},{""x"":765,""y"":381,""t"":616}]","{""#container"":{""x"":410,""y"":54.390625,""width"":1100,""height"":1000,""top"":54.390625,""right"":1510,""bottom"":1054.390625,""left"":410}}","green","5","false","[{""x"":250,""y"":500,""width"":80,""height"":80,""top"":460,""right"":290,""bottom"":540,""left"":210},{""x"":850,""y"":500,""width"":80,""height"":80,""top"":460,""right"":890,""bottom"":540,""left"":810}]"
"","html-keyboard-response","75","132542","0.0-5.0-5.0-3.1-0.1-0.1","","","","","null","null","","","<div id=""errorinfo"">Error</div>","","","","","","recognition","[""5"",""6"",""5"",""6"",""6"",""4"",""5"",""4"",""4"",""5"",""6"",""5"",""6"",""4"",""5"",""4"",""6"",""4"",""6"",""5"",""5"",""4"",""4"",""6"",""6"",""4"",""5"",""5"",""5"",""4"",""4"",""6"",""6"",""6"",""5"",""4""]","1500","2","color","","","","","",""
"","canvas-keyboard-response","76","133551","0.0-5.0-5.0-0.2","","","","","null","null","","","","","","","","","recognition","[""5"",""6"",""5"",""6"",""6"",""4"",""5"",""4"",""4"",""5"",""6"",""5"",""6"",""4"",""5"",""4"",""6"",""4"",""6"",""5"",""5"",""4"",""4"",""6"",""6"",""4"",""5"",""5"",""5"",""4"",""4"",""6"",""6"",""6"",""5"",""4""]","1500","2","color","","","","","",""
"","canvas-keyboard-response","77","133660","0.0-5.0-5.0-1.2","","","","","null","null","","","","","","","","","recognition","[""5"",""6"",""5"",""6"",""6"",""4"",""5"",""4"",""4"",""5"",""6"",""5"",""6"",""4"",""5"",""4"",""6"",""4"",""6"",""5"",""5"",""4"",""4"",""6"",""6"",""4"",""5"",""5"",""5"",""4"",""4"",""6"",""6"",""6"",""5"",""4""]","1500","2","color","","","","","",""
"","canvas-keyboard-response","78","135916","0.0-5.0-5.0-2.2","","","","","746","5","","","[""green"",""red""]","","","","","","","","","","","[{""x"":822,""y"":434,""t"":5},{""x"":864,""y"":446,""t"":44},{""x"":900,""y"":449,""t"":75},{""x"":926,""y"":452,""t"":107},{""x"":950,""y"":460,""t"":137},{""x"":961,""y"":495,""t"":174},{""x"":968,""y"":491,""t"":209},{""x"":968,""y"":516,""t"":241},{""x"":979,""y"":504,""t"":276},{""x"":986,""y"":520,""t"":310},{""x"":1000,""y"":540,""t"":344},{""x"":991,""y"":523,""t"":378},{""x"":1029,""y"":526,""t"":412},{""x"":1062,""y"":588,""t"":446},{""x"":1082,""y"":732,""t"":480},{""x"":1110,""y"":894,""t"":513},{""x"":1116,""y"":1049,""t"":548},{""x"":1113,""y"":1162,""t"":582},{""x"":1138,""y"":1225,""t"":615},{""x"":1134,""y"":1229,""t"":650},{""x"":1121,""y"":1163,""t"":684},{""x"":1118,""y"":1053,""t"":718}]","{""#container"":{""x"":410,""y"":54.390625,""width"":1100,""height"":1000,""top"":54.390625,""right"":1510,""bottom"":1054.390625,""left"":410}}","blue","5","true","[{""x"":250,""y"":500,""width"":80,""height"":80,""top"":460,""right"":290,""bottom"":540,""left"":210},{""x"":850,""y"":500,""width"":80,""height"":80,""top"":460,""right"":890,""bottom"":540,""left"":810}]"
"","canvas-keyboard-response","79","136924","0.0-5.0-5.0-0.3","","","","","null","null","","","","","","","","","recognition","[""5"",""6"",""5"",""6"",""6"",""4"",""5"",""4"",""4"",""5"",""6"",""5"",""6"",""4"",""5"",""4"",""6"",""4"",""6"",""5"",""5"",""4"",""4"",""6"",""6"",""4"",""5"",""5"",""5"",""4"",""4"",""6"",""6"",""6"",""5"",""4""]","1500","2","color","","","","","",""
"","canvas-keyboard-response","80","137045","0.0-5.0-5.0-1.3","","","","","null","null","","","","","","","","","recognition","[""5"",""6"",""5"",""6"",""6"",""4"",""5"",""4"",""4"",""5"",""6"",""5"",""6"",""4"",""5"",""4"",""6"",""4"",""6"",""5"",""5"",""4"",""4"",""6"",""6"",""4"",""5"",""5"",""5"",""4"",""4"",""6"",""6"",""6"",""5"",""4""]","1500","2","color","","","","","",""
"","canvas-keyboard-response","81","139364","0.0-5.0-5.0-2.3","","","","","813","4","","","[""blue"",""green""]","","","","","","","","","","","[{""x"":1073,""y"":895,""t"":3},{""x"":1052,""y"":769,""t"":37},{""x"":1031,""y"":670,""t"":73},{""x"":1027,""y"":595,""t"":106},{""x"":1017,""y"":532,""t"":140},{""x"":994,""y"":486,""t"":174},{""x"":988,""y"":447,""t"":208},{""x"":973,""y"":416,""t"":243},{""x"":955,""y"":386,""t"":276},{""x"":962,""y"":390,""t"":311},{""x"":946,""y"":375,""t"":343},{""x"":914,""y"":360,""t"":378},{""x"":886,""y"":350,""t"":411},{""x"":879,""y"":353,""t"":446},{""x"":862,""y"":348,""t"":480},{""x"":847,""y"":334,""t"":514},{""x"":845,""y"":333,""t"":549},{""x"":830,""y"":322,""t"":582},{""x"":825,""y"":318,""t"":616},{""x"":820,""y"":332,""t"":650},{""x"":812,""y"":353,""t"":684},{""x"":807,""y"":373,""t"":718},{""x"":817,""y"":367,""t"":752},{""x"":820,""y"":369,""t"":787}]","{""#container"":{""x"":410,""y"":54.390625,""width"":1100,""height"":1000,""top"":54.390625,""right"":1510,""bottom"":1054.390625,""left"":410}}","blue","4","true","[{""x"":250,""y"":500,""width"":80,""height"":80,""top"":460,""right"":290,""bottom"":540,""left"":210},{""x"":850,""y"":500,""width"":80,""height"":80,""top"":460,""right"":890,""bottom"":540,""left"":810}]"
"","canvas-keyboard-response","82","140371","0.0-5.0-5.0-0.4","","","","","null","null","","","","","","","","","recognition","[""5"",""6"",""5"",""6"",""6"",""4"",""5"",""4"",""4"",""5"",""6"",""5"",""6"",""4"",""5"",""4"",""6"",""4"",""6"",""5"",""5"",""4"",""4"",""6"",""6"",""4"",""5"",""5"",""5"",""4"",""4"",""6"",""6"",""6"",""5"",""4""]","1500","2","color","","","","","",""
"","canvas-keyboard-response","83","140480","0.0-5.0-5.0-1.4","","","","","null","null","","","","","","","","","recognition","[""5"",""6"",""5"",""6"",""6"",""4"",""5"",""4"",""4"",""5"",""6"",""5"",""6"",""4"",""5"",""4"",""6"",""4"",""6"",""5"",""5"",""4"",""4"",""6"",""6"",""4"",""5"",""5"",""5"",""4"",""4"",""6"",""6"",""6"",""5"",""4""]","1500","2","color","","","","","",""
"","canvas-keyboard-response","84","142746","0.0-5.0-5.0-2.4","","","","","758","4","","","[""green"",""blue""]","","","","","","","","","","","[{""x"":878,""y"":400,""t"":4},{""x"":925,""y"":425,""t"":47},{""x"":938,""y"":443,""t"":79},{""x"":960,""y"":454,""t"":113},{""x"":980,""y"":460,""t"":143},{""x"":1004,""y"":479,""t"":175},{""x"":1009,""y"":478,""t"":208},{""x"":1023,""y"":484,""t"":241},{""x"":1034,""y"":484,""t"":277},{""x"":1044,""y"":476,""t"":310},{""x"":1064,""y"":487,""t"":344},{""x"":1043,""y"":475,""t"":378},{""x"":977,""y"":439,""t"":413},{""x"":915,""y"":415,""t"":446},{""x"":871,""y"":391,""t"":480},{""x"":826,""y"":368,""t"":514},{""x"":804,""y"":359,""t"":549},{""x"":773,""y"":342,""t"":582},{""x"":757,""y"":326,""t"":616},{""x"":744,""y"":320,""t"":651},{""x"":735,""y"":302,""t"":684},{""x"":744,""y"":310,""t"":718}]","{""#container"":{""x"":410,""y"":54.390625,""width"":1100,""height"":1000,""top"":54.390625,""right"":1510,""bottom"":1054.390625,""left"":410}}","green","4","true","[{""x"":250,""y"":500,""width"":80,""height"":80,""top"":460,""right"":290,""bottom"":540,""left"":210},{""x"":850,""y"":500,""width"":80,""height"":80,""top"":460,""right"":890,""bottom"":540,""left"":810}]"
"","canvas-keyboard-response","85","143754","0.0-5.0-5.0-0.5","","","","","null","null","","","","","","","","","recognition","[""5"",""6"",""5"",""6"",""6"",""4"",""5"",""4"",""4"",""5"",""6"",""5"",""6"",""4"",""5"",""4"",""6"",""4"",""6"",""5"",""5"",""4"",""4"",""6"",""6"",""4"",""5"",""5"",""5"",""4"",""4"",""6"",""6"",""6"",""5"",""4""]","1500","2","color","","","","","",""
"","canvas-keyboard-response","86","143876","0.0-5.0-5.0-1.5","","","","","null","null","","","","","","","","","recognition","[""5"",""6"",""5"",""6"",""6"",""4"",""5"",""4"",""4"",""5"",""6"",""5"",""6"",""4"",""5"",""4"",""6"",""4"",""6"",""5"",""5"",""4"",""4"",""6"",""6"",""4"",""5"",""5"",""5"",""4"",""4"",""6"",""6"",""6"",""5"",""4""]","1500","2","color","","","","","",""
"","canvas-keyboard-response","87","146043","0.0-5.0-5.0-2.5","","","","","660","6","","","[""blue"",""green""]","","","","","","","","","","","[{""x"":803,""y"":376,""t"":5},{""x"":839,""y"":394,""t"":45},{""x"":896,""y"":431,""t"":77},{""x"":915,""y"":452,""t"":108},{""x"":963,""y"":496,""t"":140},{""x"":981,""y"":500,""t"":174},{""x"":1007,""y"":508,""t"":208},{""x"":1031,""y"":525,""t"":242},{""x"":1058,""y"":531,""t"":276},{""x"":1073,""y"":531,""t"":311},{""x"":1080,""y"":524,""t"":344},{""x"":1077,""y"":529,""t"":378},{""x"":1072,""y"":516,""t"":412},{""x"":1074,""y"":528,""t"":446},{""x"":1091,""y"":533,""t"":479},{""x"":1138,""y"":553,""t"":514},{""x"":1150,""y"":538,""t"":549},{""x"":1154,""y"":528,""t"":583},{""x"":1169,""y"":524,""t"":616}]","{""#container"":{""x"":410,""y"":54.390625,""width"":1100,""height"":1000,""top"":54.390625,""right"":1510,""bottom"":1054.390625,""left"":410}}","green","6","true","[{""x"":250,""y"":500,""width"":80,""height"":80,""top"":460,""right"":290,""bottom"":540,""left"":210},{""x"":850,""y"":500,""width"":80,""height"":80,""top"":460,""right"":890,""bottom"":540,""left"":810}]"
"","canvas-keyboard-response","88","147051","0.0-5.0-5.0-0.6","","","","","null","null","","","","","","","","","recognition","[""5"",""6"",""5"",""6"",""6"",""4"",""5"",""4"",""4"",""5"",""6"",""5"",""6"",""4"",""5"",""4"",""6"",""4"",""6"",""5"",""5"",""4"",""4"",""6"",""6"",""4"",""5"",""5"",""5"",""4"",""4"",""6"",""6"",""6"",""5"",""4""]","1500","2","color","","","","","",""
"","canvas-keyboard-response","89","147159","0.0-5.0-5.0-1.6","","","","","null","null","","","","","","","","","recognition","[""5"",""6"",""5"",""6"",""6"",""4"",""5"",""4"",""4"",""5"",""6"",""5"",""6"",""4"",""5"",""4"",""6"",""4"",""6"",""5"",""5"",""4"",""4"",""6"",""6"",""4"",""5"",""5"",""5"",""4"",""4"",""6"",""6"",""6"",""5"",""4""]","1500","2","color","","","","","",""
"","canvas-keyboard-response","90","149119","0.0-5.0-5.0-2.6","","","","","452","6","","","[""green"",""blue""]","","","","","","","","","","","[{""x"":1148,""y"":517,""t"":5},{""x"":1123,""y"":513,""t"":41},{""x"":1091,""y"":505,""t"":73},{""x"":1070,""y"":509,""t"":106},{""x"":1038,""y"":517,""t"":139},{""x"":1013,""y"":487,""t"":174},{""x"":991,""y"":481,""t"":208},{""x"":978,""y"":473,""t"":243},{""x"":986,""y"":486,""t"":276},{""x"":975,""y"":472,""t"":309},{""x"":995,""y"":486,""t"":344},{""x"":1024,""y"":501,""t"":378},{""x"":1077,""y"":505,""t"":412}]","{""#container"":{""x"":410,""y"":54.390625,""width"":1100,""height"":1000,""top"":54.390625,""right"":1510,""bottom"":1054.390625,""left"":410}}","blue","6","true","[{""x"":250,""y"":500,""width"":80,""height"":80,""top"":460,""right"":290,""bottom"":540,""left"":210},{""x"":850,""y"":500,""width"":80,""height"":80,""top"":460,""right"":890,""bottom"":540,""left"":810}]"
"","canvas-keyboard-response","91","150127","0.0-5.0-5.0-0.7","","","","","null","null","","","","","","","","","recognition","[""5"",""6"",""5"",""6"",""6"",""4"",""5"",""4"",""4"",""5"",""6"",""5"",""6"",""4"",""5"",""4"",""6"",""4"",""6"",""5"",""5"",""4"",""4"",""6"",""6"",""4"",""5"",""5"",""5"",""4"",""4"",""6"",""6"",""6"",""5"",""4""]","1500","2","color","","","","","",""
"","canvas-keyboard-response","92","150235","0.0-5.0-5.0-1.7","","","","","null","null","","","","","","","","","recognition","[""5"",""6"",""5"",""6"",""6"",""4"",""5"",""4"",""4"",""5"",""6"",""5"",""6"",""4"",""5"",""4"",""6"",""4"",""6"",""5"",""5"",""4"",""4"",""6"",""6"",""4"",""5"",""5"",""5"",""4"",""4"",""6"",""6"",""6"",""5"",""4""]","1500","2","color","","","","","",""
"","canvas-keyboard-response","93","152355","0.0-5.0-5.0-2.7","","","","","612","4","","","[""red"",""blue""]","","","","","","","","","","","[{""x"":1101,""y"":516,""t"":4},{""x"":1092,""y"":527,""t"":39},{""x"":1080,""y"":538,""t"":73},{""x"":1059,""y"":548,""t"":105},{""x"":1071,""y"":555,""t"":141},{""x"":1082,""y"":561,""t"":172},{""x"":1100,""y"":566,""t"":208},{""x"":1092,""y"":564,""t"":242},{""x"":1089,""y"":555,""t"":276},{""x"":1086,""y"":562,""t"":309},{""x"":1072,""y"":573,""t"":343},{""x"":1019,""y"":561,""t"":378},{""x"":981,""y"":561,""t"":412},{""x"":947,""y"":551,""t"":446},{""x"":908,""y"":560,""t"":480},{""x"":875,""y"":546,""t"":514},{""x"":852,""y"":543,""t"":548},{""x"":841,""y"":554,""t"":581}]","{""#container"":{""x"":410,""y"":54.390625,""width"":1100,""height"":1000,""top"":54.390625,""right"":1510,""bottom"":1054.390625,""left"":410}}","red","4","true","[{""x"":250,""y"":500,""width"":80,""height"":80,""top"":460,""right"":290,""bottom"":540,""left"":210},{""x"":850,""y"":500,""width"":80,""height"":80,""top"":460,""right"":890,""bottom"":540,""left"":810}]"
"","canvas-keyboard-response","94","153364","0.0-5.0-5.0-0.8","","","","","null","null","","","","","","","","","recognition","[""5"",""6"",""5"",""6"",""6"",""4"",""5"",""4"",""4"",""5"",""6"",""5"",""6"",""4"",""5"",""4"",""6"",""4"",""6"",""5"",""5"",""4"",""4"",""6"",""6"",""4"",""5"",""5"",""5"",""4"",""4"",""6"",""6"",""6"",""5"",""4""]","1500","2","color","","","","","",""
"","canvas-keyboard-response","95","153483","0.0-5.0-5.0-1.8","","","","","null","null","","","","","","","","","recognition","[""5"",""6"",""5"",""6"",""6"",""4"",""5"",""4"",""4"",""5"",""6"",""5"",""6"",""4"",""5"",""4"",""6"",""4"",""6"",""5"",""5"",""4"",""4"",""6"",""6"",""4"",""5"",""5"",""5"",""4"",""4"",""6"",""6"",""6"",""5"",""4""]","1500","2","color","","","","","",""
"","canvas-keyboard-response","96","155931","0.0-5.0-5.0-2.8","","","","","940","5","","","[""green"",""blue""]","","","","","","","","","","","[{""x"":859,""y"":526,""t"":4},{""x"":843,""y"":510,""t"":48},{""x"":844,""y"":502,""t"":82},{""x"":848,""y"":495,""t"":113},{""x"":852,""y"":469,""t"":145},{""x"":861,""y"":451,""t"":175},{""x"":863,""y"":443,""t"":208},{""x"":857,""y"":421,""t"":242},{""x"":849,""y"":407,""t"":277},{""x"":841,""y"":392,""t"":310},{""x"":827,""y"":393,""t"":344},{""x"":827,""y"":414,""t"":377},{""x"":830,""y"":418,""t"":412},{""x"":818,""y"":412,""t"":445},{""x"":823,""y"":421,""t"":480},{""x"":824,""y"":439,""t"":514},{""x"":829,""y"":460,""t"":549},{""x"":854,""y"":515,""t"":583},{""x"":913,""y"":633,""t"":616},{""x"":986,""y"":818,""t"":651},{""x"":1028,""y"":968,""t"":684},{""x"":1050,""y"":1046,""t"":718},{""x"":1045,""y"":1050,""t"":753},{""x"":1033,""y"":984,""t"":786},{""x"":1055,""y"":912,""t"":819},{""x"":1011,""y"":829,""t"":854},{""x"":972,""y"":757,""t"":885}]","{""#container"":{""x"":410,""y"":54.390625,""width"":1100,""height"":1000,""top"":54.390625,""right"":1510,""bottom"":1054.390625,""left"":410}}","red","5","true","[{""x"":250,""y"":500,""width"":80,""height"":80,""top"":460,""right"":290,""bottom"":540,""left"":210},{""x"":850,""y"":500,""width"":80,""height"":80,""top"":460,""right"":890,""bottom"":540,""left"":810}]"
"","canvas-keyboard-response","97","156940","0.0-5.0-5.0-0.9","","","","","null","null","","","","","","","","","recognition","[""5"",""6"",""5"",""6"",""6"",""4"",""5"",""4"",""4"",""5"",""6"",""5"",""6"",""4"",""5"",""4"",""6"",""4"",""6"",""5"",""5"",""4"",""4"",""6"",""6"",""4"",""5"",""5"",""5"",""4"",""4"",""6"",""6"",""6"",""5"",""4""]","1500","2","color","","","","","",""
"","canvas-keyboard-response","98","157049","0.0-5.0-5.0-1.9","","","","","null","null","","","","","","","","","recognition","[""5"",""6"",""5"",""6"",""6"",""4"",""5"",""4"",""4"",""5"",""6"",""5"",""6"",""4"",""5"",""4"",""6"",""4"",""6"",""5"",""5"",""4"",""4"",""6"",""6"",""4"",""5"",""5"",""5"",""4"",""4"",""6"",""6"",""6"",""5"",""4""]","1500","2","color","","","","","",""
"","canvas-keyboard-response","99","159335","0.0-5.0-5.0-2.9","","","","","778","5","","","[""green"",""blue""]","","","","","","","","","","","[{""x"":952,""y"":614,""t"":5},{""x"":947,""y"":574,""t"":48},{""x"":926,""y"":520,""t"":79},{""x"":925,""y"":474,""t"":107},{""x"":925,""y"":451,""t"":141},{""x"":918,""y"":427,""t"":174},{""x"":894,""y"":402,""t"":208},{""x"":897,""y"":389,""t"":242},{""x"":890,""y"":383,""t"":276},{""x"":885,""y"":380,""t"":310},{""x"":875,""y"":374,""t"":345},{""x"":907,""y"":402,""t"":378},{""x"":960,""y"":498,""t"":412},{""x"":1030,""y"":658,""t"":447},{""x"":1078,""y"":813,""t"":480},{""x"":1111,""y"":933,""t"":514},{""x"":1137,""y"":976,""t"":547},{""x"":1142,""y"":951,""t"":582},{""x"":1126,""y"":895,""t"":616},{""x"":1121,""y"":836,""t"":651},{""x"":1077,""y"":732,""t"":684},{""x"":1043,""y"":643,""t"":718},{""x"":1022,""y"":584,""t"":752}]","{""#container"":{""x"":410,""y"":54.390625,""width"":1100,""height"":1000,""top"":54.390625,""right"":1510,""bottom"":1054.390625,""left"":410}}","red","5","true","[{""x"":250,""y"":500,""width"":80,""height"":80,""top"":460,""right"":290,""bottom"":540,""left"":210},{""x"":850,""y"":500,""width"":80,""height"":80,""top"":460,""right"":890,""bottom"":540,""left"":810}]"
"","canvas-keyboard-response","100","160344","0.0-5.0-5.0-0.10","","","","","null","null","","","","","","","","","recognition","[""5"",""6"",""5"",""6"",""6"",""4"",""5"",""4"",""4"",""5"",""6"",""5"",""6"",""4"",""5"",""4"",""6"",""4"",""6"",""5"",""5"",""4"",""4"",""6"",""6"",""4"",""5"",""5"",""5"",""4"",""4"",""6"",""6"",""6"",""5"",""4""]","1500","2","color","","","","","",""
"","canvas-keyboard-response","101","160451","0.0-5.0-5.0-1.10","","","","","null","null","","","","","","","","","recognition","[""5"",""6"",""5"",""6"",""6"",""4"",""5"",""4"",""4"",""5"",""6"",""5"",""6"",""4"",""5"",""4"",""6"",""4"",""6"",""5"",""5"",""4"",""4"",""6"",""6"",""4"",""5"",""5"",""5"",""4"",""4"",""6"",""6"",""6"",""5"",""4""]","1500","2","color","","","","","",""
"","canvas-keyboard-response","102","163099","0.0-5.0-5.0-2.10","","","","","1140","5","","","[""green"",""red""]","","","","","","","","","","","[{""x"":999,""y"":535,""t"":5},{""x"":992,""y"":498,""t"":48},{""x"":970,""y"":454,""t"":81},{""x"":983,""y"":463,""t"":112},{""x"":1004,""y"":469,""t"":142},{""x"":974,""y"":434,""t"":174},{""x"":967,""y"":419,""t"":208},{""x"":977,""y"":446,""t"":242},{""x"":938,""y"":449,""t"":277},{""x"":916,""y"":447,""t"":311},{""x"":891,""y"":451,""t"":345},{""x"":912,""y"":477,""t"":377},{""x"":974,""y"":510,""t"":411},{""x"":1002,""y"":521,""t"":447},{""x"":987,""y"":490,""t"":480},{""x"":1028,""y"":498,""t"":514},{""x"":1021,""y"":486,""t"":549},{""x"":1044,""y"":506,""t"":582},{""x"":1043,""y"":475,""t"":616},{""x"":1077,""y"":506,""t"":649},{""x"":1067,""y"":495,""t"":683},{""x"":1071,""y"":497,""t"":717},{""x"":1087,""y"":602,""t"":751},{""x"":1111,""y"":769,""t"":787},{""x"":1113,""y"":912,""t"":820},{""x"":1119,""y"":1028,""t"":855},{""x"":1141,""y"":1099,""t"":888},{""x"":1159,""y"":1108,""t"":922},{""x"":1140,""y"":1047,""t"":956},{""x"":1120,""y"":926,""t"":991},{""x"":1077,""y"":813,""t"":1024},{""x"":1040,""y"":715,""t"":1056},{""x"":1009,""y"":624,""t"":1093}]","{""#container"":{""x"":410,""y"":54.390625,""width"":1100,""height"":1000,""top"":54.390625,""right"":1510,""bottom"":1054.390625,""left"":410}}","blue","5","true","[{""x"":250,""y"":500,""width"":80,""height"":80,""top"":460,""right"":290,""bottom"":540,""left"":210},{""x"":850,""y"":500,""width"":80,""height"":80,""top"":460,""right"":890,""bottom"":540,""left"":810}]"
"","canvas-keyboard-response","103","164106","0.0-5.0-5.0-0.11","","","","","null","null","","","","","","","","","recognition","[""5"",""6"",""5"",""6"",""6"",""4"",""5"",""4"",""4"",""5"",""6"",""5"",""6"",""4"",""5"",""4"",""6"",""4"",""6"",""5"",""5"",""4"",""4"",""6"",""6"",""4"",""5"",""5"",""5"",""4"",""4"",""6"",""6"",""6"",""5"",""4""]","1500","2","color","","","","","",""
"","canvas-keyboard-response","104","164226","0.0-5.0-5.0-1.11","","","","","null","null","","","","","","","","","recognition","[""5"",""6"",""5"",""6"",""6"",""4"",""5"",""4"",""4"",""5"",""6"",""5"",""6"",""4"",""5"",""4"",""6"",""4"",""6"",""5"",""5"",""4"",""4"",""6"",""6"",""4"",""5"",""5"",""5"",""4"",""4"",""6"",""6"",""6"",""5"",""4""]","1500","2","color","","","","","",""
"","canvas-keyboard-response","105","167021","0.0-5.0-5.0-2.11","","","","","1286","4","","","[""green"",""blue""]","","","","","","","","","","","[{""x"":958,""y"":482,""t"":5},{""x"":947,""y"":445,""t"":42},{""x"":939,""y"":421,""t"":74},{""x"":936,""y"":405,""t"":106},{""x"":934,""y"":393,""t"":141},{""x"":926,""y"":383,""t"":175},{""x"":918,""y"":369,""t"":207},{""x"":929,""y"":382,""t"":242},{""x"":929,""y"":383,""t"":276},{""x"":931,""y"":385,""t"":310},{""x"":960,""y"":424,""t"":345},{""x"":974,""y"":498,""t"":378},{""x"":1038,""y"":676,""t"":412},{""x"":1073,""y"":851,""t"":446},{""x"":1080,""y"":979,""t"":480},{""x"":1093,""y"":1030,""t"":514},{""x"":1068,""y"":1009,""t"":549},{""x"":1036,""y"":951,""t"":582},{""x"":979,""y"":847,""t"":617},{""x"":929,""y"":724,""t"":650},{""x"":885,""y"":619,""t"":683},{""x"":842,""y"":540,""t"":718},{""x"":813,""y"":465,""t"":751},{""x"":778,""y"":402,""t"":786},{""x"":755,""y"":352,""t"":819},{""x"":738,""y"":313,""t"":851},{""x"":745,""y"":310,""t"":888},{""x"":738,""y"":320,""t"":922},{""x"":745,""y"":346,""t"":956},{""x"":756,""y"":358,""t"":990},{""x"":769,""y"":368,""t"":1025},{""x"":758,""y"":337,""t"":1058},{""x"":761,""y"":342,""t"":1092},{""x"":760,""y"":339,""t"":1126},{""x"":757,""y"":330,""t"":1160},{""x"":756,""y"":323,""t"":1193},{""x"":756,""y"":335,""t"":1230},{""x"":764,""y"":354,""t"":1261}]","{""#container"":{""x"":410,""y"":54.390625,""width"":1100,""height"":1000,""top"":54.390625,""right"":1510,""bottom"":1054.390625,""left"":410}}","green","4","true","[{""x"":250,""y"":500,""width"":80,""height"":80,""top"":460,""right"":290,""bottom"":540,""left"":210},{""x"":850,""y"":500,""width"":80,""height"":80,""top"":460,""right"":890,""bottom"":540,""left"":810}]"
"","canvas-keyboard-response","106","168029","0.0-5.0-5.0-0.12","","","","","null","null","","","","","","","","","recognition","[""5"",""6"",""5"",""6"",""6"",""4"",""5"",""4"",""4"",""5"",""6"",""5"",""6"",""4"",""5"",""4"",""6"",""4"",""6"",""5"",""5"",""4"",""4"",""6"",""6"",""4"",""5"",""5"",""5"",""4"",""4"",""6"",""6"",""6"",""5"",""4""]","1500","2","color","","","","","",""
"","canvas-keyboard-response","107","168137","0.0-5.0-5.0-1.12","","","","","null","null","","","","","","","","","recognition","[""5"",""6"",""5"",""6"",""6"",""4"",""5"",""4"",""4"",""5"",""6"",""5"",""6"",""4"",""5"",""4"",""6"",""4"",""6"",""5"",""5"",""4"",""4"",""6"",""6"",""4"",""5"",""5"",""5"",""4"",""4"",""6"",""6"",""6"",""5"",""4""]","1500","2","color","","","","","",""
"","canvas-keyboard-response","108","170203","0.0-5.0-5.0-2.12","","","","","557","4","","","[""red"",""blue""]","","","","","","","","","","","[{""x"":811,""y"":376,""t"":5},{""x"":860,""y"":395,""t"":46},{""x"":892,""y"":404,""t"":75},{""x"":922,""y"":423,""t"":104},{""x"":947,""y"":430,""t"":140},{""x"":951,""y"":433,""t"":174},{""x"":958,""y"":434,""t"":208},{""x"":963,""y"":427,""t"":243},{""x"":975,""y"":440,""t"":276},{""x"":975,""y"":440,""t"":309},{""x"":990,""y"":478,""t"":343},{""x"":1029,""y"":625,""t"":378},{""x"":1051,""y"":811,""t"":411},{""x"":1063,""y"":968,""t"":446},{""x"":1083,""y"":1085,""t"":480},{""x"":1076,""y"":1164,""t"":512}]","{""#container"":{""x"":410,""y"":54.390625,""width"":1100,""height"":1000,""top"":54.390625,""right"":1510,""bottom"":1054.390625,""left"":410}}","red","4","true","[{""x"":250,""y"":500,""width"":80,""height"":80,""top"":460,""right"":290,""bottom"":540,""left"":210},{""x"":850,""y"":500,""width"":80,""height"":80,""top"":460,""right"":890,""bottom"":540,""left"":810}]"
"","canvas-keyboard-response","109","171210","0.0-5.0-5.0-0.13","","","","","null","null","","","","","","","","","recognition","[""5"",""6"",""5"",""6"",""6"",""4"",""5"",""4"",""4"",""5"",""6"",""5"",""6"",""4"",""5"",""4"",""6"",""4"",""6"",""5"",""5"",""4"",""4"",""6"",""6"",""4"",""5"",""5"",""5"",""4"",""4"",""6"",""6"",""6"",""5"",""4""]","1500","2","color","","","","","",""
"","canvas-keyboard-response","110","171319","0.0-5.0-5.0-1.13","","","","","null","null","","","","","","","","","recognition","[""5"",""6"",""5"",""6"",""6"",""4"",""5"",""4"",""4"",""5"",""6"",""5"",""6"",""4"",""5"",""4"",""6"",""4"",""6"",""5"",""5"",""4"",""4"",""6"",""6"",""4"",""5"",""5"",""5"",""4"",""4"",""6"",""6"",""6"",""5"",""4""]","1500","2","color","","","","","",""
"","canvas-keyboard-response","111","173427","0.0-5.0-5.0-2.13","","","","","600","6","","","[""green"",""blue""]","","","","","","","","","","","[{""x"":1022,""y"":1014,""t"":4},{""x"":988,""y"":893,""t"":46},{""x"":975,""y"":776,""t"":75},{""x"":972,""y"":680,""t"":106},{""x"":959,""y"":593,""t"":140},{""x"":951,""y"":521,""t"":174},{""x"":939,""y"":463,""t"":208},{""x"":933,""y"":431,""t"":242},{""x"":915,""y"":400,""t"":277},{""x"":917,""y"":379,""t"":310},{""x"":916,""y"":364,""t"":344},{""x"":947,""y"":398,""t"":379},{""x"":954,""y"":482,""t"":412},{""x"":988,""y"":670,""t"":446},{""x"":1032,""y"":855,""t"":480},{""x"":1078,""y"":1004,""t"":514},{""x"":1090,""y"":1011,""t"":548}]","{""#container"":{""x"":410,""y"":54.390625,""width"":1100,""height"":1000,""top"":54.390625,""right"":1510,""bottom"":1054.390625,""left"":410}}","blue","6","true","[{""x"":250,""y"":500,""width"":80,""height"":80,""top"":460,""right"":290,""bottom"":540,""left"":210},{""x"":850,""y"":500,""width"":80,""height"":80,""top"":460,""right"":890,""bottom"":540,""left"":810}]"
"","canvas-keyboard-response","112","174437","0.0-5.0-5.0-0.14","","","","","null","null","","","","","","","","","recognition","[""5"",""6"",""5"",""6"",""6"",""4"",""5"",""4"",""4"",""5"",""6"",""5"",""6"",""4"",""5"",""4"",""6"",""4"",""6"",""5"",""5"",""4"",""4"",""6"",""6"",""4"",""5"",""5"",""5"",""4"",""4"",""6"",""6"",""6"",""5"",""4""]","1500","2","color","","","","","",""
"","canvas-keyboard-response","113","174545","0.0-5.0-5.0-1.14","","","","","null","null","","","","","","","","","recognition","[""5"",""6"",""5"",""6"",""6"",""4"",""5"",""4"",""4"",""5"",""6"",""5"",""6"",""4"",""5"",""4"",""6"",""4"",""6"",""5"",""5"",""4"",""4"",""6"",""6"",""4"",""5"",""5"",""5"",""4"",""4"",""6"",""6"",""6"",""5"",""4""]","1500","2","color","","","","","",""
"","canvas-keyboard-response","114","176667","0.0-5.0-5.0-2.14","","","","","612","6","","","[""blue"",""green""]","","","","","","","","","","","[{""x"":1078,""y"":908,""t"":5},{""x"":1066,""y"":875,""t"":50},{""x"":1039,""y"":813,""t"":81},{""x"":1009,""y"":719,""t"":112},{""x"":1006,""y"":661,""t"":142},{""x"":999,""y"":584,""t"":174},{""x"":1002,""y"":568,""t"":208},{""x"":1050,""y"":545,""t"":242},{""x"":1063,""y"":495,""t"":276},{""x"":1091,""y"":472,""t"":310},{""x"":1096,""y"":432,""t"":344},{""x"":1116,""y"":425,""t"":378},{""x"":1125,""y"":414,""t"":412},{""x"":1132,""y"":400,""t"":446},{""x"":1135,""y"":397,""t"":480},{""x"":1136,""y"":392,""t"":514},{""x"":1141,""y"":394,""t"":548},{""x"":1165,""y"":409,""t"":582}]","{""#container"":{""x"":410,""y"":54.390625,""width"":1100,""height"":1000,""top"":54.390625,""right"":1510,""bottom"":1054.390625,""left"":410}}","green","6","true","[{""x"":250,""y"":500,""width"":80,""height"":80,""top"":460,""right"":290,""bottom"":540,""left"":210},{""x"":850,""y"":500,""width"":80,""height"":80,""top"":460,""right"":890,""bottom"":540,""left"":810}]"
"","canvas-keyboard-response","115","177675","0.0-5.0-5.0-0.15","","","","","null","null","","","","","","","","","recognition","[""5"",""6"",""5"",""6"",""6"",""4"",""5"",""4"",""4"",""5"",""6"",""5"",""6"",""4"",""5"",""4"",""6"",""4"",""6"",""5"",""5"",""4"",""4"",""6"",""6"",""4"",""5"",""5"",""5"",""4"",""4"",""6"",""6"",""6"",""5"",""4""]","1500","2","color","","","","","",""
"","canvas-keyboard-response","116","177784","0.0-5.0-5.0-1.15","","","","","null","null","","","","","","","","","recognition","[""5"",""6"",""5"",""6"",""6"",""4"",""5"",""4"",""4"",""5"",""6"",""5"",""6"",""4"",""5"",""4"",""6"",""4"",""6"",""5"",""5"",""4"",""4"",""6"",""6"",""4"",""5"",""5"",""5"",""4"",""4"",""6"",""6"",""6"",""5"",""4""]","1500","2","color","","","","","",""
"","canvas-keyboard-response","117","180083","0.0-5.0-5.0-2.15","","","","","791","6","","","[""green"",""red""]","","","","","","","","","","","[{""x"":1172,""y"":465,""t"":5},{""x"":1126,""y"":452,""t"":48},{""x"":1095,""y"":480,""t"":79},{""x"":1069,""y"":498,""t"":110},{""x"":1061,""y"":529,""t"":141},{""x"":1041,""y"":563,""t"":174},{""x"":1047,""y"":569,""t"":208},{""x"":1021,""y"":537,""t"":241},{""x"":1030,""y"":552,""t"":284},{""x"":1023,""y"":566,""t"":312},{""x"":1000,""y"":530,""t"":343},{""x"":1027,""y"":554,""t"":378},{""x"":1053,""y"":528,""t"":412},{""x"":1097,""y"":524,""t"":446},{""x"":1119,""y"":501,""t"":480},{""x"":1143,""y"":488,""t"":514},{""x"":1167,""y"":483,""t"":548},{""x"":1184,""y"":475,""t"":582},{""x"":1199,""y"":476,""t"":616},{""x"":1214,""y"":485,""t"":650},{""x"":1209,""y"":483,""t"":684},{""x"":1150,""y"":478,""t"":717},{""x"":1089,""y"":468,""t"":751}]","{""#container"":{""x"":410,""y"":54.390625,""width"":1100,""height"":1000,""top"":54.390625,""right"":1510,""bottom"":1054.390625,""left"":410}}","red","6","true","[{""x"":250,""y"":500,""width"":80,""height"":80,""top"":460,""right"":290,""bottom"":540,""left"":210},{""x"":850,""y"":500,""width"":80,""height"":80,""top"":460,""right"":890,""bottom"":540,""left"":810}]"
"","canvas-keyboard-response","118","181091","0.0-5.0-5.0-0.16","","","","","null","null","","","","","","","","","recognition","[""5"",""6"",""5"",""6"",""6"",""4"",""5"",""4"",""4"",""5"",""6"",""5"",""6"",""4"",""5"",""4"",""6"",""4"",""6"",""5"",""5"",""4"",""4"",""6"",""6"",""4"",""5"",""5"",""5"",""4"",""4"",""6"",""6"",""6"",""5"",""4""]","1500","2","color","","","","","",""
"","canvas-keyboard-response","119","181200","0.0-5.0-5.0-1.16","","","","","null","null","","","","","","","","","recognition","[""5"",""6"",""5"",""6"",""6"",""4"",""5"",""4"",""4"",""5"",""6"",""5"",""6"",""4"",""5"",""4"",""6"",""4"",""6"",""5"",""5"",""4"",""4"",""6"",""6"",""4"",""5"",""5"",""5"",""4"",""4"",""6"",""6"",""6"",""5"",""4""]","1500","2","color","","","","","",""
"","canvas-keyboard-response","120","183675","0.0-5.0-5.0-2.16","","","","","966","5","","","[""red"",""blue""]","","","","","","","","","","","[{""x"":1037,""y"":491,""t"":4},{""x"":1019,""y"":488,""t"":39},{""x"":994,""y"":472,""t"":73},{""x"":963,""y"":458,""t"":107},{""x"":974,""y"":480,""t"":140},{""x"":963,""y"":474,""t"":174},{""x"":955,""y"":471,""t"":207},{""x"":961,""y"":499,""t"":243},{""x"":975,""y"":494,""t"":276},{""x"":981,""y"":491,""t"":310},{""x"":999,""y"":508,""t"":344},{""x"":1008,""y"":567,""t"":377},{""x"":1046,""y"":746,""t"":413},{""x"":1080,""y"":923,""t"":446},{""x"":1102,""y"":1096,""t"":479},{""x"":1121,""y"":1190,""t"":512},{""x"":1153,""y"":1225,""t"":549},{""x"":1140,""y"":1194,""t"":582},{""x"":1112,""y"":1087,""t"":616},{""x"":1094,""y"":993,""t"":651},{""x"":1075,""y"":889,""t"":683},{""x"":1066,""y"":780,""t"":717},{""x"":1063,""y"":705,""t"":751},{""x"":1067,""y"":633,""t"":786},{""x"":1037,""y"":559,""t"":820},{""x"":991,""y"":493,""t"":854},{""x"":957,""y"":476,""t"":885},{""x"":933,""y"":457,""t"":921}]","{""#container"":{""x"":410,""y"":54.390625,""width"":1100,""height"":1000,""top"":54.390625,""right"":1510,""bottom"":1054.390625,""left"":410}}","green","5","true","[{""x"":250,""y"":500,""width"":80,""height"":80,""top"":460,""right"":290,""bottom"":540,""left"":210},{""x"":850,""y"":500,""width"":80,""height"":80,""top"":460,""right"":890,""bottom"":540,""left"":810}]"
"","canvas-keyboard-response","121","184683","0.0-5.0-5.0-0.17","","","","","null","null","","","","","","","","","recognition","[""5"",""6"",""5"",""6"",""6"",""4"",""5"",""4"",""4"",""5"",""6"",""5"",""6"",""4"",""5"",""4"",""6"",""4"",""6"",""5"",""5"",""4"",""4"",""6"",""6"",""4"",""5"",""5"",""5"",""4"",""4"",""6"",""6"",""6"",""5"",""4""]","1500","2","color","","","","","",""
"","canvas-keyboard-response","122","184790","0.0-5.0-5.0-1.17","","","","","null","null","","","","","","","","","recognition","[""5"",""6"",""5"",""6"",""6"",""4"",""5"",""4"",""4"",""5"",""6"",""5"",""6"",""4"",""5"",""4"",""6"",""4"",""6"",""5"",""5"",""4"",""4"",""6"",""6"",""4"",""5"",""5"",""5"",""4"",""4"",""6"",""6"",""6"",""5"",""4""]","1500","2","color","","","","","",""
"","canvas-keyboard-response","123","187657","0.0-5.0-5.0-2.17","","","","","1358","4","","","[""blue"",""green""]","","","","","","","","","","","[{""x"":904,""y"":431,""t"":4},{""x"":903,""y"":414,""t"":41},{""x"":913,""y"":392,""t"":72},{""x"":922,""y"":387,""t"":106},{""x"":921,""y"":394,""t"":140},{""x"":965,""y"":460,""t"":173},{""x"":1003,""y"":605,""t"":208},{""x"":1037,""y"":817,""t"":241},{""x"":1065,""y"":959,""t"":276},{""x"":1085,""y"":984,""t"":310},{""x"":1100,""y"":1026,""t"":344},{""x"":1062,""y"":948,""t"":378},{""x"":1028,""y"":858,""t"":412},{""x"":1020,""y"":767,""t"":446},{""x"":1019,""y"":694,""t"":480},{""x"":1017,""y"":607,""t"":513},{""x"":1042,""y"":592,""t"":548},{""x"":1042,""y"":574,""t"":581},{""x"":1035,""y"":536,""t"":617},{""x"":1062,""y"":529,""t"":650},{""x"":1069,""y"":519,""t"":684},{""x"":1052,""y"":483,""t"":719},{""x"":1073,""y"":502,""t"":751},{""x"":1043,""y"":472,""t"":786},{""x"":991,""y"":479,""t"":820},{""x"":930,""y"":438,""t"":854},{""x"":905,""y"":447,""t"":888},{""x"":859,""y"":447,""t"":922},{""x"":818,""y"":414,""t"":956},{""x"":806,""y"":388,""t"":991},{""x"":791,""y"":367,""t"":1024},{""x"":778,""y"":355,""t"":1058},{""x"":770,""y"":342,""t"":1092},{""x"":763,""y"":346,""t"":1126},{""x"":768,""y"":347,""t"":1160},{""x"":786,""y"":351,""t"":1195},{""x"":795,""y"":346,""t"":1228},{""x"":811,""y"":384,""t"":1260},{""x"":813,""y"":363,""t"":1296},{""x"":814,""y"":388,""t"":1330}]","{""#container"":{""x"":410,""y"":54.390625,""width"":1100,""height"":1000,""top"":54.390625,""right"":1510,""bottom"":1054.390625,""left"":410}}","blue","4","true","[{""x"":250,""y"":500,""width"":80,""height"":80,""top"":460,""right"":290,""bottom"":540,""left"":210},{""x"":850,""y"":500,""width"":80,""height"":80,""top"":460,""right"":890,""bottom"":540,""left"":810}]"
"true","fullscreen","124","188158","0.0-6.0","","","","","","","","","","","","","","","","","","","","","","","","",""
"","html-button-response","125","192252","0.0-7.0","","","","","4093","0","","","
         <p>实验结束!</p>
         <p>点击下载数据。</p>
","","","","","","","","","","","","","","","",""
