"success","trial_type","trial_index","time_elapsed","internal_node_id","timeout","failed_images","failed_audio","failed_video","rt","response","question_order","load_time","stimulus","raw_gaze","percent_in_roi","average_offset","validation_points","samples_per_sec","task","ans","ISI","shapeorcolor","size","webgazer_data","webgazer_targets","target","response_answer","correct","webgazer_targets_data"
"true","fullscreen","0","1562","0.0-0.0","","","","","","","","","","","","","","","","","","","","","","","","",""
"true","preload","1","1572","0.0-1.0","false","[]","[]","[]","","","","","","","","","","","","","","","","","","","","",""
"","survey-text","2","5959","0.0-2.0-0.0","","","","","4385","{""name"":""张小雨"",""age"":""23""}","","","","","","","","","","","","","","","","","","",""
"","survey-multi-choice","3","8182","0.0-2.0-1.0","","","","","2221","{""sex"":""女""}","[0]","","","","","","","","","","","","","","","","","",""
"","webgazer-init-camera","4","34113","0.0-3.0","","","","","","","","2121","","","","","","","","","","","","","","","","",""
"","html-button-response","5","35343","0.0-4.0-0.0","","","","","1227","0","","","
        <p>现在，眼动追踪器将经过校准，将你眼睛的图像从网络摄像头转换到你屏幕上的某个位置。</p>
        <p>为此，需要单击一系列点。</p>
        <p>保持头不动，点击每一个出现的点。当点击它的时候，看着这个点。</p>
      ","","","","","","","","","","","","","","","",""
"","webgazer-calibrate","6","47386","0.0-4.0-1.0","","","","","","","","","","","","","","","","","","","","","","","","",""
"","html-button-response","7","48353","0.0-4.0-2.0","","","","","967","0","","","
        <p>展示眼球追踪的准确性</p>
        <p>保持头不动，当每个点出现时，移动眼睛聚焦在它上面。</p>
        <p>不需要点击点。移动眼睛看这些点。</p>
      ","","","","","","","","","","","","","","","",""
"","webgazer-validate","8","65734","0.0-4.0-3.0","","","","","","","","","","[[{""x"":382,""y"":230,""dx"":-37.05753517150879,""dy"":-10.438058853149414,""t"":989},{""x"":372,""y"":240,""dx"":-47.05753517150879,""dy"":-0.43805885314941406,""t"":1022},{""x"":345,""y"":240,""dx"":-74.05753517150879,""dy"":-0.43805885314941406,""t"":1056},{""x"":338,""y"":240,""dx"":-81.05753517150879,""dy"":-0.43805885314941406,""t"":1092},{""x"":342,""y"":247,""dx"":-77.05753517150879,""dy"":6.561941146850586,""t"":1126},{""x"":379,""y"":254,""dx"":-40.05753517150879,""dy"":13.561941146850586,""t"":1158},{""x"":390,""y"":253,""dx"":-29.05753517150879,""dy"":12.561941146850586,""t"":1193},{""x"":416,""y"":250,""dx"":-3.057535171508789,""dy"":9.561941146850586,""t"":1225},{""x"":456,""y"":256,""dx"":36.94246482849121,""dy"":15.561941146850586,""t"":1260},{""x"":460,""y"":252,""dx"":40.94246482849121,""dy"":11.561941146850586,""t"":1294},{""x"":464,""y"":238,""dx"":44.94246482849121,""dy"":-2.438058853149414,""t"":1327},{""x"":469,""y"":252,""dx"":49.94246482849121,""dy"":11.561941146850586,""t"":1362},{""x"":489,""y"":268,""dx"":69.94246482849121,""dy"":27.561941146850586,""t"":1397},{""x"":526,""y"":285,""dx"":106.94246482849121,""dy"":44.561941146850586,""t"":1431},{""x"":510,""y"":286,""dx"":90.94246482849121,""dy"":45.561941146850586,""t"":1466},{""x"":506,""y"":286,""dx"":86.94246482849121,""dy"":45.561941146850586,""t"":1498},{""x"":509,""y"":261,""dx"":89.94246482849121,""dy"":20.561941146850586,""t"":1531},{""x"":471,""y"":257,""dx"":51.94246482849121,""dy"":16.561941146850586,""t"":1566},{""x"":459,""y"":267,""dx"":39.94246482849121,""dy"":26.561941146850586,""t"":1601},{""x"":465,""y"":252,""dx"":45.94246482849121,""dy"":11.561941146850586,""t"":1634},{""x"":463,""y"":248,""dx"":43.94246482849121,""dy"":7.561941146850586,""t"":1670},{""x"":462,""y"":244,""dx"":42.94246482849121,""dy"":3.561941146850586,""t"":1701},{""x"":461,""y"":266,""dx"":41.94246482849121,""dy"":25.561941146850586,""t"":1740},{""x"":450,""y"":276,""dx"":30.94246482849121,""dy"":35.561941146850586,""t"":1777},{""x"":452,""y"":284,""dx"":32.94246482849121,""dy"":43.561941146850586,""t"":1809},{""x"":455,""y"":290,""dx"":35.94246482849121,""dy"":49.561941146850586,""t"":1840},{""x"":452,""y"":290,""dx"":32.94246482849121,""dy"":49.561941146850586,""t"":1874},{""x"":465,""y"":290,""dx"":45.94246482849121,""dy"":49.561941146850586,""t"":1906},{""x"":463,""y"":269,""dx"":43.94246482849121,""dy"":28.561941146850586,""t"":1941},{""x"":493,""y"":293,""dx"":73.94246482849121,""dy"":52.561941146850586,""t"":1974},{""x"":510,""y"":314,""dx"":90.94246482849121,""dy"":73.56194114685059,""t"":2008},{""x"":506,""y"":325,""dx"":86.94246482849121,""dy"":84.56194114685059,""t"":2043},{""x"":514,""y"":344,""dx"":94.94246482849121,""dy"":103.56194114685059,""t"":2078},{""x"":545,""y"":369,""dx"":125.94246482849121,""dy"":128.5619411468506,""t"":2110},{""x"":542,""y"":380,""dx"":122.94246482849121,""dy"":139.5619411468506,""t"":2144},{""x"":533,""y"":385,""dx"":113.94246482849121,""dy"":144.5619411468506,""t"":2178},{""x"":544,""y"":372,""dx"":124.94246482849121,""dy"":131.5619411468506,""t"":2212},{""x"":552,""y"":359,""dx"":132.9424648284912,""dy"":118.56194114685059,""t"":2245},{""x"":528,""y"":355,""dx"":108.94246482849121,""dy"":114.56194114685059,""t"":2280},{""x"":530,""y"":350,""dx"":110.94246482849121,""dy"":109.56194114685059,""t"":2314},{""x"":540,""y"":352,""dx"":120.94246482849121,""dy"":111.56194114685059,""t"":2348},{""x"":504,""y"":349,""dx"":84.94246482849121,""dy"":108.56194114685059,""t"":2382},{""x"":486,""y"":331,""dx"":66.94246482849121,""dy"":90.56194114685059,""t"":2416},{""x"":489,""y"":327,""dx"":69.94246482849121,""dy"":86.56194114685059,""t"":2451},{""x"":477,""y"":326,""dx"":57.94246482849121,""dy"":85.56194114685059,""t"":2484},{""x"":486,""y"":332,""dx"":66.94246482849121,""dy"":91.56194114685059,""t"":2519},{""x"":500,""y"":337,""dx"":80.94246482849121,""dy"":96.56194114685059,""t"":2553},{""x"":521,""y"":347,""dx"":101.94246482849121,""dy"":106.56194114685059,""t"":2586},{""x"":509,""y"":346,""dx"":89.94246482849121,""dy"":105.56194114685059,""t"":2620},{""x"":503,""y"":330,""dx"":83.94246482849121,""dy"":89.56194114685059,""t"":2655},{""x"":518,""y"":341,""dx"":98.94246482849121,""dy"":100.56194114685059,""t"":2689},{""x"":518,""y"":344,""dx"":98.94246482849121,""dy"":103.56194114685059,""t"":2723},{""x"":491,""y"":318,""dx"":71.94246482849121,""dy"":77.56194114685059,""t"":2757},{""x"":493,""y"":324,""dx"":73.94246482849121,""dy"":83.56194114685059,""t"":2790},{""x"":490,""y"":339,""dx"":70.94246482849121,""dy"":98.56194114685059,""t"":2824},{""x"":496,""y"":362,""dx"":76.94246482849121,""dy"":121.56194114685059,""t"":2859},{""x"":491,""y"":376,""dx"":71.94246482849121,""dy"":135.5619411468506,""t"":2893},{""x"":488,""y"":384,""dx"":68.94246482849121,""dy"":143.5619411468506,""t"":2927},{""x"":493,""y"":396,""dx"":73.94246482849121,""dy"":155.5619411468506,""t"":2961}],[{""x"":1290,""y"":351,""dx"":54.51766014099121,""dy"":110.56194114685059,""t"":3981},{""x"":1285,""y"":365,""dx"":49.51766014099121,""dy"":124.56194114685059,""t"":4014},{""x"":1259,""y"":356,""dx"":23.51766014099121,""dy"":115.56194114685059,""t"":4048},{""x"":1274,""y"":347,""dx"":38.51766014099121,""dy"":106.56194114685059,""t"":4082},{""x"":1291,""y"":346,""dx"":55.51766014099121,""dy"":105.56194114685059,""t"":4118},{""x"":1274,""y"":349,""dx"":38.51766014099121,""dy"":108.56194114685059,""t"":4150},{""x"":1279,""y"":353,""dx"":43.51766014099121,""dy"":112.56194114685059,""t"":4184},{""x"":1291,""y"":351,""dx"":55.51766014099121,""dy"":110.56194114685059,""t"":4218},{""x"":1307,""y"":353,""dx"":71.51766014099121,""dy"":112.56194114685059,""t"":4252},{""x"":1313,""y"":352,""dx"":77.51766014099121,""dy"":111.56194114685059,""t"":4286},{""x"":1300,""y"":343,""dx"":64.51766014099121,""dy"":102.56194114685059,""t"":4321},{""x"":1278,""y"":343,""dx"":42.51766014099121,""dy"":102.56194114685059,""t"":4356},{""x"":1286,""y"":344,""dx"":50.51766014099121,""dy"":103.56194114685059,""t"":4389},{""x"":1289,""y"":342,""dx"":53.51766014099121,""dy"":101.56194114685059,""t"":4423},{""x"":1307,""y"":333,""dx"":71.51766014099121,""dy"":92.56194114685059,""t"":4458},{""x"":1275,""y"":321,""dx"":39.51766014099121,""dy"":80.56194114685059,""t"":4490},{""x"":1283,""y"":325,""dx"":47.51766014099121,""dy"":84.56194114685059,""t"":4526},{""x"":1317,""y"":331,""dx"":81.51766014099121,""dy"":90.56194114685059,""t"":4558},{""x"":1315,""y"":336,""dx"":79.51766014099121,""dy"":95.56194114685059,""t"":4592},{""x"":1301,""y"":337,""dx"":65.51766014099121,""dy"":96.56194114685059,""t"":4626},{""x"":1308,""y"":336,""dx"":72.51766014099121,""dy"":95.56194114685059,""t"":4660},{""x"":1327,""y"":323,""dx"":91.51766014099121,""dy"":82.56194114685059,""t"":4694},{""x"":1296,""y"":333,""dx"":60.51766014099121,""dy"":92.56194114685059,""t"":4728},{""x"":1284,""y"":353,""dx"":48.51766014099121,""dy"":112.56194114685059,""t"":4762},{""x"":1266,""y"":353,""dx"":30.51766014099121,""dy"":112.56194114685059,""t"":4797},{""x"":1216,""y"":352,""dx"":-19.48233985900879,""dy"":111.56194114685059,""t"":4831},{""x"":1241,""y"":338,""dx"":5.517660140991211,""dy"":97.56194114685059,""t"":4864},{""x"":1251,""y"":321,""dx"":15.517660140991211,""dy"":80.56194114685059,""t"":4899},{""x"":1260,""y"":315,""dx"":24.51766014099121,""dy"":74.56194114685059,""t"":4934},{""x"":1277,""y"":310,""dx"":41.51766014099121,""dy"":69.56194114685059,""t"":4966},{""x"":1271,""y"":297,""dx"":35.51766014099121,""dy"":56.561941146850586,""t"":4999},{""x"":1289,""y"":307,""dx"":53.51766014099121,""dy"":66.56194114685059,""t"":5034},{""x"":1297,""y"":299,""dx"":61.51766014099121,""dy"":58.561941146850586,""t"":5126},{""x"":1293,""y"":319,""dx"":57.51766014099121,""dy"":78.56194114685059,""t"":5146},{""x"":1292,""y"":315,""dx"":56.51766014099121,""dy"":74.56194114685059,""t"":5182},{""x"":1291,""y"":311,""dx"":55.51766014099121,""dy"":70.56194114685059,""t"":5204},{""x"":1286,""y"":329,""dx"":50.51766014099121,""dy"":88.56194114685059,""t"":5239},{""x"":1257,""y"":342,""dx"":21.51766014099121,""dy"":101.56194114685059,""t"":5272},{""x"":1227,""y"":347,""dx"":-8.482339859008789,""dy"":106.56194114685059,""t"":5306},{""x"":1225,""y"":363,""dx"":-10.482339859008789,""dy"":122.56194114685059,""t"":5342},{""x"":1227,""y"":379,""dx"":-8.482339859008789,""dy"":138.5619411468506,""t"":5374},{""x"":1220,""y"":371,""dx"":-15.482339859008789,""dy"":130.5619411468506,""t"":5408},{""x"":1208,""y"":357,""dx"":-27.48233985900879,""dy"":116.56194114685059,""t"":5442},{""x"":1208,""y"":362,""dx"":-27.48233985900879,""dy"":121.56194114685059,""t"":5478},{""x"":1219,""y"":375,""dx"":-16.48233985900879,""dy"":134.5619411468506,""t"":5510},{""x"":1237,""y"":389,""dx"":1.517660140991211,""dy"":148.5619411468506,""t"":5544},{""x"":1279,""y"":416,""dx"":43.51766014099121,""dy"":175.5619411468506,""t"":5579},{""x"":1290,""y"":421,""dx"":54.51766014099121,""dy"":180.5619411468506,""t"":5612},{""x"":1298,""y"":422,""dx"":62.51766014099121,""dy"":181.5619411468506,""t"":5647},{""x"":1309,""y"":412,""dx"":73.51766014099121,""dy"":171.5619411468506,""t"":5680},{""x"":1317,""y"":406,""dx"":81.51766014099121,""dy"":165.5619411468506,""t"":5714},{""x"":1271,""y"":391,""dx"":35.51766014099121,""dy"":150.5619411468506,""t"":5748},{""x"":1233,""y"":385,""dx"":-2.482339859008789,""dy"":144.5619411468506,""t"":5782},{""x"":1167,""y"":384,""dx"":-68.48233985900879,""dy"":143.5619411468506,""t"":5816},{""x"":1139,""y"":380,""dx"":-96.48233985900879,""dy"":139.5619411468506,""t"":5850},{""x"":1109,""y"":374,""dx"":-126.48233985900879,""dy"":133.5619411468506,""t"":5884},{""x"":1092,""y"":376,""dx"":-143.4823398590088,""dy"":135.5619411468506,""t"":5917},{""x"":1057,""y"":387,""dx"":-178.4823398590088,""dy"":146.5619411468506,""t"":5952},{""x"":1051,""y"":379,""dx"":-184.4823398590088,""dy"":138.5619411468506,""t"":5987}],[{""x"":1015,""y"":405,""dx"":187.7300624847412,""dy"":-65.03098487854004,""t"":7007},{""x"":988,""y"":389,""dx"":160.7300624847412,""dy"":-81.03098487854004,""t"":7042},{""x"":994,""y"":419,""dx"":166.7300624847412,""dy"":-51.03098487854004,""t"":7074},{""x"":1033,""y"":414,""dx"":205.7300624847412,""dy"":-56.03098487854004,""t"":7108},{""x"":1011,""y"":407,""dx"":183.7300624847412,""dy"":-63.03098487854004,""t"":7143},{""x"":992,""y"":401,""dx"":164.7300624847412,""dy"":-69.03098487854004,""t"":7175},{""x"":982,""y"":401,""dx"":154.7300624847412,""dy"":-69.03098487854004,""t"":7210},{""x"":939,""y"":367,""dx"":111.73006248474121,""dy"":-103.03098487854004,""t"":7246},{""x"":921,""y"":353,""dx"":93.73006248474121,""dy"":-117.03098487854004,""t"":7279},{""x"":919,""y"":353,""dx"":91.73006248474121,""dy"":-117.03098487854004,""t"":7312},{""x"":918,""y"":353,""dx"":90.73006248474121,""dy"":-117.03098487854004,""t"":7346},{""x"":924,""y"":395,""dx"":96.73006248474121,""dy"":-75.03098487854004,""t"":7383},{""x"":928,""y"":378,""dx"":100.73006248474121,""dy"":-92.03098487854004,""t"":7416},{""x"":947,""y"":381,""dx"":119.73006248474121,""dy"":-89.03098487854004,""t"":7449},{""x"":941,""y"":365,""dx"":113.73006248474121,""dy"":-105.03098487854004,""t"":7484},{""x"":952,""y"":347,""dx"":124.73006248474121,""dy"":-123.03098487854004,""t"":7516},{""x"":992,""y"":356,""dx"":164.7300624847412,""dy"":-114.03098487854004,""t"":7550},{""x"":1015,""y"":368,""dx"":187.7300624847412,""dy"":-102.03098487854004,""t"":7587},{""x"":1031,""y"":384,""dx"":203.7300624847412,""dy"":-86.03098487854004,""t"":7622},{""x"":1032,""y"":390,""dx"":204.7300624847412,""dy"":-80.03098487854004,""t"":7657},{""x"":1042,""y"":410,""dx"":214.7300624847412,""dy"":-60.03098487854004,""t"":7689},{""x"":1089,""y"":407,""dx"":261.7300624847412,""dy"":-63.03098487854004,""t"":7721},{""x"":1081,""y"":410,""dx"":253.7300624847412,""dy"":-60.03098487854004,""t"":7755},{""x"":1074,""y"":399,""dx"":246.7300624847412,""dy"":-71.03098487854004,""t"":7791},{""x"":1079,""y"":381,""dx"":251.7300624847412,""dy"":-89.03098487854004,""t"":7822},{""x"":1078,""y"":377,""dx"":250.7300624847412,""dy"":-93.03098487854004,""t"":7857},{""x"":1074,""y"":376,""dx"":246.7300624847412,""dy"":-94.03098487854004,""t"":7892},{""x"":1086,""y"":369,""dx"":258.7300624847412,""dy"":-101.03098487854004,""t"":7926},{""x"":1068,""y"":366,""dx"":240.7300624847412,""dy"":-104.03098487854004,""t"":7959},{""x"":1041,""y"":351,""dx"":213.7300624847412,""dy"":-119.03098487854004,""t"":7993},{""x"":992,""y"":334,""dx"":164.7300624847412,""dy"":-136.03098487854004,""t"":8027},{""x"":962,""y"":327,""dx"":134.7300624847412,""dy"":-143.03098487854004,""t"":8060},{""x"":965,""y"":329,""dx"":137.7300624847412,""dy"":-141.03098487854004,""t"":8095},{""x"":956,""y"":316,""dx"":128.7300624847412,""dy"":-154.03098487854004,""t"":8128},{""x"":971,""y"":314,""dx"":143.7300624847412,""dy"":-156.03098487854004,""t"":8164},{""x"":970,""y"":329,""dx"":142.7300624847412,""dy"":-141.03098487854004,""t"":8199},{""x"":946,""y"":321,""dx"":118.73006248474121,""dy"":-149.03098487854004,""t"":8234},{""x"":944,""y"":341,""dx"":116.73006248474121,""dy"":-129.03098487854004,""t"":8266},{""x"":921,""y"":329,""dx"":93.73006248474121,""dy"":-141.03098487854004,""t"":8299},{""x"":952,""y"":341,""dx"":124.73006248474121,""dy"":-129.03098487854004,""t"":8336},{""x"":933,""y"":344,""dx"":105.73006248474121,""dy"":-126.03098487854004,""t"":8366},{""x"":913,""y"":313,""dx"":85.73006248474121,""dy"":-157.03098487854004,""t"":8403},{""x"":958,""y"":341,""dx"":130.7300624847412,""dy"":-129.03098487854004,""t"":8435},{""x"":975,""y"":362,""dx"":147.7300624847412,""dy"":-108.03098487854004,""t"":8470},{""x"":968,""y"":366,""dx"":140.7300624847412,""dy"":-104.03098487854004,""t"":8506},{""x"":957,""y"":357,""dx"":129.7300624847412,""dy"":-113.03098487854004,""t"":8535},{""x"":956,""y"":362,""dx"":128.7300624847412,""dy"":-108.03098487854004,""t"":8571},{""x"":981,""y"":397,""dx"":153.7300624847412,""dy"":-73.03098487854004,""t"":8603},{""x"":999,""y"":425,""dx"":171.7300624847412,""dy"":-45.03098487854004,""t"":8640},{""x"":1008,""y"":441,""dx"":180.7300624847412,""dy"":-29.03098487854004,""t"":8688},{""x"":1015,""y"":453,""dx"":187.7300624847412,""dy"":-17.03098487854004,""t"":8706},{""x"":1043,""y"":459,""dx"":215.7300624847412,""dy"":-11.030984878540039,""t"":8741},{""x"":1026,""y"":469,""dx"":198.7300624847412,""dy"":-1.030984878540039,""t"":8817},{""x"":1029,""y"":432,""dx"":201.7300624847412,""dy"":-38.03098487854004,""t"":8830},{""x"":1041,""y"":451,""dx"":213.7300624847412,""dy"":-19.03098487854004,""t"":8861},{""x"":1038,""y"":442,""dx"":210.7300624847412,""dy"":-28.03098487854004,""t"":8889},{""x"":943,""y"":482,""dx"":115.73006248474121,""dy"":11.969015121459961,""t"":8923},{""x"":801,""y"":517,""dx"":-26.26993751525879,""dy"":46.96901512145996,""t"":8955},{""x"":653,""y"":529,""dx"":-174.2699375152588,""dy"":58.96901512145996,""t"":8989}],[{""x"":367,""y"":725,""dx"":-52.05753517150879,""dy"":25.37611961364746,""t"":10036},{""x"":354,""y"":687,""dx"":-65.05753517150879,""dy"":-12.623880386352539,""t"":10070},{""x"":344,""y"":653,""dx"":-75.05753517150879,""dy"":-46.62388038635254,""t"":10101},{""x"":342,""y"":649,""dx"":-77.05753517150879,""dy"":-50.62388038635254,""t"":10136},{""x"":360,""y"":663,""dx"":-59.05753517150879,""dy"":-36.62388038635254,""t"":10169},{""x"":357,""y"":652,""dx"":-62.05753517150879,""dy"":-47.62388038635254,""t"":10203},{""x"":371,""y"":652,""dx"":-48.05753517150879,""dy"":-47.62388038635254,""t"":10238},{""x"":384,""y"":663,""dx"":-35.05753517150879,""dy"":-36.62388038635254,""t"":10270},{""x"":432,""y"":671,""dx"":12.942464828491211,""dy"":-28.62388038635254,""t"":10303},{""x"":459,""y"":686,""dx"":39.94246482849121,""dy"":-13.623880386352539,""t"":10338},{""x"":497,""y"":712,""dx"":77.94246482849121,""dy"":12.376119613647461,""t"":10373},{""x"":500,""y"":732,""dx"":80.94246482849121,""dy"":32.37611961364746,""t"":10407},{""x"":498,""y"":756,""dx"":78.94246482849121,""dy"":56.37611961364746,""t"":10442},{""x"":510,""y"":778,""dx"":90.94246482849121,""dy"":78.37611961364746,""t"":10474},{""x"":505,""y"":793,""dx"":85.94246482849121,""dy"":93.37611961364746,""t"":10506},{""x"":475,""y"":792,""dx"":55.94246482849121,""dy"":92.37611961364746,""t"":10541},{""x"":477,""y"":787,""dx"":57.94246482849121,""dy"":87.37611961364746,""t"":10577},{""x"":468,""y"":789,""dx"":48.94246482849121,""dy"":89.37611961364746,""t"":10614},{""x"":458,""y"":773,""dx"":38.94246482849121,""dy"":73.37611961364746,""t"":10711},{""x"":447,""y"":743,""dx"":27.94246482849121,""dy"":43.37611961364746,""t"":10747},{""x"":465,""y"":744,""dx"":45.94246482849121,""dy"":44.37611961364746,""t"":10783},{""x"":455,""y"":751,""dx"":35.94246482849121,""dy"":51.37611961364746,""t"":10816},{""x"":443,""y"":750,""dx"":23.94246482849121,""dy"":50.37611961364746,""t"":10848},{""x"":428,""y"":742,""dx"":8.942464828491211,""dy"":42.37611961364746,""t"":10882},{""x"":404,""y"":728,""dx"":-15.057535171508789,""dy"":28.37611961364746,""t"":10916},{""x"":390,""y"":701,""dx"":-29.05753517150879,""dy"":1.376119613647461,""t"":10951},{""x"":351,""y"":664,""dx"":-68.05753517150879,""dy"":-35.62388038635254,""t"":10985},{""x"":363,""y"":655,""dx"":-56.05753517150879,""dy"":-44.62388038635254,""t"":11018},{""x"":337,""y"":634,""dx"":-82.05753517150879,""dy"":-65.62388038635254,""t"":11053},{""x"":333,""y"":628,""dx"":-86.05753517150879,""dy"":-71.62388038635254,""t"":11086},{""x"":346,""y"":640,""dx"":-73.05753517150879,""dy"":-59.62388038635254,""t"":11120},{""x"":363,""y"":643,""dx"":-56.05753517150879,""dy"":-56.62388038635254,""t"":11154},{""x"":386,""y"":646,""dx"":-33.05753517150879,""dy"":-53.62388038635254,""t"":11188},{""x"":398,""y"":644,""dx"":-21.05753517150879,""dy"":-55.62388038635254,""t"":11222},{""x"":390,""y"":652,""dx"":-29.05753517150879,""dy"":-47.62388038635254,""t"":11257},{""x"":429,""y"":666,""dx"":9.942464828491211,""dy"":-33.62388038635254,""t"":11290},{""x"":420,""y"":657,""dx"":0.9424648284912109,""dy"":-42.62388038635254,""t"":11324},{""x"":432,""y"":661,""dx"":12.942464828491211,""dy"":-38.62388038635254,""t"":11358},{""x"":431,""y"":661,""dx"":11.942464828491211,""dy"":-38.62388038635254,""t"":11393},{""x"":436,""y"":667,""dx"":16.94246482849121,""dy"":-32.62388038635254,""t"":11426},{""x"":461,""y"":670,""dx"":41.94246482849121,""dy"":-29.62388038635254,""t"":11460},{""x"":456,""y"":666,""dx"":36.94246482849121,""dy"":-33.62388038635254,""t"":11494},{""x"":421,""y"":647,""dx"":1.942464828491211,""dy"":-52.62388038635254,""t"":11529},{""x"":409,""y"":632,""dx"":-10.057535171508789,""dy"":-67.62388038635254,""t"":11563},{""x"":407,""y"":623,""dx"":-12.057535171508789,""dy"":-76.62388038635254,""t"":11597},{""x"":408,""y"":632,""dx"":-11.057535171508789,""dy"":-67.62388038635254,""t"":11631},{""x"":401,""y"":628,""dx"":-18.05753517150879,""dy"":-71.62388038635254,""t"":11664},{""x"":391,""y"":631,""dx"":-28.05753517150879,""dy"":-68.62388038635254,""t"":11698},{""x"":386,""y"":638,""dx"":-33.05753517150879,""dy"":-61.62388038635254,""t"":11732},{""x"":362,""y"":638,""dx"":-57.05753517150879,""dy"":-61.62388038635254,""t"":11767},{""x"":368,""y"":648,""dx"":-51.05753517150879,""dy"":-51.62388038635254,""t"":11800},{""x"":378,""y"":665,""dx"":-41.05753517150879,""dy"":-34.62388038635254,""t"":11833},{""x"":385,""y"":666,""dx"":-34.05753517150879,""dy"":-33.62388038635254,""t"":11868},{""x"":367,""y"":662,""dx"":-52.05753517150879,""dy"":-37.62388038635254,""t"":11902},{""x"":525,""y"":664,""dx"":105.94246482849121,""dy"":-35.62388038635254,""t"":11935},{""x"":686,""y"":651,""dx"":266.9424648284912,""dy"":-48.62388038635254,""t"":11970},{""x"":846,""y"":641,""dx"":426.9424648284912,""dy"":-58.62388038635254,""t"":12005}],[{""x"":1237,""y"":660,""dx"":1.517660140991211,""dy"":-39.62388038635254,""t"":13023},{""x"":1243,""y"":655,""dx"":7.517660140991211,""dy"":-44.62388038635254,""t"":13058},{""x"":1247,""y"":654,""dx"":11.517660140991211,""dy"":-45.62388038635254,""t"":13093},{""x"":1251,""y"":646,""dx"":15.517660140991211,""dy"":-53.62388038635254,""t"":13125},{""x"":1262,""y"":644,""dx"":26.51766014099121,""dy"":-55.62388038635254,""t"":13159},{""x"":1256,""y"":637,""dx"":20.51766014099121,""dy"":-62.62388038635254,""t"":13194},{""x"":1221,""y"":620,""dx"":-14.482339859008789,""dy"":-79.62388038635254,""t"":13228},{""x"":1238,""y"":617,""dx"":2.517660140991211,""dy"":-82.62388038635254,""t"":13262},{""x"":1233,""y"":627,""dx"":-2.482339859008789,""dy"":-72.62388038635254,""t"":13302},{""x"":1227,""y"":624,""dx"":-8.482339859008789,""dy"":-75.62388038635254,""t"":13330},{""x"":1237,""y"":618,""dx"":1.517660140991211,""dy"":-81.62388038635254,""t"":13364},{""x"":1240,""y"":609,""dx"":4.517660140991211,""dy"":-90.62388038635254,""t"":13399},{""x"":1255,""y"":600,""dx"":19.51766014099121,""dy"":-99.62388038635254,""t"":13432},{""x"":1219,""y"":623,""dx"":-16.48233985900879,""dy"":-76.62388038635254,""t"":13466},{""x"":1213,""y"":621,""dx"":-22.48233985900879,""dy"":-78.62388038635254,""t"":13501},{""x"":1207,""y"":625,""dx"":-28.48233985900879,""dy"":-74.62388038635254,""t"":13535},{""x"":1199,""y"":635,""dx"":-36.48233985900879,""dy"":-64.62388038635254,""t"":13568},{""x"":1194,""y"":663,""dx"":-41.48233985900879,""dy"":-36.62388038635254,""t"":13604},{""x"":1197,""y"":676,""dx"":-38.48233985900879,""dy"":-23.62388038635254,""t"":13635},{""x"":1190,""y"":689,""dx"":-45.48233985900879,""dy"":-10.623880386352539,""t"":13670},{""x"":1201,""y"":692,""dx"":-34.48233985900879,""dy"":-7.623880386352539,""t"":13705},{""x"":1219,""y"":720,""dx"":-16.48233985900879,""dy"":20.37611961364746,""t"":13739},{""x"":1219,""y"":721,""dx"":-16.48233985900879,""dy"":21.37611961364746,""t"":13772},{""x"":1200,""y"":733,""dx"":-35.48233985900879,""dy"":33.37611961364746,""t"":13806},{""x"":1208,""y"":733,""dx"":-27.48233985900879,""dy"":33.37611961364746,""t"":13840},{""x"":1194,""y"":719,""dx"":-41.48233985900879,""dy"":19.37611961364746,""t"":13874},{""x"":1194,""y"":719,""dx"":-41.48233985900879,""dy"":19.37611961364746,""t"":13909},{""x"":1208,""y"":716,""dx"":-27.48233985900879,""dy"":16.37611961364746,""t"":13944},{""x"":1200,""y"":701,""dx"":-35.48233985900879,""dy"":1.376119613647461,""t"":13977},{""x"":1193,""y"":703,""dx"":-42.48233985900879,""dy"":3.376119613647461,""t"":14011},{""x"":1187,""y"":705,""dx"":-48.48233985900879,""dy"":5.376119613647461,""t"":14043},{""x"":1177,""y"":703,""dx"":-58.48233985900879,""dy"":3.376119613647461,""t"":14078},{""x"":1175,""y"":694,""dx"":-60.48233985900879,""dy"":-5.623880386352539,""t"":14112},{""x"":1174,""y"":680,""dx"":-61.48233985900879,""dy"":-19.62388038635254,""t"":14148},{""x"":1166,""y"":666,""dx"":-69.48233985900879,""dy"":-33.62388038635254,""t"":14183},{""x"":1149,""y"":667,""dx"":-86.48233985900879,""dy"":-32.62388038635254,""t"":14217},{""x"":1171,""y"":672,""dx"":-64.48233985900879,""dy"":-27.62388038635254,""t"":14248},{""x"":1166,""y"":673,""dx"":-69.48233985900879,""dy"":-26.62388038635254,""t"":14282},{""x"":1190,""y"":677,""dx"":-45.48233985900879,""dy"":-22.62388038635254,""t"":14316},{""x"":1177,""y"":679,""dx"":-58.48233985900879,""dy"":-20.62388038635254,""t"":14351},{""x"":1177,""y"":687,""dx"":-58.48233985900879,""dy"":-12.623880386352539,""t"":14384},{""x"":1181,""y"":684,""dx"":-54.48233985900879,""dy"":-15.623880386352539,""t"":14419},{""x"":1181,""y"":689,""dx"":-54.48233985900879,""dy"":-10.623880386352539,""t"":14451},{""x"":1173,""y"":677,""dx"":-62.48233985900879,""dy"":-22.62388038635254,""t"":14486},{""x"":1176,""y"":683,""dx"":-59.48233985900879,""dy"":-16.62388038635254,""t"":14520},{""x"":1187,""y"":694,""dx"":-48.48233985900879,""dy"":-5.623880386352539,""t"":14554},{""x"":1202,""y"":707,""dx"":-33.48233985900879,""dy"":7.376119613647461,""t"":14588},{""x"":1202,""y"":725,""dx"":-33.48233985900879,""dy"":25.37611961364746,""t"":14622},{""x"":1199,""y"":723,""dx"":-36.48233985900879,""dy"":23.37611961364746,""t"":14656},{""x"":1181,""y"":708,""dx"":-54.48233985900879,""dy"":8.376119613647461,""t"":14690},{""x"":1164,""y"":685,""dx"":-71.48233985900879,""dy"":-14.623880386352539,""t"":14725},{""x"":1130,""y"":682,""dx"":-105.48233985900879,""dy"":-17.62388038635254,""t"":14759},{""x"":1124,""y"":699,""dx"":-111.48233985900879,""dy"":-0.6238803863525391,""t"":14793},{""x"":1114,""y"":699,""dx"":-121.48233985900879,""dy"":-0.6238803863525391,""t"":14826},{""x"":1128,""y"":680,""dx"":-107.48233985900879,""dy"":-19.62388038635254,""t"":14860},{""x"":1132,""y"":677,""dx"":-103.48233985900879,""dy"":-22.62388038635254,""t"":14896},{""x"":1140,""y"":648,""dx"":-95.48233985900879,""dy"":-51.62388038635254,""t"":14928},{""x"":1164,""y"":641,""dx"":-71.48233985900879,""dy"":-58.62388038635254,""t"":14967},{""x"":1169,""y"":648,""dx"":-66.48233985900879,""dy"":-51.62388038635254,""t"":15001}]]","[100,96.61016949152543,61.016949152542374,96.49122807017544,100]","[{""x"":58.247549574253924,""y"":64.27380555363025,""r"":53.75941223550461},{""x"":22.127829632516633,""y"":112.22295809600313,""r"":43.47680966939748},{""x"":155.81480824745307,""y"":-85.3699679293875,""r"":61.39510875866784},{""x"":6.591587635508755,""y"":-17.30809091266833,""r"":67.08945347534741},{""x"":-41.27895002850031,""y"":-25.86116852194576,""r"":45.23774536032756}]","[[25,25],[75,25],[50,50],[25,75],[75,75]]","29.07","validate","","","","","","","","","",""
"","html-keyboard-response","9","66917","0.0-5.0-0.0","","","","","1180"," ","","","<p>识别实验：试验都以 500 毫秒的固定时间开始，然后会有一个 500 毫秒的fixation，接下来是100毫秒的单个项目展示，1000毫秒的空白间隔后，会呈现一个四个项目的阵列。</p> <p>要求：记忆单个项目，并在多个项目阵列中快速找到，并根据数字键盘的 "" 4 "" ,"" 8 "","" 6 "","" 2 "" 进行选择响应,如果不记得或者不存在选择""5""。</p><p>按"" ""键继续，实验开始。</p>","","","","","","","","","","","","","","","",""
"","canvas-keyboard-response","10","67942","0.0-5.0-1.0-0.0","","","","","null","null","","","","","","","","","recognition","[""5"",""4"",""6"",""5"",""4"",""6"",""5"",""6"",""4"",""4"",""6"",""5"",""6"",""5"",""6"",""5"",""4"",""4"",""4"",""5"",""4"",""6"",""6"",""6"",""5"",""5"",""4"",""4"",""5"",""5"",""4"",""6"",""5"",""6"",""6"",""4""]","1500","","","","","","","",""
"","canvas-keyboard-response","11","68054","0.0-5.0-1.0-1.0","","","","","null","null","","","","","","","","","recognition","[""5"",""4"",""6"",""5"",""4"",""6"",""5"",""6"",""4"",""4"",""6"",""5"",""6"",""5"",""6"",""5"",""4"",""4"",""4"",""5"",""4"",""6"",""6"",""6"",""5"",""5"",""4"",""4"",""5"",""5"",""4"",""6"",""5"",""6"",""6"",""4""]","1500","0","","","","","","",""
"","canvas-keyboard-response","12","70293","0.0-5.0-1.0-2.0","","","","","713","5","","","[""triangle"",""rect""]","","","","","","","","","","","[{""x"":1103,""y"":441,""t"":49},{""x"":1071,""y"":447,""t"":86},{""x"":1038,""y"":446,""t"":119},{""x"":1020,""y"":423,""t"":137},{""x"":1011,""y"":414,""t"":172},{""x"":981,""y"":408,""t"":205},{""x"":960,""y"":388,""t"":240},{""x"":945,""y"":383,""t"":275},{""x"":948,""y"":398,""t"":308},{""x"":880,""y"":404,""t"":342},{""x"":846,""y"":418,""t"":382},{""x"":834,""y"":420,""t"":416},{""x"":828,""y"":413,""t"":445},{""x"":837,""y"":428,""t"":479},{""x"":832,""y"":444,""t"":512},{""x"":858,""y"":441,""t"":554},{""x"":893,""y"":439,""t"":584},{""x"":925,""y"":444,""t"":614},{""x"":969,""y"":447,""t"":663}]","{""#container"":{""x"":266.42919921875,""y"":48.58407211303711,""width"":1099.9910888671875,""height"":849.9955444335938,""top"":48.58407211303711,""right"":1366.4202880859375,""bottom"":898.5796165466309,""left"":266.42919921875}}","circle","5","true","[{""x"":250,""y"":425,""width"":92,""height"":92,""top"":379,""right"":296,""bottom"":471,""left"":204},{""x"":850,""y"":425,""width"":80,""height"":80,""top"":385,""right"":890,""bottom"":465,""left"":810}]"
"","canvas-keyboard-response","13","71308","0.0-5.0-1.0-0.1","","","","","null","null","","","","","","","","","recognition","[""5"",""4"",""6"",""5"",""4"",""6"",""5"",""6"",""4"",""4"",""6"",""5"",""6"",""5"",""6"",""5"",""4"",""4"",""4"",""5"",""4"",""6"",""6"",""6"",""5"",""5"",""4"",""4"",""5"",""5"",""4"",""6"",""5"",""6"",""6"",""4""]","1500","0","","","","","","",""
"","canvas-keyboard-response","14","71419","0.0-5.0-1.0-1.1","","","","","null","null","","","","","","","","","recognition","[""5"",""4"",""6"",""5"",""4"",""6"",""5"",""6"",""4"",""4"",""6"",""5"",""6"",""5"",""6"",""5"",""4"",""4"",""4"",""5"",""4"",""6"",""6"",""6"",""5"",""5"",""4"",""4"",""5"",""5"",""4"",""6"",""5"",""6"",""6"",""4""]","1500","0","","","","","","",""
"","canvas-keyboard-response","15","73565","0.0-5.0-1.0-2.1","","","","","619","4","","","[""circle"",""triangle""]","","","","","","","","","","","[{""x"":1017,""y"":437,""t"":1},{""x"":1046,""y"":457,""t"":39},{""x"":1076,""y"":466,""t"":70},{""x"":1084,""y"":484,""t"":104},{""x"":1079,""y"":491,""t"":139},{""x"":1087,""y"":495,""t"":173},{""x"":1145,""y"":512,""t"":207},{""x"":1147,""y"":516,""t"":240},{""x"":1168,""y"":518,""t"":275},{""x"":1183,""y"":518,""t"":309},{""x"":1157,""y"":515,""t"":342},{""x"":1113,""y"":521,""t"":376},{""x"":1081,""y"":534,""t"":413},{""x"":1045,""y"":539,""t"":455},{""x"":1015,""y"":544,""t"":478},{""x"":985,""y"":558,""t"":520},{""x"":961,""y"":547,""t"":548},{""x"":936,""y"":546,""t"":581}]","{""#container"":{""x"":266.42919921875,""y"":48.58407211303711,""width"":1099.9910888671875,""height"":849.9955444335938,""top"":48.58407211303711,""right"":1366.4202880859375,""bottom"":898.5796165466309,""left"":266.42919921875}}","circle","4","true","[{""x"":250,""y"":425,""width"":80,""height"":80,""top"":385,""right"":290,""bottom"":465,""left"":210},{""x"":850,""y"":425,""width"":92,""height"":92,""top"":379,""right"":896,""bottom"":471,""left"":804}]"
"","canvas-keyboard-response","16","74592","0.0-5.0-1.0-0.2","","","","","null","null","","","","","","","","","recognition","[""5"",""4"",""6"",""5"",""4"",""6"",""5"",""6"",""4"",""4"",""6"",""5"",""6"",""5"",""6"",""5"",""4"",""4"",""4"",""5"",""4"",""6"",""6"",""6"",""5"",""5"",""4"",""4"",""5"",""5"",""4"",""6"",""5"",""6"",""6"",""4""]","1500","0","","","","","","",""
"","canvas-keyboard-response","17","74703","0.0-5.0-1.0-1.2","","","","","null","null","","","","","","","","","recognition","[""5"",""4"",""6"",""5"",""4"",""6"",""5"",""6"",""4"",""4"",""6"",""5"",""6"",""5"",""6"",""5"",""4"",""4"",""4"",""5"",""4"",""6"",""6"",""6"",""5"",""5"",""4"",""4"",""5"",""5"",""4"",""6"",""5"",""6"",""6"",""4""]","1500","0","","","","","","",""
"","canvas-keyboard-response","18","76685","0.0-5.0-1.0-2.2","","","","","462","6","","","[""circle"",""triangle""]","","","","","","","","","","","[{""x"":948,""y"":561,""t"":2},{""x"":960,""y"":517,""t"":44},{""x"":952,""y"":484,""t"":77},{""x"":958,""y"":452,""t"":109},{""x"":945,""y"":417,""t"":139},{""x"":911,""y"":394,""t"":172},{""x"":883,""y"":376,""t"":206},{""x"":896,""y"":379,""t"":241},{""x"":936,""y"":379,""t"":276},{""x"":950,""y"":402,""t"":308},{""x"":972,""y"":392,""t"":354},{""x"":977,""y"":405,""t"":383},{""x"":1015,""y"":386,""t"":415}]","{""#container"":{""x"":266.42919921875,""y"":48.58407211303711,""width"":1099.9910888671875,""height"":849.9955444335938,""top"":48.58407211303711,""right"":1366.4202880859375,""bottom"":898.5796165466309,""left"":266.42919921875}}","triangle","6","true","[{""x"":250,""y"":425,""width"":80,""height"":80,""top"":385,""right"":290,""bottom"":465,""left"":210},{""x"":850,""y"":425,""width"":92,""height"":92,""top"":379,""right"":896,""bottom"":471,""left"":804}]"
"","canvas-keyboard-response","19","77703","0.0-5.0-1.0-0.3","","","","","null","null","","","","","","","","","recognition","[""5"",""4"",""6"",""5"",""4"",""6"",""5"",""6"",""4"",""4"",""6"",""5"",""6"",""5"",""6"",""5"",""4"",""4"",""4"",""5"",""4"",""6"",""6"",""6"",""5"",""5"",""4"",""4"",""5"",""5"",""4"",""6"",""5"",""6"",""6"",""4""]","1500","0","","","","","","",""
"","canvas-keyboard-response","20","77812","0.0-5.0-1.0-1.3","","","","","null","null","","","","","","","","","recognition","[""5"",""4"",""6"",""5"",""4"",""6"",""5"",""6"",""4"",""4"",""6"",""5"",""6"",""5"",""6"",""5"",""4"",""4"",""4"",""5"",""4"",""6"",""6"",""6"",""5"",""5"",""4"",""4"",""5"",""5"",""4"",""6"",""5"",""6"",""6"",""4""]","1500","0","","","","","","",""
"","canvas-keyboard-response","21","79935","0.0-5.0-1.0-2.3","","","","","598","5","","","[""circle"",""triangle""]","","","","","","","","","","","[{""x"":1066,""y"":428,""t"":1},{""x"":1067,""y"":418,""t"":36},{""x"":1056,""y"":414,""t"":82},{""x"":1059,""y"":424,""t"":105},{""x"":1015,""y"":416,""t"":137},{""x"":973,""y"":410,""t"":172},{""x"":987,""y"":419,""t"":207},{""x"":987,""y"":404,""t"":243},{""x"":997,""y"":387,""t"":276},{""x"":1022,""y"":397,""t"":311},{""x"":1033,""y"":408,""t"":344},{""x"":1058,""y"":427,""t"":378},{""x"":1046,""y"":400,""t"":409},{""x"":1045,""y"":410,""t"":448},{""x"":1041,""y"":412,""t"":484},{""x"":1001,""y"":412,""t"":518},{""x"":1014,""y"":436,""t"":552}]","{""#container"":{""x"":266.42919921875,""y"":48.58407211303711,""width"":1099.9910888671875,""height"":849.9955444335938,""top"":48.58407211303711,""right"":1366.4202880859375,""bottom"":898.5796165466309,""left"":266.42919921875}}","rect","5","true","[{""x"":250,""y"":425,""width"":80,""height"":80,""top"":385,""right"":290,""bottom"":465,""left"":210},{""x"":850,""y"":425,""width"":92,""height"":92,""top"":379,""right"":896,""bottom"":471,""left"":804}]"
"","canvas-keyboard-response","22","80972","0.0-5.0-1.0-0.4","","","","","null","null","","","","","","","","","recognition","[""5"",""4"",""6"",""5"",""4"",""6"",""5"",""6"",""4"",""4"",""6"",""5"",""6"",""5"",""6"",""5"",""4"",""4"",""4"",""5"",""4"",""6"",""6"",""6"",""5"",""5"",""4"",""4"",""5"",""5"",""4"",""6"",""5"",""6"",""6"",""4""]","1500","0","","","","","","",""
"","canvas-keyboard-response","23","81080","0.0-5.0-1.0-1.4","","","","","null","null","","","","","","","","","recognition","[""5"",""4"",""6"",""5"",""4"",""6"",""5"",""6"",""4"",""4"",""6"",""5"",""6"",""5"",""6"",""5"",""4"",""4"",""4"",""5"",""4"",""6"",""6"",""6"",""5"",""5"",""4"",""4"",""5"",""5"",""4"",""6"",""5"",""6"",""6"",""4""]","1500","0","","","","","","",""
"","canvas-keyboard-response","24","83125","0.0-5.0-1.0-2.4","","","","","522","4","","","[""triangle"",""circle""]","","","","","","","","","","","[{""x"":1015,""y"":457,""t"":2},{""x"":1061,""y"":464,""t"":56},{""x"":1095,""y"":478,""t"":75},{""x"":1126,""y"":486,""t"":110},{""x"":1114,""y"":497,""t"":142},{""x"":1115,""y"":507,""t"":172},{""x"":1119,""y"":519,""t"":206},{""x"":1112,""y"":524,""t"":240},{""x"":1120,""y"":533,""t"":274},{""x"":1142,""y"":533,""t"":308},{""x"":1143,""y"":528,""t"":352},{""x"":1132,""y"":525,""t"":387},{""x"":1122,""y"":515,""t"":414},{""x"":1110,""y"":501,""t"":443}]","{""#container"":{""x"":266.42919921875,""y"":48.58407211303711,""width"":1099.9910888671875,""height"":849.9955444335938,""top"":48.58407211303711,""right"":1366.4202880859375,""bottom"":898.5796165466309,""left"":266.42919921875}}","triangle","4","true","[{""x"":250,""y"":425,""width"":92,""height"":92,""top"":379,""right"":296,""bottom"":471,""left"":204},{""x"":850,""y"":425,""width"":80,""height"":80,""top"":385,""right"":890,""bottom"":465,""left"":810}]"
"","canvas-keyboard-response","25","84142","0.0-5.0-1.0-0.5","","","","","null","null","","","","","","","","","recognition","[""5"",""4"",""6"",""5"",""4"",""6"",""5"",""6"",""4"",""4"",""6"",""5"",""6"",""5"",""6"",""5"",""4"",""4"",""4"",""5"",""4"",""6"",""6"",""6"",""5"",""5"",""4"",""4"",""5"",""5"",""4"",""6"",""5"",""6"",""6"",""4""]","1500","0","","","","","","",""
"","canvas-keyboard-response","26","84253","0.0-5.0-1.0-1.5","","","","","null","null","","","","","","","","","recognition","[""5"",""4"",""6"",""5"",""4"",""6"",""5"",""6"",""4"",""4"",""6"",""5"",""6"",""5"",""6"",""5"",""4"",""4"",""4"",""5"",""4"",""6"",""6"",""6"",""5"",""5"",""4"",""4"",""5"",""5"",""4"",""6"",""5"",""6"",""6"",""4""]","1500","0","","","","","","",""
"","canvas-keyboard-response","27","86221","0.0-5.0-1.0-2.5","","","","","457","6","","","[""triangle"",""rect""]","","","","","","","","","","","[{""x"":1044,""y"":471,""t"":2},{""x"":1064,""y"":475,""t"":54},{""x"":1074,""y"":466,""t"":84},{""x"":1057,""y"":474,""t"":116},{""x"":1057,""y"":473,""t"":144},{""x"":1066,""y"":473,""t"":173},{""x"":1078,""y"":480,""t"":205},{""x"":1073,""y"":466,""t"":241},{""x"":1062,""y"":450,""t"":274},{""x"":1058,""y"":446,""t"":310},{""x"":1069,""y"":444,""t"":344},{""x"":1081,""y"":455,""t"":376},{""x"":1076,""y"":446,""t"":415}]","{""#container"":{""x"":266.42919921875,""y"":48.58407211303711,""width"":1099.9910888671875,""height"":849.9955444335938,""top"":48.58407211303711,""right"":1366.4202880859375,""bottom"":898.5796165466309,""left"":266.42919921875}}","rect","6","true","[{""x"":250,""y"":425,""width"":92,""height"":92,""top"":379,""right"":296,""bottom"":471,""left"":204},{""x"":850,""y"":425,""width"":80,""height"":80,""top"":385,""right"":890,""bottom"":465,""left"":810}]"
"","canvas-keyboard-response","28","87263","0.0-5.0-1.0-0.6","","","","","null","null","","","","","","","","","recognition","[""5"",""4"",""6"",""5"",""4"",""6"",""5"",""6"",""4"",""4"",""6"",""5"",""6"",""5"",""6"",""5"",""4"",""4"",""4"",""5"",""4"",""6"",""6"",""6"",""5"",""5"",""4"",""4"",""5"",""5"",""4"",""6"",""5"",""6"",""6"",""4""]","1500","0","","","","","","",""
"","canvas-keyboard-response","29","87372","0.0-5.0-1.0-1.6","","","","","null","null","","","","","","","","","recognition","[""5"",""4"",""6"",""5"",""4"",""6"",""5"",""6"",""4"",""4"",""6"",""5"",""6"",""5"",""6"",""5"",""4"",""4"",""4"",""5"",""4"",""6"",""6"",""6"",""5"",""5"",""4"",""4"",""5"",""5"",""4"",""6"",""5"",""6"",""6"",""4""]","1500","0","","","","","","",""
"","canvas-keyboard-response","30","89556","0.0-5.0-1.0-2.6","","","","","661","5","","","[""circle"",""triangle""]","","","","","","","","","","","[{""x"":1094,""y"":477,""t"":12},{""x"":1061,""y"":463,""t"":47},{""x"":1034,""y"":456,""t"":84},{""x"":1028,""y"":458,""t"":103},{""x"":1051,""y"":457,""t"":139},{""x"":1049,""y"":455,""t"":173},{""x"":1018,""y"":447,""t"":208},{""x"":1031,""y"":442,""t"":242},{""x"":1035,""y"":448,""t"":277},{""x"":1029,""y"":433,""t"":308},{""x"":1009,""y"":435,""t"":356},{""x"":1029,""y"":433,""t"":385},{""x"":1023,""y"":430,""t"":418},{""x"":996,""y"":407,""t"":452},{""x"":975,""y"":417,""t"":484},{""x"":954,""y"":417,""t"":514},{""x"":979,""y"":402,""t"":546},{""x"":998,""y"":406,""t"":591},{""x"":1021,""y"":395,""t"":616}]","{""#container"":{""x"":266.42919921875,""y"":48.58407211303711,""width"":1099.9910888671875,""height"":849.9955444335938,""top"":48.58407211303711,""right"":1366.4202880859375,""bottom"":898.5796165466309,""left"":266.42919921875}}","rect","5","true","[{""x"":250,""y"":425,""width"":80,""height"":80,""top"":385,""right"":290,""bottom"":465,""left"":210},{""x"":850,""y"":425,""width"":92,""height"":92,""top"":379,""right"":896,""bottom"":471,""left"":804}]"
"","canvas-keyboard-response","31","90581","0.0-5.0-1.0-0.7","","","","","null","null","","","","","","","","","recognition","[""5"",""4"",""6"",""5"",""4"",""6"",""5"",""6"",""4"",""4"",""6"",""5"",""6"",""5"",""6"",""5"",""4"",""4"",""4"",""5"",""4"",""6"",""6"",""6"",""5"",""5"",""4"",""4"",""5"",""5"",""4"",""6"",""5"",""6"",""6"",""4""]","1500","0","","","","","","",""
"","canvas-keyboard-response","32","90689","0.0-5.0-1.0-1.7","","","","","null","null","","","","","","","","","recognition","[""5"",""4"",""6"",""5"",""4"",""6"",""5"",""6"",""4"",""4"",""6"",""5"",""6"",""5"",""6"",""5"",""4"",""4"",""4"",""5"",""4"",""6"",""6"",""6"",""5"",""5"",""4"",""4"",""5"",""5"",""4"",""6"",""5"",""6"",""6"",""4""]","1500","0","","","","","","",""
"","canvas-keyboard-response","33","92605","0.0-5.0-1.0-2.7","","","","","394","6","","","[""rect"",""circle""]","","","","","","","","","","","[{""x"":1027,""y"":488,""t"":1},{""x"":1006,""y"":510,""t"":38},{""x"":1008,""y"":534,""t"":73},{""x"":1007,""y"":556,""t"":109},{""x"":1009,""y"":571,""t"":142},{""x"":1000,""y"":586,""t"":172},{""x"":990,""y"":591,""t"":207},{""x"":999,""y"":596,""t"":239},{""x"":1000,""y"":598,""t"":276},{""x"":1002,""y"":600,""t"":324},{""x"":988,""y"":585,""t"":344}]","{""#container"":{""x"":266.42919921875,""y"":48.58407211303711,""width"":1099.9910888671875,""height"":849.9955444335938,""top"":48.58407211303711,""right"":1366.4202880859375,""bottom"":898.5796165466309,""left"":266.42919921875}}","circle","6","true","[{""x"":250,""y"":425,""width"":80,""height"":80,""top"":385,""right"":290,""bottom"":465,""left"":210},{""x"":850,""y"":425,""width"":80,""height"":80,""top"":385,""right"":890,""bottom"":465,""left"":810}]"
"","canvas-keyboard-response","34","93635","0.0-5.0-1.0-0.8","","","","","null","null","","","","","","","","","recognition","[""5"",""4"",""6"",""5"",""4"",""6"",""5"",""6"",""4"",""4"",""6"",""5"",""6"",""5"",""6"",""5"",""4"",""4"",""4"",""5"",""4"",""6"",""6"",""6"",""5"",""5"",""4"",""4"",""5"",""5"",""4"",""6"",""5"",""6"",""6"",""4""]","1500","0","","","","","","",""
"","canvas-keyboard-response","35","93755","0.0-5.0-1.0-1.8","","","","","null","null","","","","","","","","","recognition","[""5"",""4"",""6"",""5"",""4"",""6"",""5"",""6"",""4"",""4"",""6"",""5"",""6"",""5"",""6"",""5"",""4"",""4"",""4"",""5"",""4"",""6"",""6"",""6"",""5"",""5"",""4"",""4"",""5"",""5"",""4"",""6"",""5"",""6"",""6"",""4""]","1500","0","","","","","","",""
"","canvas-keyboard-response","36","95709","0.0-5.0-1.0-2.8","","","","","435","4","","","[""rect"",""circle""]","","","","","","","","","","","[{""x"":981,""y"":542,""t"":1},{""x"":993,""y"":489,""t"":45},{""x"":1001,""y"":461,""t"":80},{""x"":1015,""y"":437,""t"":111},{""x"":1042,""y"":436,""t"":143},{""x"":1043,""y"":377,""t"":177},{""x"":1030,""y"":385,""t"":208},{""x"":1032,""y"":352,""t"":240},{""x"":1032,""y"":350,""t"":275},{""x"":1053,""y"":349,""t"":308},{""x"":1053,""y"":346,""t"":343},{""x"":1054,""y"":345,""t"":386}]","{""#container"":{""x"":266.42919921875,""y"":48.58407211303711,""width"":1099.9910888671875,""height"":849.9955444335938,""top"":48.58407211303711,""right"":1366.4202880859375,""bottom"":898.5796165466309,""left"":266.42919921875}}","rect","4","true","[{""x"":250,""y"":425,""width"":80,""height"":80,""top"":385,""right"":290,""bottom"":465,""left"":210},{""x"":850,""y"":425,""width"":80,""height"":80,""top"":385,""right"":890,""bottom"":465,""left"":810}]"
"","canvas-keyboard-response","37","96722","0.0-5.0-1.0-0.9","","","","","null","null","","","","","","","","","recognition","[""5"",""4"",""6"",""5"",""4"",""6"",""5"",""6"",""4"",""4"",""6"",""5"",""6"",""5"",""6"",""5"",""4"",""4"",""4"",""5"",""4"",""6"",""6"",""6"",""5"",""5"",""4"",""4"",""5"",""5"",""4"",""6"",""5"",""6"",""6"",""4""]","1500","0","","","","","","",""
"","canvas-keyboard-response","38","96830","0.0-5.0-1.0-1.9","","","","","null","null","","","","","","","","","recognition","[""5"",""4"",""6"",""5"",""4"",""6"",""5"",""6"",""4"",""4"",""6"",""5"",""6"",""5"",""6"",""5"",""4"",""4"",""4"",""5"",""4"",""6"",""6"",""6"",""5"",""5"",""4"",""4"",""5"",""5"",""4"",""6"",""5"",""6"",""6"",""4""]","1500","0","","","","","","",""
"","canvas-keyboard-response","39","98817","0.0-5.0-1.0-2.9","","","","","475","4","","","[""circle"",""triangle""]","","","","","","","","","","","[{""x"":1042,""y"":406,""t"":1},{""x"":1018,""y"":433,""t"":49},{""x"":1026,""y"":412,""t"":81},{""x"":1045,""y"":420,""t"":109},{""x"":1039,""y"":394,""t"":139},{""x"":1041,""y"":400,""t"":172},{""x"":1055,""y"":419,""t"":206},{""x"":1043,""y"":460,""t"":240},{""x"":1055,""y"":459,""t"":273},{""x"":1074,""y"":469,""t"":309},{""x"":1062,""y"":459,""t"":357},{""x"":1035,""y"":462,""t"":384},{""x"":1034,""y"":457,""t"":415},{""x"":1037,""y"":470,""t"":445}]","{""#container"":{""x"":266.42919921875,""y"":48.58407211303711,""width"":1099.9910888671875,""height"":849.9955444335938,""top"":48.58407211303711,""right"":1366.4202880859375,""bottom"":898.5796165466309,""left"":266.42919921875}}","circle","4","true","[{""x"":250,""y"":425,""width"":80,""height"":80,""top"":385,""right"":290,""bottom"":465,""left"":210},{""x"":850,""y"":425,""width"":92,""height"":92,""top"":379,""right"":896,""bottom"":471,""left"":804}]"
"","canvas-keyboard-response","40","99844","0.0-5.0-1.0-0.10","","","","","null","null","","","","","","","","","recognition","[""5"",""4"",""6"",""5"",""4"",""6"",""5"",""6"",""4"",""4"",""6"",""5"",""6"",""5"",""6"",""5"",""4"",""4"",""4"",""5"",""4"",""6"",""6"",""6"",""5"",""5"",""4"",""4"",""5"",""5"",""4"",""6"",""5"",""6"",""6"",""4""]","1500","0","","","","","","",""
"","canvas-keyboard-response","41","99954","0.0-5.0-1.0-1.10","","","","","null","null","","","","","","","","","recognition","[""5"",""4"",""6"",""5"",""4"",""6"",""5"",""6"",""4"",""4"",""6"",""5"",""6"",""5"",""6"",""5"",""4"",""4"",""4"",""5"",""4"",""6"",""6"",""6"",""5"",""5"",""4"",""4"",""5"",""5"",""4"",""6"",""5"",""6"",""6"",""4""]","1500","0","","","","","","",""
"","canvas-keyboard-response","42","101805","0.0-5.0-1.0-2.10","","","","","332","6","","","[""circle"",""triangle""]","","","","","","","","","","","[{""x"":1048,""y"":491,""t"":1},{""x"":1051,""y"":506,""t"":45},{""x"":1033,""y"":517,""t"":80},{""x"":1024,""y"":519,""t"":113},{""x"":1015,""y"":515,""t"":146},{""x"":985,""y"":516,""t"":180},{""x"":1000,""y"":516,""t"":213},{""x"":1007,""y"":521,""t"":242},{""x"":1010,""y"":524,""t"":274}]","{""#container"":{""x"":266.42919921875,""y"":48.58407211303711,""width"":1099.9910888671875,""height"":849.9955444335938,""top"":48.58407211303711,""right"":1366.4202880859375,""bottom"":898.5796165466309,""left"":266.42919921875}}","triangle","6","true","[{""x"":250,""y"":425,""width"":80,""height"":80,""top"":385,""right"":290,""bottom"":465,""left"":210},{""x"":850,""y"":425,""width"":92,""height"":92,""top"":379,""right"":896,""bottom"":471,""left"":804}]"
"","canvas-keyboard-response","43","102826","0.0-5.0-1.0-0.11","","","","","null","null","","","","","","","","","recognition","[""5"",""4"",""6"",""5"",""4"",""6"",""5"",""6"",""4"",""4"",""6"",""5"",""6"",""5"",""6"",""5"",""4"",""4"",""4"",""5"",""4"",""6"",""6"",""6"",""5"",""5"",""4"",""4"",""5"",""5"",""4"",""6"",""5"",""6"",""6"",""4""]","1500","0","","","","","","",""
"","canvas-keyboard-response","44","102938","0.0-5.0-1.0-1.11","","","","","null","null","","","","","","","","","recognition","[""5"",""4"",""6"",""5"",""4"",""6"",""5"",""6"",""4"",""4"",""6"",""5"",""6"",""5"",""6"",""5"",""4"",""4"",""4"",""5"",""4"",""6"",""6"",""6"",""5"",""5"",""4"",""4"",""5"",""5"",""4"",""6"",""5"",""6"",""6"",""4""]","1500","0","","","","","","",""
"","canvas-keyboard-response","45","104982","0.0-5.0-1.0-2.11","","","","","530","5","","","[""circle"",""triangle""]","","","","","","","","","","","[{""x"":1004,""y"":529,""t"":1},{""x"":989,""y"":513,""t"":49},{""x"":997,""y"":510,""t"":85},{""x"":1001,""y"":496,""t"":109},{""x"":996,""y"":497,""t"":142},{""x"":966,""y"":480,""t"":175},{""x"":959,""y"":473,""t"":208},{""x"":974,""y"":485,""t"":241},{""x"":953,""y"":477,""t"":275},{""x"":946,""y"":484,""t"":310},{""x"":933,""y"":515,""t"":342},{""x"":932,""y"":516,""t"":376},{""x"":926,""y"":507,""t"":418},{""x"":932,""y"":502,""t"":454},{""x"":938,""y"":507,""t"":487}]","{""#container"":{""x"":266.42919921875,""y"":48.58407211303711,""width"":1099.9910888671875,""height"":849.9955444335938,""top"":48.58407211303711,""right"":1366.4202880859375,""bottom"":898.5796165466309,""left"":266.42919921875}}","rect","5","true","[{""x"":250,""y"":425,""width"":80,""height"":80,""top"":385,""right"":290,""bottom"":465,""left"":210},{""x"":850,""y"":425,""width"":92,""height"":92,""top"":379,""right"":896,""bottom"":471,""left"":804}]"
"","canvas-keyboard-response","46","106019","0.0-5.0-1.0-0.12","","","","","null","null","","","","","","","","","recognition","[""5"",""4"",""6"",""5"",""4"",""6"",""5"",""6"",""4"",""4"",""6"",""5"",""6"",""5"",""6"",""5"",""4"",""4"",""4"",""5"",""4"",""6"",""6"",""6"",""5"",""5"",""4"",""4"",""5"",""5"",""4"",""6"",""5"",""6"",""6"",""4""]","1500","0","","","","","","",""
"","canvas-keyboard-response","47","106128","0.0-5.0-1.0-1.12","","","","","null","null","","","","","","","","","recognition","[""5"",""4"",""6"",""5"",""4"",""6"",""5"",""6"",""4"",""4"",""6"",""5"",""6"",""5"",""6"",""5"",""4"",""4"",""4"",""5"",""4"",""6"",""6"",""6"",""5"",""5"",""4"",""4"",""5"",""5"",""4"",""6"",""5"",""6"",""6"",""4""]","1500","0","","","","","","",""
"","canvas-keyboard-response","48","108128","0.0-5.0-1.0-2.12","","","","","478","6","","","[""rect"",""circle""]","","","","","","","","","","","[{""x"":993,""y"":518,""t"":2},{""x"":1034,""y"":553,""t"":52},{""x"":1049,""y"":565,""t"":72},{""x"":1031,""y"":571,""t"":105},{""x"":1004,""y"":582,""t"":137},{""x"":1002,""y"":592,""t"":172},{""x"":1006,""y"":604,""t"":206},{""x"":1021,""y"":619,""t"":239},{""x"":1042,""y"":613,""t"":274},{""x"":1043,""y"":608,""t"":310},{""x"":1019,""y"":577,""t"":342},{""x"":1028,""y"":562,""t"":384},{""x"":1022,""y"":544,""t"":421}]","{""#container"":{""x"":266.42919921875,""y"":48.58407211303711,""width"":1099.9910888671875,""height"":849.9955444335938,""top"":48.58407211303711,""right"":1366.4202880859375,""bottom"":898.5796165466309,""left"":266.42919921875}}","circle","6","true","[{""x"":250,""y"":425,""width"":80,""height"":80,""top"":385,""right"":290,""bottom"":465,""left"":210},{""x"":850,""y"":425,""width"":80,""height"":80,""top"":385,""right"":890,""bottom"":465,""left"":810}]"
"","canvas-keyboard-response","49","109163","0.0-5.0-1.0-0.13","","","","","null","null","","","","","","","","","recognition","[""5"",""4"",""6"",""5"",""4"",""6"",""5"",""6"",""4"",""4"",""6"",""5"",""6"",""5"",""6"",""5"",""4"",""4"",""4"",""5"",""4"",""6"",""6"",""6"",""5"",""5"",""4"",""4"",""5"",""5"",""4"",""6"",""5"",""6"",""6"",""4""]","1500","0","","","","","","",""
"","canvas-keyboard-response","50","109289","0.0-5.0-1.0-1.13","","","","","null","null","","","","","","","","","recognition","[""5"",""4"",""6"",""5"",""4"",""6"",""5"",""6"",""4"",""4"",""6"",""5"",""6"",""5"",""6"",""5"",""4"",""4"",""4"",""5"",""4"",""6"",""6"",""6"",""5"",""5"",""4"",""4"",""5"",""5"",""4"",""6"",""5"",""6"",""6"",""4""]","1500","0","","","","","","",""
"","canvas-keyboard-response","51","111225","0.0-5.0-1.0-2.13","","","","","424","5","","","[""triangle"",""rect""]","","","","","","","","","","","[{""x"":1029,""y"":519,""t"":1},{""x"":1046,""y"":495,""t"":59},{""x"":1044,""y"":495,""t"":79},{""x"":1053,""y"":498,""t"":112},{""x"":1055,""y"":480,""t"":143},{""x"":1084,""y"":485,""t"":175},{""x"":1078,""y"":485,""t"":210},{""x"":1062,""y"":483,""t"":240},{""x"":1043,""y"":489,""t"":274},{""x"":1021,""y"":495,""t"":310},{""x"":1030,""y"":496,""t"":358},{""x"":1037,""y"":496,""t"":379}]","{""#container"":{""x"":266.42919921875,""y"":48.58407211303711,""width"":1099.9910888671875,""height"":849.9955444335938,""top"":48.58407211303711,""right"":1366.4202880859375,""bottom"":898.5796165466309,""left"":266.42919921875}}","circle","5","true","[{""x"":250,""y"":425,""width"":92,""height"":92,""top"":379,""right"":296,""bottom"":471,""left"":204},{""x"":850,""y"":425,""width"":80,""height"":80,""top"":385,""right"":890,""bottom"":465,""left"":810}]"
"","canvas-keyboard-response","52","112257","0.0-5.0-1.0-0.14","","","","","null","null","","","","","","","","","recognition","[""5"",""4"",""6"",""5"",""4"",""6"",""5"",""6"",""4"",""4"",""6"",""5"",""6"",""5"",""6"",""5"",""4"",""4"",""4"",""5"",""4"",""6"",""6"",""6"",""5"",""5"",""4"",""4"",""5"",""5"",""4"",""6"",""5"",""6"",""6"",""4""]","1500","0","","","","","","",""
"","canvas-keyboard-response","53","112369","0.0-5.0-1.0-1.14","","","","","null","null","","","","","","","","","recognition","[""5"",""4"",""6"",""5"",""4"",""6"",""5"",""6"",""4"",""4"",""6"",""5"",""6"",""5"",""6"",""5"",""4"",""4"",""4"",""5"",""4"",""6"",""6"",""6"",""5"",""5"",""4"",""4"",""5"",""5"",""4"",""6"",""5"",""6"",""6"",""4""]","1500","0","","","","","","",""
"","canvas-keyboard-response","54","114443","0.0-5.0-1.0-2.14","","","","","560","6","","","[""triangle"",""rect""]","","","","","","","","","","","[{""x"":1072,""y"":489,""t"":2},{""x"":1082,""y"":486,""t"":67},{""x"":1082,""y"":482,""t"":102},{""x"":1062,""y"":477,""t"":131},{""x"":1045,""y"":475,""t"":158},{""x"":1014,""y"":484,""t"":186},{""x"":995,""y"":465,""t"":219},{""x"":997,""y"":477,""t"":243},{""x"":1004,""y"":489,""t"":275},{""x"":984,""y"":478,""t"":308},{""x"":971,""y"":471,""t"":355},{""x"":982,""y"":464,""t"":383},{""x"":993,""y"":459,""t"":410},{""x"":1005,""y"":474,""t"":449},{""x"":1007,""y"":496,""t"":481},{""x"":1013,""y"":508,""t"":514}]","{""#container"":{""x"":266.42919921875,""y"":48.58407211303711,""width"":1099.9910888671875,""height"":849.9955444335938,""top"":48.58407211303711,""right"":1366.4202880859375,""bottom"":898.5796165466309,""left"":266.42919921875}}","rect","6","true","[{""x"":250,""y"":425,""width"":92,""height"":92,""top"":379,""right"":296,""bottom"":471,""left"":204},{""x"":850,""y"":425,""width"":80,""height"":80,""top"":385,""right"":890,""bottom"":465,""left"":810}]"
"","canvas-keyboard-response","55","115458","0.0-5.0-1.0-0.15","","","","","null","null","","","","","","","","","recognition","[""5"",""4"",""6"",""5"",""4"",""6"",""5"",""6"",""4"",""4"",""6"",""5"",""6"",""5"",""6"",""5"",""4"",""4"",""4"",""5"",""4"",""6"",""6"",""6"",""5"",""5"",""4"",""4"",""5"",""5"",""4"",""6"",""5"",""6"",""6"",""4""]","1500","0","","","","","","",""
"","canvas-keyboard-response","56","115567","0.0-5.0-1.0-1.15","","","","","null","null","","","","","","","","","recognition","[""5"",""4"",""6"",""5"",""4"",""6"",""5"",""6"",""4"",""4"",""6"",""5"",""6"",""5"",""6"",""5"",""4"",""4"",""4"",""5"",""4"",""6"",""6"",""6"",""5"",""5"",""4"",""4"",""5"",""5"",""4"",""6"",""5"",""6"",""6"",""4""]","1500","0","","","","","","",""
"","canvas-keyboard-response","57","117593","0.0-5.0-1.0-2.15","","","","","505","5","","","[""circle"",""triangle""]","","","","","","","","","","","[{""x"":1061,""y"":532,""t"":2},{""x"":1094,""y"":532,""t"":57},{""x"":1114,""y"":546,""t"":74},{""x"":1124,""y"":556,""t"":111},{""x"":1138,""y"":575,""t"":144},{""x"":1136,""y"":579,""t"":176},{""x"":1153,""y"":586,""t"":208},{""x"":1133,""y"":578,""t"":241},{""x"":1128,""y"":569,""t"":274},{""x"":1093,""y"":549,""t"":314},{""x"":1040,""y"":544,""t"":343},{""x"":1034,""y"":551,""t"":385},{""x"":988,""y"":538,""t"":424},{""x"":950,""y"":527,""t"":452}]","{""#container"":{""x"":266.42919921875,""y"":48.58407211303711,""width"":1099.9910888671875,""height"":849.9955444335938,""top"":48.58407211303711,""right"":1366.4202880859375,""bottom"":898.5796165466309,""left"":266.42919921875}}","rect","5","true","[{""x"":250,""y"":425,""width"":80,""height"":80,""top"":385,""right"":290,""bottom"":465,""left"":210},{""x"":850,""y"":425,""width"":92,""height"":92,""top"":379,""right"":896,""bottom"":471,""left"":804}]"
"","canvas-keyboard-response","58","118627","0.0-5.0-1.0-0.16","","","","","null","null","","","","","","","","","recognition","[""5"",""4"",""6"",""5"",""4"",""6"",""5"",""6"",""4"",""4"",""6"",""5"",""6"",""5"",""6"",""5"",""4"",""4"",""4"",""5"",""4"",""6"",""6"",""6"",""5"",""5"",""4"",""4"",""5"",""5"",""4"",""6"",""5"",""6"",""6"",""4""]","1500","0","","","","","","",""
"","canvas-keyboard-response","59","118741","0.0-5.0-1.0-1.16","","","","","null","null","","","","","","","","","recognition","[""5"",""4"",""6"",""5"",""4"",""6"",""5"",""6"",""4"",""4"",""6"",""5"",""6"",""5"",""6"",""5"",""4"",""4"",""4"",""5"",""4"",""6"",""6"",""6"",""5"",""5"",""4"",""4"",""5"",""5"",""4"",""6"",""5"",""6"",""6"",""4""]","1500","0","","","","","","",""
"","canvas-keyboard-response","60","120756","0.0-5.0-1.0-2.16","","","","","500","4","","","[""triangle"",""circle""]","","","","","","","","","","","[{""x"":942,""y"":563,""t"":51},{""x"":954,""y"":581,""t"":90},{""x"":966,""y"":602,""t"":119},{""x"":991,""y"":613,""t"":152},{""x"":994,""y"":630,""t"":181},{""x"":978,""y"":618,""t"":214},{""x"":983,""y"":631,""t"":243},{""x"":951,""y"":615,""t"":278},{""x"":919,""y"":605,""t"":308},{""x"":942,""y"":596,""t"":342},{""x"":947,""y"":593,""t"":382},{""x"":945,""y"":590,""t"":415},{""x"":941,""y"":587,""t"":450}]","{""#container"":{""x"":266.42919921875,""y"":48.58407211303711,""width"":1099.9910888671875,""height"":849.9955444335938,""top"":48.58407211303711,""right"":1366.4202880859375,""bottom"":898.5796165466309,""left"":266.42919921875}}","triangle","4","true","[{""x"":250,""y"":425,""width"":92,""height"":92,""top"":379,""right"":296,""bottom"":471,""left"":204},{""x"":850,""y"":425,""width"":80,""height"":80,""top"":385,""right"":890,""bottom"":465,""left"":810}]"
"","canvas-keyboard-response","61","121785","0.0-5.0-1.0-0.17","","","","","null","null","","","","","","","","","recognition","[""5"",""4"",""6"",""5"",""4"",""6"",""5"",""6"",""4"",""4"",""6"",""5"",""6"",""5"",""6"",""5"",""4"",""4"",""4"",""5"",""4"",""6"",""6"",""6"",""5"",""5"",""4"",""4"",""5"",""5"",""4"",""6"",""5"",""6"",""6"",""4""]","1500","0","","","","","","",""
"","canvas-keyboard-response","62","121894","0.0-5.0-1.0-1.17","","","","","null","null","","","","","","","","","recognition","[""5"",""4"",""6"",""5"",""4"",""6"",""5"",""6"",""4"",""4"",""6"",""5"",""6"",""5"",""6"",""5"",""4"",""4"",""4"",""5"",""4"",""6"",""6"",""6"",""5"",""5"",""4"",""4"",""5"",""5"",""4"",""6"",""5"",""6"",""6"",""4""]","1500","0","","","","","","",""
"","canvas-keyboard-response","63","123972","0.0-5.0-1.0-2.17","","","","","568","4","","","[""rect"",""circle""]","","","","","","","","","","","[{""x"":942,""y"":588,""t"":1},{""x"":939,""y"":580,""t"":47},{""x"":938,""y"":566,""t"":75},{""x"":969,""y"":573,""t"":108},{""x"":980,""y"":553,""t"":140},{""x"":988,""y"":552,""t"":171},{""x"":964,""y"":537,""t"":206},{""x"":979,""y"":521,""t"":241},{""x"":972,""y"":518,""t"":275},{""x"":985,""y"":511,""t"":309},{""x"":984,""y"":513,""t"":345},{""x"":968,""y"":514,""t"":376},{""x"":948,""y"":511,""t"":417},{""x"":937,""y"":490,""t"":449},{""x"":935,""y"":513,""t"":479},{""x"":926,""y"":503,""t"":526}]","{""#container"":{""x"":266.42919921875,""y"":48.58407211303711,""width"":1099.9910888671875,""height"":849.9955444335938,""top"":48.58407211303711,""right"":1366.4202880859375,""bottom"":898.5796165466309,""left"":266.42919921875}}","rect","4","true","[{""x"":250,""y"":425,""width"":80,""height"":80,""top"":385,""right"":290,""bottom"":465,""left"":210},{""x"":850,""y"":425,""width"":80,""height"":80,""top"":385,""right"":890,""bottom"":465,""left"":810}]"
"","html-keyboard-response","64","125220","0.0-5.0-2.0","","","","","739"," ","","","<p>识别实验：试验都以 500 毫秒的固定时间开始，然后会有一个 500 毫秒的fixation，接下来是100毫秒的单个项目展示，1000毫秒的空白间隔后，会呈现一个四个项目的阵列。</p> <p>要求：记忆单个项目，并在多个项目阵列中快速找到，并根据数字键盘的 "" 4 "" ,"" 8 "","" 6 "","" 2 "" 进行选择响应,如果不记得或者不存在选择""5""。</p><p>按"" ""键继续，实验开始。</p>","","","","","","","","","","","","","","","",""
"","canvas-keyboard-response","65","126257","0.0-5.0-3.0-0.0","","","","","null","null","","","","","","","","","recognition","[""5"",""4"",""6"",""5"",""4"",""6"",""5"",""6"",""4"",""4"",""6"",""5"",""6"",""5"",""6"",""5"",""4"",""4"",""4"",""5"",""4"",""6"",""6"",""6"",""5"",""5"",""4"",""4"",""5"",""5"",""4"",""6"",""5"",""6"",""6"",""4""]","1500","0","","","","","","",""
"","canvas-keyboard-response","66","126367","0.0-5.0-3.0-1.0","","","","","null","null","","","","","","","","","recognition","[""5"",""4"",""6"",""5"",""4"",""6"",""5"",""6"",""4"",""4"",""6"",""5"",""6"",""5"",""6"",""5"",""4"",""4"",""4"",""5"",""4"",""6"",""6"",""6"",""5"",""5"",""4"",""4"",""5"",""5"",""4"",""6"",""5"",""6"",""6"",""4""]","1500","1","","","","","","",""
"","canvas-keyboard-response","67","128564","0.0-5.0-3.0-2.0","","","","","674","4","","","[""circle"",""circle""]","","","","","","","","","","","[{""x"":945,""y"":550,""t"":2},{""x"":973,""y"":567,""t"":53},{""x"":1001,""y"":573,""t"":86},{""x"":1024,""y"":577,""t"":106},{""x"":1033,""y"":587,""t"":139},{""x"":1035,""y"":594,""t"":172},{""x"":1042,""y"":596,""t"":208},{""x"":1058,""y"":619,""t"":241},{""x"":1048,""y"":600,""t"":275},{""x"":1047,""y"":593,""t"":308},{""x"":1033,""y"":603,""t"":351},{""x"":1010,""y"":600,""t"":379},{""x"":955,""y"":610,""t"":412},{""x"":931,""y"":618,""t"":445},{""x"":883,""y"":632,""t"":478},{""x"":882,""y"":607,""t"":516},{""x"":847,""y"":597,""t"":554},{""x"":828,""y"":597,""t"":589},{""x"":836,""y"":590,""t"":615}]","{""#container"":{""x"":266.42919921875,""y"":48.58407211303711,""width"":1099.9910888671875,""height"":849.9955444335938,""top"":48.58407211303711,""right"":1366.4202880859375,""bottom"":898.5796165466309,""left"":266.42919921875}}","blue","4","true","[{""x"":250,""y"":425,""width"":80,""height"":80,""top"":385,""right"":290,""bottom"":465,""left"":210},{""x"":850,""y"":425,""width"":80,""height"":80,""top"":385,""right"":890,""bottom"":465,""left"":810}]"
"","canvas-keyboard-response","68","129603","0.0-5.0-3.0-0.1","","","","","null","null","","","","","","","","","recognition","[""5"",""4"",""6"",""5"",""4"",""6"",""5"",""6"",""4"",""4"",""6"",""5"",""6"",""5"",""6"",""5"",""4"",""4"",""4"",""5"",""4"",""6"",""6"",""6"",""5"",""5"",""4"",""4"",""5"",""5"",""4"",""6"",""5"",""6"",""6"",""4""]","1500","1","","","","","","",""
"","canvas-keyboard-response","69","129715","0.0-5.0-3.0-1.1","","","","","null","null","","","","","","","","","recognition","[""5"",""4"",""6"",""5"",""4"",""6"",""5"",""6"",""4"",""4"",""6"",""5"",""6"",""5"",""6"",""5"",""4"",""4"",""4"",""5"",""4"",""6"",""6"",""6"",""5"",""5"",""4"",""4"",""5"",""5"",""4"",""6"",""5"",""6"",""6"",""4""]","1500","1","","","","","","",""
"","canvas-keyboard-response","70","131686","0.0-5.0-3.0-2.1","","","","","464","6","","","[""circle"",""circle""]","","","","","","","","","","","[{""x"":891,""y"":503,""t"":1},{""x"":935,""y"":462,""t"":49},{""x"":947,""y"":418,""t"":76},{""x"":956,""y"":383,""t"":118},{""x"":997,""y"":391,""t"":158},{""x"":1032,""y"":400,""t"":179},{""x"":1078,""y"":397,""t"":214},{""x"":1084,""y"":390,""t"":243},{""x"":1069,""y"":383,""t"":275},{""x"":1052,""y"":370,""t"":307},{""x"":1041,""y"":370,""t"":357},{""x"":1030,""y"":371,""t"":379},{""x"":1030,""y"":362,""t"":416}]","{""#container"":{""x"":266.42919921875,""y"":48.58407211303711,""width"":1099.9910888671875,""height"":849.9955444335938,""top"":48.58407211303711,""right"":1366.4202880859375,""bottom"":898.5796165466309,""left"":266.42919921875}}","","5","false","[{""x"":250,""y"":425,""width"":80,""height"":80,""top"":385,""right"":290,""bottom"":465,""left"":210},{""x"":850,""y"":425,""width"":80,""height"":80,""top"":385,""right"":890,""bottom"":465,""left"":810}]"
"","html-keyboard-response","71","132696","0.0-5.0-3.0-3.1-0.1-0.1","","","","","null","null","","","<div id=""errorinfo"">Error</div>","","","","","","recognition","[""5"",""4"",""6"",""5"",""4"",""6"",""5"",""6"",""4"",""4"",""6"",""5"",""6"",""5"",""6"",""5"",""4"",""4"",""4"",""5"",""4"",""6"",""6"",""6"",""5"",""5"",""4"",""4"",""5"",""5"",""4"",""6"",""5"",""6"",""6"",""4""]","1500","1","","","","","","",""
"","canvas-keyboard-response","72","133721","0.0-5.0-3.0-0.2","","","","","null","null","","","","","","","","","recognition","[""5"",""4"",""6"",""5"",""4"",""6"",""5"",""6"",""4"",""4"",""6"",""5"",""6"",""5"",""6"",""5"",""4"",""4"",""4"",""5"",""4"",""6"",""6"",""6"",""5"",""5"",""4"",""4"",""5"",""5"",""4"",""6"",""5"",""6"",""6"",""4""]","1500","1","","","","","","",""
"","canvas-keyboard-response","73","133833","0.0-5.0-3.0-1.2","","","","","null","null","","","","","","","","","recognition","[""5"",""4"",""6"",""5"",""4"",""6"",""5"",""6"",""4"",""4"",""6"",""5"",""6"",""5"",""6"",""5"",""4"",""4"",""4"",""5"",""4"",""6"",""6"",""6"",""5"",""5"",""4"",""4"",""5"",""5"",""4"",""6"",""5"",""6"",""6"",""4""]","1500","1","","","","","","",""
"","canvas-keyboard-response","74","136298","0.0-5.0-3.0-2.2","","","","","940","4","","","[""circle"",""circle""]","","","","","","","","","","","[{""x"":1015,""y"":430,""t"":1},{""x"":1001,""y"":469,""t"":46},{""x"":984,""y"":481,""t"":79},{""x"":973,""y"":516,""t"":112},{""x"":958,""y"":554,""t"":149},{""x"":957,""y"":584,""t"":181},{""x"":975,""y"":608,""t"":214},{""x"":1003,""y"":640,""t"":247},{""x"":1008,""y"":639,""t"":279},{""x"":990,""y"":640,""t"":311},{""x"":958,""y"":642,""t"":343},{""x"":921,""y"":627,""t"":377},{""x"":918,""y"":624,""t"":419},{""x"":874,""y"":602,""t"":450},{""x"":847,""y"":621,""t"":478},{""x"":819,""y"":608,""t"":527},{""x"":807,""y"":582,""t"":549},{""x"":798,""y"":571,""t"":581},{""x"":823,""y"":566,""t"":616},{""x"":800,""y"":552,""t"":658},{""x"":787,""y"":540,""t"":684},{""x"":789,""y"":541,""t"":731},{""x"":792,""y"":548,""t"":765},{""x"":779,""y"":564,""t"":786},{""x"":761,""y"":562,""t"":819},{""x"":796,""y"":566,""t"":856},{""x"":804,""y"":569,""t"":890}]","{""#container"":{""x"":266.42919921875,""y"":48.58407211303711,""width"":1099.9910888671875,""height"":849.9955444335938,""top"":48.58407211303711,""right"":1366.4202880859375,""bottom"":898.5796165466309,""left"":266.42919921875}}","red","4","true","[{""x"":250,""y"":425,""width"":80,""height"":80,""top"":385,""right"":290,""bottom"":465,""left"":210},{""x"":850,""y"":425,""width"":80,""height"":80,""top"":385,""right"":890,""bottom"":465,""left"":810}]"
"","canvas-keyboard-response","75","137328","0.0-5.0-3.0-0.3","","","","","null","null","","","","","","","","","recognition","[""5"",""4"",""6"",""5"",""4"",""6"",""5"",""6"",""4"",""4"",""6"",""5"",""6"",""5"",""6"",""5"",""4"",""4"",""4"",""5"",""4"",""6"",""6"",""6"",""5"",""5"",""4"",""4"",""5"",""5"",""4"",""6"",""5"",""6"",""6"",""4""]","1500","1","","","","","","",""
"","canvas-keyboard-response","76","137437","0.0-5.0-3.0-1.3","","","","","null","null","","","","","","","","","recognition","[""5"",""4"",""6"",""5"",""4"",""6"",""5"",""6"",""4"",""4"",""6"",""5"",""6"",""5"",""6"",""5"",""4"",""4"",""4"",""5"",""4"",""6"",""6"",""6"",""5"",""5"",""4"",""4"",""5"",""5"",""4"",""6"",""5"",""6"",""6"",""4""]","1500","1","","","","","","",""
"","canvas-keyboard-response","77","139350","0.0-5.0-3.0-2.3","","","","","401","6","","","[""circle"",""circle""]","","","","","","","","","","","[{""x"":852,""y"":588,""t"":18},{""x"":882,""y"":585,""t"":36},{""x"":907,""y"":581,""t"":78},{""x"":934,""y"":566,""t"":113},{""x"":972,""y"":562,""t"":146},{""x"":998,""y"":554,""t"":181},{""x"":1010,""y"":543,""t"":217},{""x"":1004,""y"":559,""t"":252},{""x"":1001,""y"":545,""t"":283},{""x"":998,""y"":533,""t"":309},{""x"":995,""y"":525,""t"":342}]","{""#container"":{""x"":266.42919921875,""y"":48.58407211303711,""width"":1099.9910888671875,""height"":849.9955444335938,""top"":48.58407211303711,""right"":1366.4202880859375,""bottom"":898.5796165466309,""left"":266.42919921875}}","green","6","true","[{""x"":250,""y"":425,""width"":80,""height"":80,""top"":385,""right"":290,""bottom"":465,""left"":210},{""x"":850,""y"":425,""width"":80,""height"":80,""top"":385,""right"":890,""bottom"":465,""left"":810}]"
"","canvas-keyboard-response","78","140372","0.0-5.0-3.0-0.4","","","","","null","null","","","","","","","","","recognition","[""5"",""4"",""6"",""5"",""4"",""6"",""5"",""6"",""4"",""4"",""6"",""5"",""6"",""5"",""6"",""5"",""4"",""4"",""4"",""5"",""4"",""6"",""6"",""6"",""5"",""5"",""4"",""4"",""5"",""5"",""4"",""6"",""5"",""6"",""6"",""4""]","1500","1","","","","","","",""
"","canvas-keyboard-response","79","140480","0.0-5.0-3.0-1.4","","","","","null","null","","","","","","","","","recognition","[""5"",""4"",""6"",""5"",""4"",""6"",""5"",""6"",""4"",""4"",""6"",""5"",""6"",""5"",""6"",""5"",""4"",""4"",""4"",""5"",""4"",""6"",""6"",""6"",""5"",""5"",""4"",""4"",""5"",""5"",""4"",""6"",""5"",""6"",""6"",""4""]","1500","1","","","","","","",""
"","canvas-keyboard-response","80","142416","0.0-5.0-3.0-2.4","","","","","421","6","","","[""circle"",""circle""]","","","","","","","","","","","[{""x"":1057,""y"":537,""t"":2},{""x"":1094,""y"":542,""t"":46},{""x"":1092,""y"":554,""t"":79},{""x"":1101,""y"":547,""t"":108},{""x"":1096,""y"":554,""t"":139},{""x"":1075,""y"":543,""t"":171},{""x"":1030,""y"":548,""t"":206},{""x"":1025,""y"":568,""t"":240},{""x"":1028,""y"":573,""t"":274},{""x"":1024,""y"":563,""t"":308},{""x"":1055,""y"":582,""t"":343},{""x"":1078,""y"":600,""t"":378}]","{""#container"":{""x"":266.42919921875,""y"":48.58407211303711,""width"":1099.9910888671875,""height"":849.9955444335938,""top"":48.58407211303711,""right"":1366.4202880859375,""bottom"":898.5796165466309,""left"":266.42919921875}}","red","6","true","[{""x"":250,""y"":425,""width"":80,""height"":80,""top"":385,""right"":290,""bottom"":465,""left"":210},{""x"":850,""y"":425,""width"":80,""height"":80,""top"":385,""right"":890,""bottom"":465,""left"":810}]"
"","canvas-keyboard-response","81","143460","0.0-5.0-3.0-0.5","","","","","null","null","","","","","","","","","recognition","[""5"",""4"",""6"",""5"",""4"",""6"",""5"",""6"",""4"",""4"",""6"",""5"",""6"",""5"",""6"",""5"",""4"",""4"",""4"",""5"",""4"",""6"",""6"",""6"",""5"",""5"",""4"",""4"",""5"",""5"",""4"",""6"",""5"",""6"",""6"",""4""]","1500","1","","","","","","",""
"","canvas-keyboard-response","82","143570","0.0-5.0-3.0-1.5","","","","","null","null","","","","","","","","","recognition","[""5"",""4"",""6"",""5"",""4"",""6"",""5"",""6"",""4"",""4"",""6"",""5"",""6"",""5"",""6"",""5"",""4"",""4"",""4"",""5"",""4"",""6"",""6"",""6"",""5"",""5"",""4"",""4"",""5"",""5"",""4"",""6"",""5"",""6"",""6"",""4""]","1500","1","","","","","","",""
"","canvas-keyboard-response","83","145521","0.0-5.0-3.0-2.5","","","","","439","6","","","[""circle"",""circle""]","","","","","","","","","","","[{""x"":1086,""y"":625,""t"":8},{""x"":1092,""y"":629,""t"":59},{""x"":1104,""y"":633,""t"":76},{""x"":1091,""y"":634,""t"":112},{""x"":1107,""y"":637,""t"":143},{""x"":1107,""y"":633,""t"":177},{""x"":1081,""y"":640,""t"":208},{""x"":1090,""y"":647,""t"":240},{""x"":1082,""y"":641,""t"":276},{""x"":1057,""y"":658,""t"":317},{""x"":1041,""y"":671,""t"":350},{""x"":1037,""y"":671,""t"":392}]","{""#container"":{""x"":266.42919921875,""y"":48.58407211303711,""width"":1099.9910888671875,""height"":849.9955444335938,""top"":48.58407211303711,""right"":1366.4202880859375,""bottom"":898.5796165466309,""left"":266.42919921875}}","blue","6","true","[{""x"":250,""y"":425,""width"":80,""height"":80,""top"":385,""right"":290,""bottom"":465,""left"":210},{""x"":850,""y"":425,""width"":80,""height"":80,""top"":385,""right"":890,""bottom"":465,""left"":810}]"
"","canvas-keyboard-response","84","146566","0.0-5.0-3.0-0.6","","","","","null","null","","","","","","","","","recognition","[""5"",""4"",""6"",""5"",""4"",""6"",""5"",""6"",""4"",""4"",""6"",""5"",""6"",""5"",""6"",""5"",""4"",""4"",""4"",""5"",""4"",""6"",""6"",""6"",""5"",""5"",""4"",""4"",""5"",""5"",""4"",""6"",""5"",""6"",""6"",""4""]","1500","1","","","","","","",""
"","canvas-keyboard-response","85","146683","0.0-5.0-3.0-1.6","","","","","null","null","","","","","","","","","recognition","[""5"",""4"",""6"",""5"",""4"",""6"",""5"",""6"",""4"",""4"",""6"",""5"",""6"",""5"",""6"",""5"",""4"",""4"",""4"",""5"",""4"",""6"",""6"",""6"",""5"",""5"",""4"",""4"",""5"",""5"",""4"",""6"",""5"",""6"",""6"",""4""]","1500","1","","","","","","",""
"","canvas-keyboard-response","86","148949","0.0-5.0-3.0-2.6","","","","","741","5","","","[""circle"",""circle""]","","","","","","","","","","","[{""x"":1027,""y"":648,""t"":4},{""x"":1028,""y"":660,""t"":42},{""x"":996,""y"":634,""t"":77},{""x"":1037,""y"":632,""t"":111},{""x"":1027,""y"":602,""t"":147},{""x"":1042,""y"":621,""t"":185},{""x"":1035,""y"":615,""t"":216},{""x"":1057,""y"":633,""t"":262},{""x"":1062,""y"":634,""t"":289},{""x"":1057,""y"":627,""t"":321},{""x"":1061,""y"":620,""t"":355},{""x"":1065,""y"":644,""t"":383},{""x"":1045,""y"":653,""t"":415},{""x"":1044,""y"":662,""t"":448},{""x"":1032,""y"":655,""t"":480},{""x"":1042,""y"":665,""t"":512},{""x"":1055,""y"":667,""t"":545},{""x"":1046,""y"":650,""t"":588},{""x"":1066,""y"":644,""t"":620},{""x"":1075,""y"":639,""t"":652}]","{""#container"":{""x"":266.42919921875,""y"":48.58407211303711,""width"":1099.9910888671875,""height"":849.9955444335938,""top"":48.58407211303711,""right"":1366.4202880859375,""bottom"":898.5796165466309,""left"":266.42919921875}}","","5","true","[{""x"":250,""y"":425,""width"":80,""height"":80,""top"":385,""right"":290,""bottom"":465,""left"":210},{""x"":850,""y"":425,""width"":80,""height"":80,""top"":385,""right"":890,""bottom"":465,""left"":810}]"
"","canvas-keyboard-response","87","149990","0.0-5.0-3.0-0.7","","","","","null","null","","","","","","","","","recognition","[""5"",""4"",""6"",""5"",""4"",""6"",""5"",""6"",""4"",""4"",""6"",""5"",""6"",""5"",""6"",""5"",""4"",""4"",""4"",""5"",""4"",""6"",""6"",""6"",""5"",""5"",""4"",""4"",""5"",""5"",""4"",""6"",""5"",""6"",""6"",""4""]","1500","1","","","","","","",""
"","canvas-keyboard-response","88","150112","0.0-5.0-3.0-1.7","","","","","null","null","","","","","","","","","recognition","[""5"",""4"",""6"",""5"",""4"",""6"",""5"",""6"",""4"",""4"",""6"",""5"",""6"",""5"",""6"",""5"",""4"",""4"",""4"",""5"",""4"",""6"",""6"",""6"",""5"",""5"",""4"",""4"",""5"",""5"",""4"",""6"",""5"",""6"",""6"",""4""]","1500","1","","","","","","",""
"","canvas-keyboard-response","89","152126","0.0-5.0-3.0-2.7","","","","","492","5","","","[""circle"",""circle""]","","","","","","","","","","","[{""x"":1136,""y"":664,""t"":1},{""x"":1141,""y"":690,""t"":45},{""x"":1140,""y"":726,""t"":73},{""x"":1148,""y"":724,""t"":107},{""x"":1161,""y"":747,""t"":138},{""x"":1176,""y"":765,""t"":172},{""x"":1170,""y"":766,""t"":207},{""x"":1179,""y"":783,""t"":249},{""x"":1161,""y"":798,""t"":283},{""x"":1149,""y"":800,""t"":318},{""x"":1144,""y"":809,""t"":345},{""x"":1139,""y"":816,""t"":375},{""x"":1124,""y"":825,""t"":418},{""x"":1119,""y"":816,""t"":453}]","{""#container"":{""x"":266.42919921875,""y"":48.58407211303711,""width"":1099.9910888671875,""height"":849.9955444335938,""top"":48.58407211303711,""right"":1366.4202880859375,""bottom"":898.5796165466309,""left"":266.42919921875}}","","5","true","[{""x"":250,""y"":425,""width"":80,""height"":80,""top"":385,""right"":290,""bottom"":465,""left"":210},{""x"":850,""y"":425,""width"":80,""height"":80,""top"":385,""right"":890,""bottom"":465,""left"":810}]"
"","canvas-keyboard-response","90","153136","0.0-5.0-3.0-0.8","","","","","null","null","","","","","","","","","recognition","[""5"",""4"",""6"",""5"",""4"",""6"",""5"",""6"",""4"",""4"",""6"",""5"",""6"",""5"",""6"",""5"",""4"",""4"",""4"",""5"",""4"",""6"",""6"",""6"",""5"",""5"",""4"",""4"",""5"",""5"",""4"",""6"",""5"",""6"",""6"",""4""]","1500","1","","","","","","",""
"","canvas-keyboard-response","91","153250","0.0-5.0-3.0-1.8","","","","","null","null","","","","","","","","","recognition","[""5"",""4"",""6"",""5"",""4"",""6"",""5"",""6"",""4"",""4"",""6"",""5"",""6"",""5"",""6"",""5"",""4"",""4"",""4"",""5"",""4"",""6"",""6"",""6"",""5"",""5"",""4"",""4"",""5"",""5"",""4"",""6"",""5"",""6"",""6"",""4""]","1500","1","","","","","","",""
"","canvas-keyboard-response","92","155288","0.0-5.0-3.0-2.8","","","","","506","4","","","[""circle"",""circle""]","","","","","","","","","","","[{""x"":1116,""y"":798,""t"":15},{""x"":1087,""y"":779,""t"":70},{""x"":1076,""y"":773,""t"":105},{""x"":1064,""y"":752,""t"":139},{""x"":1051,""y"":734,""t"":172},{""x"":1051,""y"":729,""t"":206},{""x"":1051,""y"":728,""t"":240},{""x"":1051,""y"":726,""t"":274},{""x"":1056,""y"":711,""t"":308},{""x"":1066,""y"":703,""t"":344},{""x"":1062,""y"":681,""t"":378},{""x"":1042,""y"":681,""t"":412},{""x"":1022,""y"":692,""t"":447},{""x"":985,""y"":700,""t"":478}]","{""#container"":{""x"":266.42919921875,""y"":48.58407211303711,""width"":1099.9910888671875,""height"":849.9955444335938,""top"":48.58407211303711,""right"":1366.4202880859375,""bottom"":898.5796165466309,""left"":266.42919921875}}","green","4","true","[{""x"":250,""y"":425,""width"":80,""height"":80,""top"":385,""right"":290,""bottom"":465,""left"":210},{""x"":850,""y"":425,""width"":80,""height"":80,""top"":385,""right"":890,""bottom"":465,""left"":810}]"
"","canvas-keyboard-response","93","156320","0.0-5.0-3.0-0.9","","","","","null","null","","","","","","","","","recognition","[""5"",""4"",""6"",""5"",""4"",""6"",""5"",""6"",""4"",""4"",""6"",""5"",""6"",""5"",""6"",""5"",""4"",""4"",""4"",""5"",""4"",""6"",""6"",""6"",""5"",""5"",""4"",""4"",""5"",""5"",""4"",""6"",""5"",""6"",""6"",""4""]","1500","1","","","","","","",""
"","canvas-keyboard-response","94","156434","0.0-5.0-3.0-1.9","","","","","null","null","","","","","","","","","recognition","[""5"",""4"",""6"",""5"",""4"",""6"",""5"",""6"",""4"",""4"",""6"",""5"",""6"",""5"",""6"",""5"",""4"",""4"",""4"",""5"",""4"",""6"",""6"",""6"",""5"",""5"",""4"",""4"",""5"",""5"",""4"",""6"",""5"",""6"",""6"",""4""]","1500","1","","","","","","",""
"","canvas-keyboard-response","95","158419","0.0-5.0-3.0-2.9","","","","","471","4","","","[""circle"",""circle""]","","","","","","","","","","","[{""x"":993,""y"":723,""t"":3},{""x"":1007,""y"":744,""t"":51},{""x"":1013,""y"":752,""t"":73},{""x"":1018,""y"":757,""t"":107},{""x"":1011,""y"":761,""t"":138},{""x"":1036,""y"":769,""t"":173},{""x"":1039,""y"":780,""t"":213},{""x"":1057,""y"":798,""t"":248},{""x"":1056,""y"":804,""t"":284},{""x"":1060,""y"":802,""t"":314},{""x"":1070,""y"":795,""t"":360},{""x"":1079,""y"":789,""t"":382},{""x"":1069,""y"":796,""t"":425}]","{""#container"":{""x"":266.42919921875,""y"":48.58407211303711,""width"":1099.9910888671875,""height"":849.9955444335938,""top"":48.58407211303711,""right"":1366.4202880859375,""bottom"":898.5796165466309,""left"":266.42919921875}}","green","4","true","[{""x"":250,""y"":425,""width"":80,""height"":80,""top"":385,""right"":290,""bottom"":465,""left"":210},{""x"":850,""y"":425,""width"":80,""height"":80,""top"":385,""right"":890,""bottom"":465,""left"":810}]"
"","canvas-keyboard-response","96","159449","0.0-5.0-3.0-0.10","","","","","null","null","","","","","","","","","recognition","[""5"",""4"",""6"",""5"",""4"",""6"",""5"",""6"",""4"",""4"",""6"",""5"",""6"",""5"",""6"",""5"",""4"",""4"",""4"",""5"",""4"",""6"",""6"",""6"",""5"",""5"",""4"",""4"",""5"",""5"",""4"",""6"",""5"",""6"",""6"",""4""]","1500","1","","","","","","",""
"","canvas-keyboard-response","97","159563","0.0-5.0-3.0-1.10","","","","","null","null","","","","","","","","","recognition","[""5"",""4"",""6"",""5"",""4"",""6"",""5"",""6"",""4"",""4"",""6"",""5"",""6"",""5"",""6"",""5"",""4"",""4"",""4"",""5"",""4"",""6"",""6"",""6"",""5"",""5"",""4"",""4"",""5"",""5"",""4"",""6"",""5"",""6"",""6"",""4""]","1500","1","","","","","","",""
"","canvas-keyboard-response","98","161420","0.0-5.0-3.0-2.10","","","","","335","5","","","[""circle"",""circle""]","","","","","","","","","","","[{""x"":1086,""y"":799,""t"":4},{""x"":1105,""y"":803,""t"":50},{""x"":1118,""y"":806,""t"":71},{""x"":1134,""y"":818,""t"":106},{""x"":1140,""y"":831,""t"":140},{""x"":1154,""y"":842,""t"":173},{""x"":1120,""y"":787,""t"":206},{""x"":1099,""y"":770,""t"":240},{""x"":1120,""y"":784,""t"":273},{""x"":1110,""y"":762,""t"":307}]","{""#container"":{""x"":266.42919921875,""y"":48.58407211303711,""width"":1099.9910888671875,""height"":849.9955444335938,""top"":48.58407211303711,""right"":1366.4202880859375,""bottom"":898.5796165466309,""left"":266.42919921875}}","","5","true","[{""x"":250,""y"":425,""width"":80,""height"":80,""top"":385,""right"":290,""bottom"":465,""left"":210},{""x"":850,""y"":425,""width"":80,""height"":80,""top"":385,""right"":890,""bottom"":465,""left"":810}]"
"","canvas-keyboard-response","99","162452","0.0-5.0-3.0-0.11","","","","","null","null","","","","","","","","","recognition","[""5"",""4"",""6"",""5"",""4"",""6"",""5"",""6"",""4"",""4"",""6"",""5"",""6"",""5"",""6"",""5"",""4"",""4"",""4"",""5"",""4"",""6"",""6"",""6"",""5"",""5"",""4"",""4"",""5"",""5"",""4"",""6"",""5"",""6"",""6"",""4""]","1500","1","","","","","","",""
"","canvas-keyboard-response","100","162569","0.0-5.0-3.0-1.11","","","","","null","null","","","","","","","","","recognition","[""5"",""4"",""6"",""5"",""4"",""6"",""5"",""6"",""4"",""4"",""6"",""5"",""6"",""5"",""6"",""5"",""4"",""4"",""4"",""5"",""4"",""6"",""6"",""6"",""5"",""5"",""4"",""4"",""5"",""5"",""4"",""6"",""5"",""6"",""6"",""4""]","1500","1","","","","","","",""
"","canvas-keyboard-response","101","164453","0.0-5.0-3.0-2.11","","","","","363","5","","","[""circle"",""circle""]","","","","","","","","","","","[{""x"":1110,""y"":753,""t"":9},{""x"":1091,""y"":741,""t"":64},{""x"":1093,""y"":736,""t"":101},{""x"":1115,""y"":740,""t"":130},{""x"":1083,""y"":741,""t"":162},{""x"":1056,""y"":743,""t"":188},{""x"":1040,""y"":740,""t"":218},{""x"":1033,""y"":746,""t"":250},{""x"":1027,""y"":752,""t"":275},{""x"":1040,""y"":743,""t"":310}]","{""#container"":{""x"":266.42919921875,""y"":48.58407211303711,""width"":1099.9910888671875,""height"":849.9955444335938,""top"":48.58407211303711,""right"":1366.4202880859375,""bottom"":898.5796165466309,""left"":266.42919921875}}","","5","true","[{""x"":250,""y"":425,""width"":80,""height"":80,""top"":385,""right"":290,""bottom"":465,""left"":210},{""x"":850,""y"":425,""width"":80,""height"":80,""top"":385,""right"":890,""bottom"":465,""left"":810}]"
"","canvas-keyboard-response","102","165486","0.0-5.0-3.0-0.12","","","","","null","null","","","","","","","","","recognition","[""5"",""4"",""6"",""5"",""4"",""6"",""5"",""6"",""4"",""4"",""6"",""5"",""6"",""5"",""6"",""5"",""4"",""4"",""4"",""5"",""4"",""6"",""6"",""6"",""5"",""5"",""4"",""4"",""5"",""5"",""4"",""6"",""5"",""6"",""6"",""4""]","1500","1","","","","","","",""
"","canvas-keyboard-response","103","165609","0.0-5.0-3.0-1.12","","","","","null","null","","","","","","","","","recognition","[""5"",""4"",""6"",""5"",""4"",""6"",""5"",""6"",""4"",""4"",""6"",""5"",""6"",""5"",""6"",""5"",""4"",""4"",""4"",""5"",""4"",""6"",""6"",""6"",""5"",""5"",""4"",""4"",""5"",""5"",""4"",""6"",""5"",""6"",""6"",""4""]","1500","1","","","","","","",""
"","canvas-keyboard-response","104","167651","0.0-5.0-3.0-2.12","","","","","507","4","","","[""circle"",""circle""]","","","","","","","","","","","[{""x"":1051,""y"":718,""t"":3},{""x"":1069,""y"":722,""t"":41},{""x"":1046,""y"":724,""t"":83},{""x"":1036,""y"":726,""t"":113},{""x"":1037,""y"":735,""t"":160},{""x"":1026,""y"":733,""t"":183},{""x"":1035,""y"":745,""t"":224},{""x"":1039,""y"":754,""t"":241},{""x"":1044,""y"":741,""t"":283},{""x"":1028,""y"":743,""t"":319},{""x"":1020,""y"":750,""t"":352},{""x"":1024,""y"":738,""t"":381},{""x"":1011,""y"":731,""t"":411},{""x"":1009,""y"":719,""t"":445}]","{""#container"":{""x"":266.42919921875,""y"":48.58407211303711,""width"":1099.9910888671875,""height"":849.9955444335938,""top"":48.58407211303711,""right"":1366.4202880859375,""bottom"":898.5796165466309,""left"":266.42919921875}}","blue","4","true","[{""x"":250,""y"":425,""width"":80,""height"":80,""top"":385,""right"":290,""bottom"":465,""left"":210},{""x"":850,""y"":425,""width"":80,""height"":80,""top"":385,""right"":890,""bottom"":465,""left"":810}]"
"","canvas-keyboard-response","105","168685","0.0-5.0-3.0-0.13","","","","","null","null","","","","","","","","","recognition","[""5"",""4"",""6"",""5"",""4"",""6"",""5"",""6"",""4"",""4"",""6"",""5"",""6"",""5"",""6"",""5"",""4"",""4"",""4"",""5"",""4"",""6"",""6"",""6"",""5"",""5"",""4"",""4"",""5"",""5"",""4"",""6"",""5"",""6"",""6"",""4""]","1500","1","","","","","","",""
"","canvas-keyboard-response","106","168796","0.0-5.0-3.0-1.13","","","","","null","null","","","","","","","","","recognition","[""5"",""4"",""6"",""5"",""4"",""6"",""5"",""6"",""4"",""4"",""6"",""5"",""6"",""5"",""6"",""5"",""4"",""4"",""4"",""5"",""4"",""6"",""6"",""6"",""5"",""5"",""4"",""4"",""5"",""5"",""4"",""6"",""5"",""6"",""6"",""4""]","1500","1","","","","","","",""
"","canvas-keyboard-response","107","170734","0.0-5.0-3.0-2.13","","","","","412","6","","","[""circle"",""circle""]","","","","","","","","","","","[{""x"":983,""y"":708,""t"":8},{""x"":990,""y"":688,""t"":48},{""x"":989,""y"":675,""t"":71},{""x"":988,""y"":670,""t"":106},{""x"":983,""y"":668,""t"":139},{""x"":980,""y"":659,""t"":172},{""x"":995,""y"":670,""t"":207},{""x"":1000,""y"":669,""t"":240},{""x"":1005,""y"":678,""t"":274},{""x"":992,""y"":670,""t"":309},{""x"":991,""y"":669,""t"":343}]","{""#container"":{""x"":266.42919921875,""y"":48.58407211303711,""width"":1099.9910888671875,""height"":849.9955444335938,""top"":48.58407211303711,""right"":1366.4202880859375,""bottom"":898.5796165466309,""left"":266.42919921875}}","red","6","true","[{""x"":250,""y"":425,""width"":80,""height"":80,""top"":385,""right"":290,""bottom"":465,""left"":210},{""x"":850,""y"":425,""width"":80,""height"":80,""top"":385,""right"":890,""bottom"":465,""left"":810}]"
"","canvas-keyboard-response","108","171787","0.0-5.0-3.0-0.14","","","","","null","null","","","","","","","","","recognition","[""5"",""4"",""6"",""5"",""4"",""6"",""5"",""6"",""4"",""4"",""6"",""5"",""6"",""5"",""6"",""5"",""4"",""4"",""4"",""5"",""4"",""6"",""6"",""6"",""5"",""5"",""4"",""4"",""5"",""5"",""4"",""6"",""5"",""6"",""6"",""4""]","1500","1","","","","","","",""
"","canvas-keyboard-response","109","171904","0.0-5.0-3.0-1.14","","","","","null","null","","","","","","","","","recognition","[""5"",""4"",""6"",""5"",""4"",""6"",""5"",""6"",""4"",""4"",""6"",""5"",""6"",""5"",""6"",""5"",""4"",""4"",""4"",""5"",""4"",""6"",""6"",""6"",""5"",""5"",""4"",""4"",""5"",""5"",""4"",""6"",""5"",""6"",""6"",""4""]","1500","1","","","","","","",""
"","canvas-keyboard-response","110","173661","0.0-5.0-3.0-2.14","","","","","231","5","","","[""circle"",""circle""]","","","","","","","","","","","[{""x"":999,""y"":703,""t"":4},{""x"":1026,""y"":734,""t"":48},{""x"":1062,""y"":765,""t"":103},{""x"":1093,""y"":790,""t"":144}]","{""#container"":{""x"":266.42919921875,""y"":48.58407211303711,""width"":1099.9910888671875,""height"":849.9955444335938,""top"":48.58407211303711,""right"":1366.4202880859375,""bottom"":898.5796165466309,""left"":266.42919921875}}","","5","true","[{""x"":250,""y"":425,""width"":80,""height"":80,""top"":385,""right"":290,""bottom"":465,""left"":210},{""x"":850,""y"":425,""width"":80,""height"":80,""top"":385,""right"":890,""bottom"":465,""left"":810}]"
"","canvas-keyboard-response","111","174688","0.0-5.0-3.0-0.15","","","","","null","null","","","","","","","","","recognition","[""5"",""4"",""6"",""5"",""4"",""6"",""5"",""6"",""4"",""4"",""6"",""5"",""6"",""5"",""6"",""5"",""4"",""4"",""4"",""5"",""4"",""6"",""6"",""6"",""5"",""5"",""4"",""4"",""5"",""5"",""4"",""6"",""5"",""6"",""6"",""4""]","1500","1","","","","","","",""
"","canvas-keyboard-response","112","174803","0.0-5.0-3.0-1.15","","","","","null","null","","","","","","","","","recognition","[""5"",""4"",""6"",""5"",""4"",""6"",""5"",""6"",""4"",""4"",""6"",""5"",""6"",""5"",""6"",""5"",""4"",""4"",""4"",""5"",""4"",""6"",""6"",""6"",""5"",""5"",""4"",""4"",""5"",""5"",""4"",""6"",""5"",""6"",""6"",""4""]","1500","1","","","","","","",""
"","canvas-keyboard-response","113","176697","0.0-5.0-3.0-2.15","","","","","363","6","","","[""circle"",""circle""]","","","","","","","","","","","[{""x"":1049,""y"":797,""t"":1},{""x"":1024,""y"":779,""t"":55},{""x"":1003,""y"":762,""t"":75},{""x"":978,""y"":752,""t"":113},{""x"":969,""y"":735,""t"":196},{""x"":972,""y"":718,""t"":225},{""x"":984,""y"":709,""t"":255},{""x"":988,""y"":705,""t"":293},{""x"":993,""y"":702,""t"":312}]","{""#container"":{""x"":266.42919921875,""y"":48.58407211303711,""width"":1099.9910888671875,""height"":849.9955444335938,""top"":48.58407211303711,""right"":1366.4202880859375,""bottom"":898.5796165466309,""left"":266.42919921875}}","blue","6","true","[{""x"":250,""y"":425,""width"":80,""height"":80,""top"":385,""right"":290,""bottom"":465,""left"":210},{""x"":850,""y"":425,""width"":80,""height"":80,""top"":385,""right"":890,""bottom"":465,""left"":810}]"
"","canvas-keyboard-response","114","177732","0.0-5.0-3.0-0.16","","","","","null","null","","","","","","","","","recognition","[""5"",""4"",""6"",""5"",""4"",""6"",""5"",""6"",""4"",""4"",""6"",""5"",""6"",""5"",""6"",""5"",""4"",""4"",""4"",""5"",""4"",""6"",""6"",""6"",""5"",""5"",""4"",""4"",""5"",""5"",""4"",""6"",""5"",""6"",""6"",""4""]","1500","1","","","","","","",""
"","canvas-keyboard-response","115","177842","0.0-5.0-3.0-1.16","","","","","null","null","","","","","","","","","recognition","[""5"",""4"",""6"",""5"",""4"",""6"",""5"",""6"",""4"",""4"",""6"",""5"",""6"",""5"",""6"",""5"",""4"",""4"",""4"",""5"",""4"",""6"",""6"",""6"",""5"",""5"",""4"",""4"",""5"",""5"",""4"",""6"",""5"",""6"",""6"",""4""]","1500","1","","","","","","",""
"","canvas-keyboard-response","116","179791","0.0-5.0-3.0-2.16","","","","","427","6","","","[""circle"",""circle""]","","","","","","","","","","","[{""x"":1034,""y"":688,""t"":10},{""x"":1044,""y"":703,""t"":66},{""x"":1040,""y"":702,""t"":99},{""x"":1033,""y"":699,""t"":131},{""x"":1027,""y"":696,""t"":158},{""x"":1021,""y"":694,""t"":182},{""x"":1012,""y"":692,""t"":215},{""x"":1004,""y"":691,""t"":242},{""x"":999,""y"":694,""t"":278},{""x"":1007,""y"":705,""t"":312},{""x"":1016,""y"":705,""t"":346},{""x"":1024,""y"":718,""t"":380}]","{""#container"":{""x"":266.42919921875,""y"":48.58407211303711,""width"":1099.9910888671875,""height"":849.9955444335938,""top"":48.58407211303711,""right"":1366.4202880859375,""bottom"":898.5796165466309,""left"":266.42919921875}}","green","6","true","[{""x"":250,""y"":425,""width"":80,""height"":80,""top"":385,""right"":290,""bottom"":465,""left"":210},{""x"":850,""y"":425,""width"":80,""height"":80,""top"":385,""right"":890,""bottom"":465,""left"":810}]"
"","canvas-keyboard-response","117","180816","0.0-5.0-3.0-0.17","","","","","null","null","","","","","","","","","recognition","[""5"",""4"",""6"",""5"",""4"",""6"",""5"",""6"",""4"",""4"",""6"",""5"",""6"",""5"",""6"",""5"",""4"",""4"",""4"",""5"",""4"",""6"",""6"",""6"",""5"",""5"",""4"",""4"",""5"",""5"",""4"",""6"",""5"",""6"",""6"",""4""]","1500","1","","","","","","",""
"","canvas-keyboard-response","118","180940","0.0-5.0-3.0-1.17","","","","","null","null","","","","","","","","","recognition","[""5"",""4"",""6"",""5"",""4"",""6"",""5"",""6"",""4"",""4"",""6"",""5"",""6"",""5"",""6"",""5"",""4"",""4"",""4"",""5"",""4"",""6"",""6"",""6"",""5"",""5"",""4"",""4"",""5"",""5"",""4"",""6"",""5"",""6"",""6"",""4""]","1500","1","","","","","","",""
"","canvas-keyboard-response","119","182867","0.0-5.0-3.0-2.17","","","","","410","4","","","[""circle"",""circle""]","","","","","","","","","","","[{""x"":1044,""y"":714,""t"":5},{""x"":1042,""y"":714,""t"":48},{""x"":1049,""y"":709,""t"":81},{""x"":1063,""y"":688,""t"":124},{""x"":1050,""y"":667,""t"":142},{""x"":1060,""y"":652,""t"":174},{""x"":1067,""y"":657,""t"":206},{""x"":1079,""y"":664,""t"":240},{""x"":1077,""y"":659,""t"":278},{""x"":1079,""y"":654,""t"":314},{""x"":1094,""y"":655,""t"":352}]","{""#container"":{""x"":266.42919921875,""y"":48.58407211303711,""width"":1099.9910888671875,""height"":849.9955444335938,""top"":48.58407211303711,""right"":1366.4202880859375,""bottom"":898.5796165466309,""left"":266.42919921875}}","red","4","true","[{""x"":250,""y"":425,""width"":80,""height"":80,""top"":385,""right"":290,""bottom"":465,""left"":210},{""x"":850,""y"":425,""width"":80,""height"":80,""top"":385,""right"":890,""bottom"":465,""left"":810}]"
"true","fullscreen","120","183395","0.0-6.0","","","","","","","","","","","","","","","","","","","","","","","","",""
"","html-button-response","121","188399","0.0-7.0","","","","","4992","0","","","
         <p>实验结束!</p>
         <p>点击下载数据。</p>
","","","","","","","","","","","","","","","",""
