"success","trial_type","trial_index","time_elapsed","internal_node_id","timeout","failed_images","failed_audio","failed_video","rt","response","question_order","load_time","stimulus","raw_gaze","percent_in_roi","average_offset","validation_points","samples_per_sec","task","ans","ISI","type","size","webgazer_data","webgazer_targets","target","response_answer","correct","webgazer_targets_data"
"true","fullscreen","0","19471","0.0-0.0","","","","","","","","","","","","","","","","","","","","","","","","",""
"true","preload","1","19808","0.0-1.0","false","[]","[]","[]","","","","","","","","","","","","","","","","","","","","",""
"","survey-text","2","24630","0.0-2.0-0.0","","","","","4806","{""name"":""黎钰"",""age"":""22""}","","","","","","","","","","","","","","","","","","",""
"","survey-multi-choice","3","26145","0.0-2.0-1.0","","","","","1514","{""sex"":""女""}","[0]","","","","","","","","","","","","","","","","","",""
"","webgazer-init-camera","4","31409","0.0-3.0","","","","","","","","1621","","","","","","","","","","","","","","","","",""
"","html-button-response","5","32463","0.0-4.0-0.0","","","","","1050","0","","","
        <p>现在，眼动追踪器将经过校准，将你眼睛的图像从网络摄像头转换到你屏幕上的某个位置。</p>
        <p>为此，需要单击一系列点。</p>
        <p>保持头不动，点击每一个出现的点。当点击它的时候，看着这个点。</p>
      ","","","","","","","","","","","","","","","",""
"","webgazer-calibrate","6","45431","0.0-4.0-1.0","","","","","","","","","","","","","","","","","","","","","","","","",""
"","html-button-response","7","46762","0.0-4.0-2.0","","","","","1331","0","","","
        <p>展示眼球追踪的准确性</p>
        <p>保持头不动，当每个点出现时，移动眼睛聚焦在它上面。</p>
        <p>不需要点击点。移动眼睛看这些点。</p>
      ","","","","","","","","","","","","","","","",""
"","webgazer-validate","8","64424","0.0-4.0-3.0","","","","","","","","","","[[{""x"":404,""y"":253,""dx"":-15.057535171508789,""dy"":12.561941146850586,""t"":1002},{""x"":391,""y"":255,""dx"":-28.05753517150879,""dy"":14.561941146850586,""t"":1024},{""x"":381,""y"":257,""dx"":-38.05753517150879,""dy"":16.561941146850586,""t"":1056},{""x"":383,""y"":271,""dx"":-36.05753517150879,""dy"":30.561941146850586,""t"":1090},{""x"":385,""y"":284,""dx"":-34.05753517150879,""dy"":43.561941146850586,""t"":1124},{""x"":402,""y"":294,""dx"":-17.05753517150879,""dy"":53.561941146850586,""t"":1161},{""x"":422,""y"":312,""dx"":2.942464828491211,""dy"":71.56194114685059,""t"":1196},{""x"":439,""y"":327,""dx"":19.94246482849121,""dy"":86.56194114685059,""t"":1230},{""x"":422,""y"":311,""dx"":2.942464828491211,""dy"":70.56194114685059,""t"":1262},{""x"":407,""y"":297,""dx"":-12.057535171508789,""dy"":56.561941146850586,""t"":1295},{""x"":421,""y"":310,""dx"":1.942464828491211,""dy"":69.56194114685059,""t"":1330},{""x"":416,""y"":313,""dx"":-3.057535171508789,""dy"":72.56194114685059,""t"":1367},{""x"":418,""y"":313,""dx"":-1.057535171508789,""dy"":72.56194114685059,""t"":1401},{""x"":419,""y"":313,""dx"":-0.05753517150878906,""dy"":72.56194114685059,""t"":1433},{""x"":434,""y"":300,""dx"":14.942464828491211,""dy"":59.561941146850586,""t"":1468},{""x"":454,""y"":300,""dx"":34.94246482849121,""dy"":59.561941146850586,""t"":1500},{""x"":476,""y"":296,""dx"":56.94246482849121,""dy"":55.561941146850586,""t"":1531},{""x"":464,""y"":285,""dx"":44.94246482849121,""dy"":44.561941146850586,""t"":1566},{""x"":453,""y"":276,""dx"":33.94246482849121,""dy"":35.561941146850586,""t"":1599},{""x"":457,""y"":260,""dx"":37.94246482849121,""dy"":19.561941146850586,""t"":1634},{""x"":456,""y"":250,""dx"":36.94246482849121,""dy"":9.561941146850586,""t"":1667},{""x"":476,""y"":226,""dx"":56.94246482849121,""dy"":-14.438058853149414,""t"":1706},{""x"":480,""y"":231,""dx"":60.94246482849121,""dy"":-9.438058853149414,""t"":1745},{""x"":473,""y"":245,""dx"":53.94246482849121,""dy"":4.561941146850586,""t"":1770},{""x"":417,""y"":250,""dx"":-2.057535171508789,""dy"":9.561941146850586,""t"":1816},{""x"":396,""y"":265,""dx"":-23.05753517150879,""dy"":24.561941146850586,""t"":1837},{""x"":377,""y"":278,""dx"":-42.05753517150879,""dy"":37.561941146850586,""t"":1879},{""x"":384,""y"":286,""dx"":-35.05753517150879,""dy"":45.561941146850586,""t"":1972},{""x"":383,""y"":283,""dx"":-36.05753517150879,""dy"":42.561941146850586,""t"":2009},{""x"":384,""y"":285,""dx"":-35.05753517150879,""dy"":44.561941146850586,""t"":2053},{""x"":365,""y"":289,""dx"":-54.05753517150879,""dy"":48.561941146850586,""t"":2081},{""x"":373,""y"":301,""dx"":-46.05753517150879,""dy"":60.561941146850586,""t"":2122},{""x"":562,""y"":470,""dx"":142.9424648284912,""dy"":229.5619411468506,""t"":2165},{""x"":716,""y"":615,""dx"":296.9424648284912,""dy"":374.5619411468506,""t"":2183},{""x"":914,""y"":774,""dx"":494.9424648284912,""dy"":533.5619411468506,""t"":2217},{""x"":1078,""y"":904,""dx"":658.9424648284912,""dy"":663.5619411468506,""t"":2247},{""x"":1096,""y"":983,""dx"":676.9424648284912,""dy"":742.5619411468506,""t"":2280},{""x"":1102,""y"":1042,""dx"":682.9424648284912,""dy"":801.5619411468506,""t"":2314},{""x"":1041,""y"":1035,""dx"":621.9424648284912,""dy"":794.5619411468506,""t"":2349},{""x"":982,""y"":1021,""dx"":562.9424648284912,""dy"":780.5619411468506,""t"":2382},{""x"":886,""y"":947,""dx"":466.9424648284912,""dy"":706.5619411468506,""t"":2417},{""x"":801,""y"":878,""dx"":381.9424648284912,""dy"":637.5619411468506,""t"":2449},{""x"":709,""y"":800,""dx"":289.9424648284912,""dy"":559.5619411468506,""t"":2484},{""x"":677,""y"":717,""dx"":257.9424648284912,""dy"":476.5619411468506,""t"":2518},{""x"":644,""y"":646,""dx"":224.9424648284912,""dy"":405.5619411468506,""t"":2551},{""x"":615,""y"":578,""dx"":195.9424648284912,""dy"":337.5619411468506,""t"":2588},{""x"":626,""y"":506,""dx"":206.9424648284912,""dy"":265.5619411468506,""t"":2620},{""x"":614,""y"":444,""dx"":194.9424648284912,""dy"":203.5619411468506,""t"":2655},{""x"":586,""y"":431,""dx"":166.9424648284912,""dy"":190.5619411468506,""t"":2693},{""x"":562,""y"":395,""dx"":142.9424648284912,""dy"":154.5619411468506,""t"":2727},{""x"":512,""y"":356,""dx"":92.94246482849121,""dy"":115.56194114685059,""t"":2760},{""x"":518,""y"":299,""dx"":98.94246482849121,""dy"":58.561941146850586,""t"":2799},{""x"":490,""y"":279,""dx"":70.94246482849121,""dy"":38.561941146850586,""t"":2826},{""x"":491,""y"":265,""dx"":71.94246482849121,""dy"":24.561941146850586,""t"":2860},{""x"":463,""y"":270,""dx"":43.94246482849121,""dy"":29.561941146850586,""t"":2895},{""x"":441,""y"":277,""dx"":21.94246482849121,""dy"":36.561941146850586,""t"":2926},{""x"":445,""y"":264,""dx"":25.94246482849121,""dy"":23.561941146850586,""t"":2961}],[{""x"":1298,""y"":316,""dx"":62.51766014099121,""dy"":75.56194114685059,""t"":3987},{""x"":1307,""y"":322,""dx"":71.51766014099121,""dy"":81.56194114685059,""t"":4019},{""x"":1313,""y"":327,""dx"":77.51766014099121,""dy"":86.56194114685059,""t"":4052},{""x"":1318,""y"":337,""dx"":82.51766014099121,""dy"":96.56194114685059,""t"":4089},{""x"":1321,""y"":345,""dx"":85.51766014099121,""dy"":104.56194114685059,""t"":4120},{""x"":1310,""y"":342,""dx"":74.51766014099121,""dy"":101.56194114685059,""t"":4153},{""x"":1281,""y"":331,""dx"":45.51766014099121,""dy"":90.56194114685059,""t"":4185},{""x"":1254,""y"":342,""dx"":18.51766014099121,""dy"":101.56194114685059,""t"":4220},{""x"":1266,""y"":352,""dx"":30.51766014099121,""dy"":111.56194114685059,""t"":4254},{""x"":1278,""y"":360,""dx"":42.51766014099121,""dy"":119.56194114685059,""t"":4291},{""x"":1273,""y"":363,""dx"":37.51766014099121,""dy"":122.56194114685059,""t"":4328},{""x"":1268,""y"":365,""dx"":32.51766014099121,""dy"":124.56194114685059,""t"":4354},{""x"":1295,""y"":356,""dx"":59.51766014099121,""dy"":115.56194114685059,""t"":4398},{""x"":1318,""y"":348,""dx"":82.51766014099121,""dy"":107.56194114685059,""t"":4426},{""x"":1316,""y"":356,""dx"":80.51766014099121,""dy"":115.56194114685059,""t"":4473},{""x"":1313,""y"":363,""dx"":77.51766014099121,""dy"":122.56194114685059,""t"":4495},{""x"":1302,""y"":371,""dx"":66.51766014099121,""dy"":130.5619411468506,""t"":4531},{""x"":1316,""y"":382,""dx"":80.51766014099121,""dy"":141.5619411468506,""t"":4564},{""x"":1328,""y"":390,""dx"":92.51766014099121,""dy"":149.5619411468506,""t"":4595},{""x"":1341,""y"":383,""dx"":105.51766014099121,""dy"":142.5619411468506,""t"":4633},{""x"":1352,""y"":376,""dx"":116.51766014099121,""dy"":135.5619411468506,""t"":4668},{""x"":1366,""y"":368,""dx"":130.5176601409912,""dy"":127.56194114685059,""t"":4701},{""x"":1378,""y"":361,""dx"":142.5176601409912,""dy"":120.56194114685059,""t"":4735},{""x"":1389,""y"":357,""dx"":153.5176601409912,""dy"":116.56194114685059,""t"":4770},{""x"":1372,""y"":363,""dx"":136.5176601409912,""dy"":122.56194114685059,""t"":4810},{""x"":1356,""y"":368,""dx"":120.51766014099121,""dy"":127.56194114685059,""t"":4830},{""x"":1318,""y"":370,""dx"":82.51766014099121,""dy"":129.5619411468506,""t"":4872},{""x"":1286,""y"":371,""dx"":50.51766014099121,""dy"":130.5619411468506,""t"":4899},{""x"":1258,""y"":366,""dx"":22.51766014099121,""dy"":125.56194114685059,""t"":4935},{""x"":1243,""y"":370,""dx"":7.517660140991211,""dy"":129.5619411468506,""t"":4966},{""x"":1228,""y"":356,""dx"":-7.482339859008789,""dy"":115.56194114685059,""t"":5000},{""x"":1217,""y"":344,""dx"":-18.48233985900879,""dy"":103.56194114685059,""t"":5033},{""x"":1225,""y"":350,""dx"":-10.482339859008789,""dy"":109.56194114685059,""t"":5068},{""x"":1223,""y"":365,""dx"":-12.482339859008789,""dy"":124.56194114685059,""t"":5102},{""x"":1217,""y"":378,""dx"":-18.48233985900879,""dy"":137.5619411468506,""t"":5136},{""x"":1219,""y"":381,""dx"":-16.48233985900879,""dy"":140.5619411468506,""t"":5170},{""x"":1231,""y"":382,""dx"":-4.482339859008789,""dy"":141.5619411468506,""t"":5206},{""x"":1244,""y"":375,""dx"":8.517660140991211,""dy"":134.5619411468506,""t"":5241},{""x"":1256,""y"":369,""dx"":20.51766014099121,""dy"":128.5619411468506,""t"":5274},{""x"":1254,""y"":361,""dx"":18.51766014099121,""dy"":120.56194114685059,""t"":5309},{""x"":1271,""y"":361,""dx"":35.51766014099121,""dy"":120.56194114685059,""t"":5344},{""x"":1285,""y"":360,""dx"":49.51766014099121,""dy"":119.56194114685059,""t"":5383},{""x"":1301,""y"":347,""dx"":65.51766014099121,""dy"":106.56194114685059,""t"":5409},{""x"":1284,""y"":343,""dx"":48.51766014099121,""dy"":102.56194114685059,""t"":5451},{""x"":1262,""y"":341,""dx"":26.51766014099121,""dy"":100.56194114685059,""t"":5489},{""x"":1244,""y"":341,""dx"":8.517660140991211,""dy"":100.56194114685059,""t"":5510},{""x"":1245,""y"":333,""dx"":9.517660140991211,""dy"":92.56194114685059,""t"":5549},{""x"":1255,""y"":330,""dx"":19.51766014099121,""dy"":89.56194114685059,""t"":5577},{""x"":1275,""y"":338,""dx"":39.51766014099121,""dy"":97.56194114685059,""t"":5628},{""x"":1291,""y"":344,""dx"":55.51766014099121,""dy"":103.56194114685059,""t"":5654},{""x"":1311,""y"":355,""dx"":75.51766014099121,""dy"":114.56194114685059,""t"":5694},{""x"":1318,""y"":361,""dx"":82.51766014099121,""dy"":120.56194114685059,""t"":5716},{""x"":1332,""y"":369,""dx"":96.51766014099121,""dy"":128.5619411468506,""t"":5754},{""x"":1368,""y"":361,""dx"":132.5176601409912,""dy"":120.56194114685059,""t"":5790},{""x"":1380,""y"":367,""dx"":144.5176601409912,""dy"":126.56194114685059,""t"":5823},{""x"":1389,""y"":371,""dx"":153.5176601409912,""dy"":130.5619411468506,""t"":5856},{""x"":1367,""y"":373,""dx"":131.5176601409912,""dy"":132.5619411468506,""t"":5890},{""x"":1329,""y"":373,""dx"":93.51766014099121,""dy"":132.5619411468506,""t"":5925},{""x"":1322,""y"":374,""dx"":86.51766014099121,""dy"":133.5619411468506,""t"":5960}],[{""x"":836,""y"":484,""dx"":8.730062484741211,""dy"":13.969015121459961,""t"":7010},{""x"":874,""y"":466,""dx"":46.73006248474121,""dy"":-4.030984878540039,""t"":7041},{""x"":906,""y"":452,""dx"":78.73006248474121,""dy"":-18.03098487854004,""t"":7077},{""x"":904,""y"":437,""dx"":76.73006248474121,""dy"":-33.03098487854004,""t"":7108},{""x"":894,""y"":432,""dx"":66.73006248474121,""dy"":-38.03098487854004,""t"":7141},{""x"":872,""y"":436,""dx"":44.73006248474121,""dy"":-34.03098487854004,""t"":7179},{""x"":854,""y"":441,""dx"":26.73006248474121,""dy"":-29.03098487854004,""t"":7209},{""x"":863,""y"":462,""dx"":35.73006248474121,""dy"":-8.030984878540039,""t"":7244},{""x"":854,""y"":465,""dx"":26.73006248474121,""dy"":-5.030984878540039,""t"":7278},{""x"":844,""y"":467,""dx"":16.73006248474121,""dy"":-3.030984878540039,""t"":7311},{""x"":832,""y"":469,""dx"":4.730062484741211,""dy"":-1.030984878540039,""t"":7351},{""x"":833,""y"":471,""dx"":5.730062484741211,""dy"":0.9690151214599609,""t"":7392},{""x"":834,""y"":472,""dx"":6.730062484741211,""dy"":1.969015121459961,""t"":7417},{""x"":815,""y"":449,""dx"":-12.269937515258789,""dy"":-21.03098487854004,""t"":7458},{""x"":800,""y"":430,""dx"":-27.26993751525879,""dy"":-40.03098487854004,""t"":7482},{""x"":798,""y"":418,""dx"":-29.26993751525879,""dy"":-52.03098487854004,""t"":7521},{""x"":798,""y"":408,""dx"":-29.26993751525879,""dy"":-62.03098487854004,""t"":7555},{""x"":793,""y"":423,""dx"":-34.26993751525879,""dy"":-47.03098487854004,""t"":7590},{""x"":789,""y"":437,""dx"":-38.26993751525879,""dy"":-33.03098487854004,""t"":7626},{""x"":779,""y"":440,""dx"":-48.26993751525879,""dy"":-30.03098487854004,""t"":7655},{""x"":771,""y"":443,""dx"":-56.26993751525879,""dy"":-27.03098487854004,""t"":7690},{""x"":778,""y"":452,""dx"":-49.26993751525879,""dy"":-18.03098487854004,""t"":7733},{""x"":785,""y"":460,""dx"":-42.26993751525879,""dy"":-10.030984878540039,""t"":7755},{""x"":802,""y"":482,""dx"":-25.26993751525879,""dy"":11.969015121459961,""t"":7794},{""x"":786,""y"":497,""dx"":-41.26993751525879,""dy"":26.96901512145996,""t"":7829},{""x"":790,""y"":496,""dx"":-37.26993751525879,""dy"":25.96901512145996,""t"":7863},{""x"":786,""y"":511,""dx"":-41.26993751525879,""dy"":40.96901512145996,""t"":7904},{""x"":777,""y"":514,""dx"":-50.26993751525879,""dy"":43.96901512145996,""t"":7930},{""x"":792,""y"":507,""dx"":-35.26993751525879,""dy"":36.96901512145996,""t"":7974},{""x"":805,""y"":500,""dx"":-22.26993751525879,""dy"":29.96901512145996,""t"":7998},{""x"":816,""y"":493,""dx"":-11.269937515258789,""dy"":22.96901512145996,""t"":8037},{""x"":858,""y"":503,""dx"":30.73006248474121,""dy"":32.96901512145996,""t"":8067},{""x"":892,""y"":510,""dx"":64.73006248474121,""dy"":39.96901512145996,""t"":8096},{""x"":901,""y"":520,""dx"":73.73006248474121,""dy"":49.96901512145996,""t"":8130},{""x"":908,""y"":527,""dx"":80.73006248474121,""dy"":56.96901512145996,""t"":8163},{""x"":888,""y"":532,""dx"":60.73006248474121,""dy"":61.96901512145996,""t"":8203},{""x"":887,""y"":539,""dx"":59.73006248474121,""dy"":68.96901512145996,""t"":8240},{""x"":886,""y"":545,""dx"":58.73006248474121,""dy"":74.96901512145996,""t"":8265},{""x"":897,""y"":545,""dx"":69.73006248474121,""dy"":74.96901512145996,""t"":8315},{""x"":904,""y"":555,""dx"":76.73006248474121,""dy"":84.96901512145996,""t"":8369},{""x"":909,""y"":563,""dx"":81.73006248474121,""dy"":92.96901512145996,""t"":8407},{""x"":895,""y"":570,""dx"":67.73006248474121,""dy"":99.96901512145996,""t"":8442},{""x"":882,""y"":576,""dx"":54.73006248474121,""dy"":105.96901512145996,""t"":8474},{""x"":876,""y"":569,""dx"":48.73006248474121,""dy"":98.96901512145996,""t"":8507},{""x"":863,""y"":578,""dx"":35.73006248474121,""dy"":107.96901512145996,""t"":8543},{""x"":871,""y"":587,""dx"":43.73006248474121,""dy"":116.96901512145996,""t"":8577},{""x"":864,""y"":579,""dx"":36.73006248474121,""dy"":108.96901512145996,""t"":8616},{""x"":813,""y"":580,""dx"":-14.269937515258789,""dy"":109.96901512145996,""t"":8650},{""x"":814,""y"":563,""dx"":-13.269937515258789,""dy"":92.96901512145996,""t"":8675},{""x"":833,""y"":556,""dx"":5.730062484741211,""dy"":85.96901512145996,""t"":8708},{""x"":824,""y"":531,""dx"":-3.269937515258789,""dy"":60.96901512145996,""t"":8740},{""x"":831,""y"":506,""dx"":3.730062484741211,""dy"":35.96901512145996,""t"":8773},{""x"":843,""y"":484,""dx"":15.730062484741211,""dy"":13.969015121459961,""t"":8810},{""x"":817,""y"":478,""dx"":-10.269937515258789,""dy"":7.969015121459961,""t"":8841},{""x"":818,""y"":469,""dx"":-9.269937515258789,""dy"":-1.030984878540039,""t"":8876},{""x"":809,""y"":474,""dx"":-18.26993751525879,""dy"":3.969015121459961,""t"":8912},{""x"":801,""y"":479,""dx"":-26.26993751525879,""dy"":8.969015121459961,""t"":8949}],[{""x"":476,""y"":775,""dx"":56.94246482849121,""dy"":75.37611961364746,""t"":10000},{""x"":470,""y"":772,""dx"":50.94246482849121,""dy"":72.37611961364746,""t"":10038},{""x"":455,""y"":758,""dx"":35.94246482849121,""dy"":58.37611961364746,""t"":10073},{""x"":460,""y"":748,""dx"":40.94246482849121,""dy"":48.37611961364746,""t"":10105},{""x"":465,""y"":740,""dx"":45.94246482849121,""dy"":40.37611961364746,""t"":10140},{""x"":491,""y"":734,""dx"":71.94246482849121,""dy"":34.37611961364746,""t"":10176},{""x"":515,""y"":730,""dx"":95.94246482849121,""dy"":30.37611961364746,""t"":10210},{""x"":537,""y"":705,""dx"":117.94246482849121,""dy"":5.376119613647461,""t"":10248},{""x"":557,""y"":686,""dx"":137.9424648284912,""dy"":-13.623880386352539,""t"":10279},{""x"":565,""y"":681,""dx"":145.9424648284912,""dy"":-18.62388038635254,""t"":10312},{""x"":575,""y"":668,""dx"":155.9424648284912,""dy"":-31.62388038635254,""t"":10347},{""x"":582,""y"":658,""dx"":162.9424648284912,""dy"":-41.62388038635254,""t"":10376},{""x"":580,""y"":646,""dx"":160.9424648284912,""dy"":-53.62388038635254,""t"":10407},{""x"":577,""y"":638,""dx"":157.9424648284912,""dy"":-61.62388038635254,""t"":10439},{""x"":581,""y"":644,""dx"":161.9424648284912,""dy"":-55.62388038635254,""t"":10474},{""x"":585,""y"":653,""dx"":165.9424648284912,""dy"":-46.62388038635254,""t"":10507},{""x"":572,""y"":676,""dx"":152.9424648284912,""dy"":-23.62388038635254,""t"":10543},{""x"":560,""y"":695,""dx"":140.9424648284912,""dy"":-4.623880386352539,""t"":10575},{""x"":556,""y"":695,""dx"":136.9424648284912,""dy"":-4.623880386352539,""t"":10610},{""x"":555,""y"":703,""dx"":135.9424648284912,""dy"":3.376119613647461,""t"":10643},{""x"":552,""y"":699,""dx"":132.9424648284912,""dy"":-0.6238803863525391,""t"":10677},{""x"":580,""y"":725,""dx"":160.9424648284912,""dy"":25.37611961364746,""t"":10711},{""x"":603,""y"":748,""dx"":183.9424648284912,""dy"":48.37611961364746,""t"":10747},{""x"":618,""y"":744,""dx"":198.9424648284912,""dy"":44.37611961364746,""t"":10783},{""x"":617,""y"":733,""dx"":197.9424648284912,""dy"":33.37611961364746,""t"":10813},{""x"":599,""y"":750,""dx"":179.9424648284912,""dy"":50.37611961364746,""t"":10849},{""x"":588,""y"":740,""dx"":168.9424648284912,""dy"":40.37611961364746,""t"":10882},{""x"":577,""y"":732,""dx"":157.9424648284912,""dy"":32.37611961364746,""t"":10916},{""x"":542,""y"":732,""dx"":122.94246482849121,""dy"":32.37611961364746,""t"":10951},{""x"":512,""y"":733,""dx"":92.94246482849121,""dy"":33.37611961364746,""t"":10983},{""x"":479,""y"":722,""dx"":59.94246482849121,""dy"":22.37611961364746,""t"":11019},{""x"":451,""y"":713,""dx"":31.94246482849121,""dy"":13.376119613647461,""t"":11054},{""x"":449,""y"":709,""dx"":29.94246482849121,""dy"":9.376119613647461,""t"":11090},{""x"":467,""y"":686,""dx"":47.94246482849121,""dy"":-13.623880386352539,""t"":11120},{""x"":509,""y"":671,""dx"":89.94246482849121,""dy"":-28.62388038635254,""t"":11153},{""x"":512,""y"":678,""dx"":92.94246482849121,""dy"":-21.62388038635254,""t"":11187},{""x"":516,""y"":684,""dx"":96.94246482849121,""dy"":-15.623880386352539,""t"":11222},{""x"":510,""y"":688,""dx"":90.94246482849121,""dy"":-11.623880386352539,""t"":11255},{""x"":510,""y"":700,""dx"":90.94246482849121,""dy"":0.37611961364746094,""t"":11290},{""x"":507,""y"":708,""dx"":87.94246482849121,""dy"":8.376119613647461,""t"":11325},{""x"":476,""y"":710,""dx"":56.94246482849121,""dy"":10.376119613647461,""t"":11359},{""x"":450,""y"":712,""dx"":30.94246482849121,""dy"":12.376119613647461,""t"":11392},{""x"":427,""y"":705,""dx"":7.942464828491211,""dy"":5.376119613647461,""t"":11425},{""x"":409,""y"":699,""dx"":-10.057535171508789,""dy"":-0.6238803863525391,""t"":11460},{""x"":442,""y"":668,""dx"":22.94246482849121,""dy"":-31.62388038635254,""t"":11494},{""x"":469,""y"":639,""dx"":49.94246482849121,""dy"":-60.62388038635254,""t"":11535},{""x"":496,""y"":647,""dx"":76.94246482849121,""dy"":-52.62388038635254,""t"":11563},{""x"":489,""y"":638,""dx"":69.94246482849121,""dy"":-61.62388038635254,""t"":11613},{""x"":482,""y"":631,""dx"":62.94246482849121,""dy"":-68.62388038635254,""t"":11635},{""x"":494,""y"":634,""dx"":74.94246482849121,""dy"":-65.62388038635254,""t"":11675},{""x"":504,""y"":637,""dx"":84.94246482849121,""dy"":-62.62388038635254,""t"":11707},{""x"":503,""y"":647,""dx"":83.94246482849121,""dy"":-52.62388038635254,""t"":11737},{""x"":501,""y"":657,""dx"":81.94246482849121,""dy"":-42.62388038635254,""t"":11770},{""x"":485,""y"":658,""dx"":65.94246482849121,""dy"":-41.62388038635254,""t"":11803},{""x"":472,""y"":658,""dx"":52.94246482849121,""dy"":-41.62388038635254,""t"":11835},{""x"":463,""y"":648,""dx"":43.94246482849121,""dy"":-51.62388038635254,""t"":11867},{""x"":437,""y"":676,""dx"":17.94246482849121,""dy"":-23.62388038635254,""t"":11901},{""x"":415,""y"":699,""dx"":-4.057535171508789,""dy"":-0.6238803863525391,""t"":11935},{""x"":423,""y"":700,""dx"":3.942464828491211,""dy"":0.37611961364746094,""t"":11972}],[{""x"":1321,""y"":728,""dx"":85.51766014099121,""dy"":28.37611961364746,""t"":13000},{""x"":1337,""y"":727,""dx"":101.51766014099121,""dy"":27.37611961364746,""t"":13031},{""x"":1348,""y"":750,""dx"":112.51766014099121,""dy"":50.37611961364746,""t"":13062},{""x"":1357,""y"":771,""dx"":121.51766014099121,""dy"":71.37611961364746,""t"":13096},{""x"":1353,""y"":775,""dx"":117.51766014099121,""dy"":75.37611961364746,""t"":13128},{""x"":1343,""y"":782,""dx"":107.51766014099121,""dy"":82.37611961364746,""t"":13161},{""x"":1331,""y"":772,""dx"":95.51766014099121,""dy"":72.37611961364746,""t"":13195},{""x"":1345,""y"":748,""dx"":109.51766014099121,""dy"":48.37611961364746,""t"":13231},{""x"":1357,""y"":727,""dx"":121.51766014099121,""dy"":27.37611961364746,""t"":13266},{""x"":1360,""y"":713,""dx"":124.51766014099121,""dy"":13.376119613647461,""t"":13306},{""x"":1361,""y"":701,""dx"":125.51766014099121,""dy"":1.376119613647461,""t"":13339},{""x"":1356,""y"":724,""dx"":120.51766014099121,""dy"":24.37611961364746,""t"":13375},{""x"":1364,""y"":727,""dx"":128.5176601409912,""dy"":27.37611961364746,""t"":13408},{""x"":1367,""y"":749,""dx"":131.5176601409912,""dy"":49.37611961364746,""t"":13439},{""x"":1365,""y"":735,""dx"":129.5176601409912,""dy"":35.37611961364746,""t"":13477},{""x"":1384,""y"":716,""dx"":148.5176601409912,""dy"":16.37611961364746,""t"":13499},{""x"":1373,""y"":705,""dx"":137.5176601409912,""dy"":5.376119613647461,""t"":13543},{""x"":1364,""y"":696,""dx"":128.5176601409912,""dy"":-3.623880386352539,""t"":13581},{""x"":1399,""y"":697,""dx"":163.5176601409912,""dy"":-2.623880386352539,""t"":13616},{""x"":1430,""y"":698,""dx"":194.5176601409912,""dy"":-1.623880386352539,""t"":13635},{""x"":1444,""y"":700,""dx"":208.5176601409912,""dy"":0.37611961364746094,""t"":13670},{""x"":1440,""y"":682,""dx"":204.5176601409912,""dy"":-17.62388038635254,""t"":13703},{""x"":1436,""y"":702,""dx"":200.5176601409912,""dy"":2.376119613647461,""t"":13739},{""x"":1396,""y"":702,""dx"":160.5176601409912,""dy"":2.376119613647461,""t"":13778},{""x"":1394,""y"":680,""dx"":158.5176601409912,""dy"":-19.62388038635254,""t"":13815},{""x"":1374,""y"":676,""dx"":138.5176601409912,""dy"":-23.62388038635254,""t"":13843},{""x"":1358,""y"":670,""dx"":122.51766014099121,""dy"":-29.62388038635254,""t"":13890},{""x"":1347,""y"":672,""dx"":111.51766014099121,""dy"":-27.62388038635254,""t"":13914},{""x"":1359,""y"":658,""dx"":123.51766014099121,""dy"":-41.62388038635254,""t"":13960},{""x"":1354,""y"":646,""dx"":118.51766014099121,""dy"":-53.62388038635254,""t"":13983},{""x"":1359,""y"":634,""dx"":123.51766014099121,""dy"":-65.62388038635254,""t"":14020},{""x"":1351,""y"":624,""dx"":115.51766014099121,""dy"":-75.62388038635254,""t"":14054},{""x"":1387,""y"":631,""dx"":151.5176601409912,""dy"":-68.62388038635254,""t"":14085},{""x"":1404,""y"":644,""dx"":168.5176601409912,""dy"":-55.62388038635254,""t"":14117},{""x"":1390,""y"":635,""dx"":154.5176601409912,""dy"":-64.62388038635254,""t"":14153},{""x"":1386,""y"":659,""dx"":150.5176601409912,""dy"":-40.62388038635254,""t"":14184},{""x"":1388,""y"":676,""dx"":152.5176601409912,""dy"":-23.62388038635254,""t"":14220},{""x"":1395,""y"":684,""dx"":159.5176601409912,""dy"":-15.623880386352539,""t"":14259},{""x"":1392,""y"":710,""dx"":156.5176601409912,""dy"":10.376119613647461,""t"":14282},{""x"":1382,""y"":731,""dx"":146.5176601409912,""dy"":31.37611961364746,""t"":14321},{""x"":1401,""y"":740,""dx"":165.5176601409912,""dy"":40.37611961364746,""t"":14360},{""x"":1402,""y"":731,""dx"":166.5176601409912,""dy"":31.37611961364746,""t"":14385},{""x"":1398,""y"":727,""dx"":162.5176601409912,""dy"":27.37611961364746,""t"":14418},{""x"":1371,""y"":713,""dx"":135.5176601409912,""dy"":13.376119613647461,""t"":14452},{""x"":1349,""y"":700,""dx"":113.51766014099121,""dy"":0.37611961364746094,""t"":14486},{""x"":1351,""y"":706,""dx"":115.51766014099121,""dy"":6.376119613647461,""t"":14520},{""x"":1353,""y"":711,""dx"":117.51766014099121,""dy"":11.376119613647461,""t"":14556},{""x"":1376,""y"":699,""dx"":140.5176601409912,""dy"":-0.6238803863525391,""t"":14589},{""x"":1371,""y"":684,""dx"":135.5176601409912,""dy"":-15.623880386352539,""t"":14624},{""x"":1386,""y"":668,""dx"":150.5176601409912,""dy"":-31.62388038635254,""t"":14656},{""x"":1391,""y"":648,""dx"":155.5176601409912,""dy"":-51.62388038635254,""t"":14874},{""x"":1400,""y"":651,""dx"":164.5176601409912,""dy"":-48.62388038635254,""t"":14898},{""x"":1379,""y"":636,""dx"":143.5176601409912,""dy"":-63.62388038635254,""t"":14931},{""x"":1390,""y"":649,""dx"":154.5176601409912,""dy"":-50.62388038635254,""t"":14961},{""x"":1403,""y"":635,""dx"":167.5176601409912,""dy"":-64.62388038635254,""t"":14995}]]","[68.42105263157895,98.30508474576271,100,96.61016949152543,94.54545454545455]","[{""x"":124.50386833726314,""y"":184.33387097141198,""r"":193.1239457394519},{""x"":60.737999124042055,""y"":117.59583945193533,""r"":38.225453451631914},{""x"":12.09848353737279,""y"":25.26726073549505,""r"":64.64217392252982},{""x"":93.6373800827285,""y"":-5.3357447931322,""r"":64.47012050403836},{""x"":140.37220559553666,""y"":-2.2602440227161753,""r"":39.68247526270516}]","[[25,25],[75,25],[50,50],[25,75],[75,75]]","28.64","validate","","","","","","","","","",""
"","html-keyboard-response","9","67341","0.0-5.0-0.0","","","","","2909"," ","","","<p>识别实验：试验都以 500 毫秒的固定时间开始，然后会有一个 500 毫秒的fixation，接下来是100毫秒的单个项目展示，1000毫秒的空白间隔后，会呈现一个2个项目的阵列。</p> <p>要求：记忆单个项目，并在多个项目阵列中快速找到，并根据数字键盘的 "" 4 "" ,"" 6 "",进行选择响应,如果不记得或者不存在选择""5""。</p><p>按"" ""键继续，实验开始。</p>","","","","","","","","","","","","","","","",""
"","canvas-keyboard-response","10","68392","0.0-5.0-1.0-0.0","","","","","null","null","","","","","","","","","recognition","[""5"",""6"",""5"",""4"",""6"",""4"",""4"",""5"",""6"",""4"",""6"",""5"",""4"",""5"",""6"",""6"",""4"",""5"",""4"",""4"",""5"",""6"",""5"",""5"",""6"",""6"",""4"",""6"",""4"",""5"",""6"",""4"",""4"",""5"",""5"",""6""]","1500","shape","2","","","","","",""
"","canvas-keyboard-response","11","68511","0.0-5.0-1.0-1.0","","","","","null","null","","","","","","","","","recognition","[""5"",""6"",""5"",""4"",""6"",""4"",""4"",""5"",""6"",""4"",""6"",""5"",""4"",""5"",""6"",""6"",""4"",""5"",""4"",""4"",""5"",""6"",""5"",""5"",""6"",""6"",""4"",""6"",""4"",""5"",""6"",""4"",""4"",""5"",""5"",""6""]","1500","shape","2","","","","","",""
"","canvas-keyboard-response","12","70848","0.0-5.0-1.0-2.0","","","","","810","5","","","[""rect"",""circle""]","","","","","","","","","","","[{""x"":847,""y"":395,""t"":12},{""x"":841,""y"":409,""t"":54},{""x"":839,""y"":422,""t"":83},{""x"":827,""y"":444,""t"":139},{""x"":807,""y"":466,""t"":152},{""x"":786,""y"":472,""t"":189},{""x"":770,""y"":477,""t"":208},{""x"":791,""y"":494,""t"":242},{""x"":811,""y"":508,""t"":275},{""x"":847,""y"":486,""t"":308},{""x"":843,""y"":471,""t"":349},{""x"":832,""y"":465,""t"":383},{""x"":831,""y"":458,""t"":416},{""x"":832,""y"":452,""t"":449},{""x"":930,""y"":588,""t"":481},{""x"":1014,""y"":704,""t"":511},{""x"":1069,""y"":806,""t"":546},{""x"":1135,""y"":900,""t"":584},{""x"":1131,""y"":900,""t"":614},{""x"":1100,""y"":829,""t"":664},{""x"":1071,""y"":764,""t"":692},{""x"":1046,""y"":735,""t"":726},{""x"":1024,""y"":709,""t"":755}]","{""#container"":{""x"":266.42919921875,""y"":48.58407211303711,""width"":1099.9910888671875,""height"":849.9955444335938,""top"":48.58407211303711,""right"":1366.4202880859375,""bottom"":898.5796165466309,""left"":266.42919921875}}","triangle","5","true","[{""x"":250,""y"":425,""width"":80,""height"":80,""top"":385,""right"":290,""bottom"":465,""left"":210},{""x"":850,""y"":425,""width"":80,""height"":80,""top"":385,""right"":890,""bottom"":465,""left"":810}]"
"","canvas-keyboard-response","13","71874","0.0-5.0-1.0-0.1","","","","","null","null","","","","","","","","","recognition","[""5"",""6"",""5"",""4"",""6"",""4"",""4"",""5"",""6"",""4"",""6"",""5"",""4"",""5"",""6"",""6"",""4"",""5"",""4"",""4"",""5"",""6"",""5"",""5"",""6"",""6"",""4"",""6"",""4"",""5"",""6"",""4"",""4"",""5"",""5"",""6""]","1500","shape","2","","","","","",""
"","canvas-keyboard-response","14","71982","0.0-5.0-1.0-1.1","","","","","null","null","","","","","","","","","recognition","[""5"",""6"",""5"",""4"",""6"",""4"",""4"",""5"",""6"",""4"",""6"",""5"",""4"",""5"",""6"",""6"",""4"",""5"",""4"",""4"",""5"",""6"",""5"",""5"",""6"",""6"",""4"",""6"",""4"",""5"",""6"",""4"",""4"",""5"",""5"",""6""]","1500","shape","2","","","","","",""
"","canvas-keyboard-response","15","74128","0.0-5.0-1.0-2.1","","","","","631","6","","","[""circle"",""triangle""]","","","","","","","","","","","[{""x"":970,""y"":617,""t"":1},{""x"":940,""y"":556,""t"":45},{""x"":931,""y"":499,""t"":80},{""x"":910,""y"":460,""t"":116},{""x"":893,""y"":431,""t"":137},{""x"":841,""y"":414,""t"":175},{""x"":833,""y"":426,""t"":212},{""x"":829,""y"":440,""t"":242},{""x"":830,""y"":452,""t"":274},{""x"":842,""y"":462,""t"":321},{""x"":809,""y"":485,""t"":355},{""x"":857,""y"":480,""t"":386},{""x"":900,""y"":476,""t"":418},{""x"":932,""y"":491,""t"":452},{""x"":958,""y"":503,""t"":483},{""x"":972,""y"":546,""t"":519},{""x"":1002,""y"":585,""t"":550},{""x"":1031,""y"":569,""t"":581}]","{""#container"":{""x"":266.42919921875,""y"":48.58407211303711,""width"":1099.9910888671875,""height"":849.9955444335938,""top"":48.58407211303711,""right"":1366.4202880859375,""bottom"":898.5796165466309,""left"":266.42919921875}}","triangle","6","true","[{""x"":250,""y"":425,""width"":80,""height"":80,""top"":385,""right"":290,""bottom"":465,""left"":210},{""x"":850,""y"":425,""width"":92,""height"":92,""top"":379,""right"":896,""bottom"":471,""left"":804}]"
"","canvas-keyboard-response","16","75155","0.0-5.0-1.0-0.2","","","","","null","null","","","","","","","","","recognition","[""5"",""6"",""5"",""4"",""6"",""4"",""4"",""5"",""6"",""4"",""6"",""5"",""4"",""5"",""6"",""6"",""4"",""5"",""4"",""4"",""5"",""6"",""5"",""5"",""6"",""6"",""4"",""6"",""4"",""5"",""6"",""4"",""4"",""5"",""5"",""6""]","1500","shape","2","","","","","",""
"","canvas-keyboard-response","17","75266","0.0-5.0-1.0-1.2","","","","","null","null","","","","","","","","","recognition","[""5"",""6"",""5"",""4"",""6"",""4"",""4"",""5"",""6"",""4"",""6"",""5"",""4"",""5"",""6"",""6"",""4"",""5"",""4"",""4"",""5"",""6"",""5"",""5"",""6"",""6"",""4"",""6"",""4"",""5"",""6"",""4"",""4"",""5"",""5"",""6""]","1500","shape","2","","","","","",""
"","canvas-keyboard-response","18","77331","0.0-5.0-1.0-2.2","","","","","549","5","","","[""circle"",""triangle""]","","","","","","","","","","","[{""x"":991,""y"":541,""t"":2},{""x"":954,""y"":532,""t"":46},{""x"":911,""y"":518,""t"":81},{""x"":896,""y"":512,""t"":105},{""x"":899,""y"":496,""t"":139},{""x"":892,""y"":497,""t"":171},{""x"":887,""y"":499,""t"":205},{""x"":894,""y"":501,""t"":239},{""x"":901,""y"":502,""t"":272},{""x"":890,""y"":500,""t"":307},{""x"":880,""y"":498,""t"":344},{""x"":874,""y"":488,""t"":380},{""x"":871,""y"":484,""t"":416},{""x"":870,""y"":481,""t"":448},{""x"":818,""y"":463,""t"":483},{""x"":788,""y"":449,""t"":519}]","{""#container"":{""x"":266.42919921875,""y"":48.58407211303711,""width"":1099.9910888671875,""height"":849.9955444335938,""top"":48.58407211303711,""right"":1366.4202880859375,""bottom"":898.5796165466309,""left"":266.42919921875}}","rect","5","true","[{""x"":250,""y"":425,""width"":80,""height"":80,""top"":385,""right"":290,""bottom"":465,""left"":210},{""x"":850,""y"":425,""width"":92,""height"":92,""top"":379,""right"":896,""bottom"":471,""left"":804}]"
"","canvas-keyboard-response","19","78375","0.0-5.0-1.0-0.3","","","","","null","null","","","","","","","","","recognition","[""5"",""6"",""5"",""4"",""6"",""4"",""4"",""5"",""6"",""4"",""6"",""5"",""4"",""5"",""6"",""6"",""4"",""5"",""4"",""4"",""5"",""6"",""5"",""5"",""6"",""6"",""4"",""6"",""4"",""5"",""6"",""4"",""4"",""5"",""5"",""6""]","1500","shape","2","","","","","",""
"","canvas-keyboard-response","20","78485","0.0-5.0-1.0-1.3","","","","","null","null","","","","","","","","","recognition","[""5"",""6"",""5"",""4"",""6"",""4"",""4"",""5"",""6"",""4"",""6"",""5"",""4"",""5"",""6"",""6"",""4"",""5"",""4"",""4"",""5"",""6"",""5"",""5"",""6"",""6"",""4"",""6"",""4"",""5"",""6"",""4"",""4"",""5"",""5"",""6""]","1500","shape","2","","","","","",""
"","canvas-keyboard-response","21","80784","0.0-5.0-1.0-2.3","","","","","780","4","","","[""circle"",""rect""]","","","","","","","","","","","[{""x"":761,""y"":446,""t"":2},{""x"":794,""y"":443,""t"":51},{""x"":828,""y"":424,""t"":74},{""x"":850,""y"":407,""t"":122},{""x"":868,""y"":418,""t"":145},{""x"":848,""y"":403,""t"":184},{""x"":859,""y"":394,""t"":217},{""x"":886,""y"":414,""t"":256},{""x"":909,""y"":440,""t"":278},{""x"":927,""y"":461,""t"":312},{""x"":901,""y"":465,""t"":347},{""x"":879,""y"":469,""t"":381},{""x"":891,""y"":461,""t"":414},{""x"":879,""y"":448,""t"":446},{""x"":853,""y"":463,""t"":483},{""x"":849,""y"":495,""t"":549},{""x"":811,""y"":505,""t"":585},{""x"":763,""y"":520,""t"":624},{""x"":712,""y"":522,""t"":649},{""x"":684,""y"":528,""t"":691},{""x"":655,""y"":566,""t"":724}]","{""#container"":{""x"":266.42919921875,""y"":48.58407211303711,""width"":1099.9910888671875,""height"":849.9955444335938,""top"":48.58407211303711,""right"":1366.4202880859375,""bottom"":898.5796165466309,""left"":266.42919921875}}","circle","4","true","[{""x"":250,""y"":425,""width"":80,""height"":80,""top"":385,""right"":290,""bottom"":465,""left"":210},{""x"":850,""y"":425,""width"":80,""height"":80,""top"":385,""right"":890,""bottom"":465,""left"":810}]"
"","canvas-keyboard-response","22","81830","0.0-5.0-1.0-0.4","","","","","null","null","","","","","","","","","recognition","[""5"",""6"",""5"",""4"",""6"",""4"",""4"",""5"",""6"",""4"",""6"",""5"",""4"",""5"",""6"",""6"",""4"",""5"",""4"",""4"",""5"",""6"",""5"",""5"",""6"",""6"",""4"",""6"",""4"",""5"",""6"",""4"",""4"",""5"",""5"",""6""]","1500","shape","2","","","","","",""
"","canvas-keyboard-response","23","81942","0.0-5.0-1.0-1.4","","","","","null","null","","","","","","","","","recognition","[""5"",""6"",""5"",""4"",""6"",""4"",""4"",""5"",""6"",""4"",""6"",""5"",""4"",""5"",""6"",""6"",""4"",""5"",""4"",""4"",""5"",""6"",""5"",""5"",""6"",""6"",""4"",""6"",""4"",""5"",""6"",""4"",""4"",""5"",""5"",""6""]","1500","shape","2","","","","","",""
"","canvas-keyboard-response","24","83985","0.0-5.0-1.0-2.4","","","","","523","6","","","[""triangle"",""rect""]","","","","","","","","","","","[{""x"":664,""y"":548,""t"":2},{""x"":690,""y"":568,""t"":42},{""x"":700,""y"":569,""t"":74},{""x"":712,""y"":576,""t"":104},{""x"":742,""y"":571,""t"":141},{""x"":761,""y"":575,""t"":177},{""x"":778,""y"":578,""t"":208},{""x"":786,""y"":580,""t"":259},{""x"":792,""y"":582,""t"":285},{""x"":805,""y"":563,""t"":326},{""x"":815,""y"":548,""t"":345},{""x"":887,""y"":546,""t"":378},{""x"":946,""y"":545,""t"":409},{""x"":1001,""y"":542,""t"":458},{""x"":1044,""y"":539,""t"":480}]","{""#container"":{""x"":266.42919921875,""y"":48.58407211303711,""width"":1099.9910888671875,""height"":849.9955444335938,""top"":48.58407211303711,""right"":1366.4202880859375,""bottom"":898.5796165466309,""left"":266.42919921875}}","rect","6","true","[{""x"":250,""y"":425,""width"":92,""height"":92,""top"":379,""right"":296,""bottom"":471,""left"":204},{""x"":850,""y"":425,""width"":80,""height"":80,""top"":385,""right"":890,""bottom"":465,""left"":810}]"
"","canvas-keyboard-response","25","85036","0.0-5.0-1.0-0.5","","","","","null","null","","","","","","","","","recognition","[""5"",""6"",""5"",""4"",""6"",""4"",""4"",""5"",""6"",""4"",""6"",""5"",""4"",""5"",""6"",""6"",""4"",""5"",""4"",""4"",""5"",""6"",""5"",""5"",""6"",""6"",""4"",""6"",""4"",""5"",""6"",""4"",""4"",""5"",""5"",""6""]","1500","shape","2","","","","","",""
"","canvas-keyboard-response","26","85152","0.0-5.0-1.0-1.5","","","","","null","null","","","","","","","","","recognition","[""5"",""6"",""5"",""4"",""6"",""4"",""4"",""5"",""6"",""4"",""6"",""5"",""4"",""5"",""6"",""6"",""4"",""5"",""4"",""4"",""5"",""6"",""5"",""5"",""6"",""6"",""4"",""6"",""4"",""5"",""6"",""4"",""4"",""5"",""5"",""6""]","1500","shape","2","","","","","",""
"","canvas-keyboard-response","27","87136","0.0-5.0-1.0-2.5","","","","","468","4","","","[""rect"",""triangle""]","","","","","","","","","","","[{""x"":1018,""y"":545,""t"":11},{""x"":992,""y"":521,""t"":100},{""x"":1011,""y"":500,""t"":159},{""x"":1003,""y"":488,""t"":190},{""x"":995,""y"":479,""t"":220},{""x"":987,""y"":472,""t"":252},{""x"":927,""y"":464,""t"":294},{""x"":924,""y"":461,""t"":312},{""x"":881,""y"":470,""t"":350},{""x"":846,""y"":479,""t"":382},{""x"":807,""y"":475,""t"":421}]","{""#container"":{""x"":266.42919921875,""y"":48.58407211303711,""width"":1099.9910888671875,""height"":849.9955444335938,""top"":48.58407211303711,""right"":1366.4202880859375,""bottom"":898.5796165466309,""left"":266.42919921875}}","rect","4","true","[{""x"":250,""y"":425,""width"":80,""height"":80,""top"":385,""right"":290,""bottom"":465,""left"":210},{""x"":850,""y"":425,""width"":92,""height"":92,""top"":379,""right"":896,""bottom"":471,""left"":804}]"
"","canvas-keyboard-response","28","88161","0.0-5.0-1.0-0.6","","","","","null","null","","","","","","","","","recognition","[""5"",""6"",""5"",""4"",""6"",""4"",""4"",""5"",""6"",""4"",""6"",""5"",""4"",""5"",""6"",""6"",""4"",""5"",""4"",""4"",""5"",""6"",""5"",""5"",""6"",""6"",""4"",""6"",""4"",""5"",""6"",""4"",""4"",""5"",""5"",""6""]","1500","shape","2","","","","","",""
"","canvas-keyboard-response","29","88272","0.0-5.0-1.0-1.6","","","","","null","null","","","","","","","","","recognition","[""5"",""6"",""5"",""4"",""6"",""4"",""4"",""5"",""6"",""4"",""6"",""5"",""4"",""5"",""6"",""6"",""4"",""5"",""4"",""4"",""5"",""6"",""5"",""5"",""6"",""6"",""4"",""6"",""4"",""5"",""6"",""4"",""4"",""5"",""5"",""6""]","1500","shape","2","","","","","",""
"","canvas-keyboard-response","30","90324","0.0-5.0-1.0-2.6","","","","","534","4","","","[""triangle"",""circle""]","","","","","","","","","","","[{""x"":772,""y"":477,""t"":2},{""x"":753,""y"":469,""t"":40},{""x"":714,""y"":481,""t"":71},{""x"":707,""y"":505,""t"":107},{""x"":703,""y"":526,""t"":138},{""x"":716,""y"":538,""t"":172},{""x"":730,""y"":547,""t"":205},{""x"":761,""y"":537,""t"":240},{""x"":789,""y"":527,""t"":274},{""x"":788,""y"":547,""t"":310},{""x"":797,""y"":527,""t"":346},{""x"":805,""y"":510,""t"":376},{""x"":819,""y"":497,""t"":422},{""x"":830,""y"":486,""t"":457},{""x"":828,""y"":486,""t"":487}]","{""#container"":{""x"":266.42919921875,""y"":48.58407211303711,""width"":1099.9910888671875,""height"":849.9955444335938,""top"":48.58407211303711,""right"":1366.4202880859375,""bottom"":898.5796165466309,""left"":266.42919921875}}","triangle","4","true","[{""x"":250,""y"":425,""width"":92,""height"":92,""top"":379,""right"":296,""bottom"":471,""left"":204},{""x"":850,""y"":425,""width"":80,""height"":80,""top"":385,""right"":890,""bottom"":465,""left"":810}]"
"","canvas-keyboard-response","31","91344","0.0-5.0-1.0-0.7","","","","","null","null","","","","","","","","","recognition","[""5"",""6"",""5"",""4"",""6"",""4"",""4"",""5"",""6"",""4"",""6"",""5"",""4"",""5"",""6"",""6"",""4"",""5"",""4"",""4"",""5"",""6"",""5"",""5"",""6"",""6"",""4"",""6"",""4"",""5"",""6"",""4"",""4"",""5"",""5"",""6""]","1500","shape","2","","","","","",""
"","canvas-keyboard-response","32","91453","0.0-5.0-1.0-1.7","","","","","null","null","","","","","","","","","recognition","[""5"",""6"",""5"",""4"",""6"",""4"",""4"",""5"",""6"",""4"",""6"",""5"",""4"",""5"",""6"",""6"",""4"",""5"",""4"",""4"",""5"",""6"",""5"",""5"",""6"",""6"",""4"",""6"",""4"",""5"",""6"",""4"",""4"",""5"",""5"",""6""]","1500","shape","2","","","","","",""
"","canvas-keyboard-response","33","93547","0.0-5.0-1.0-2.7","","","","","562","5","","","[""triangle"",""rect""]","","","","","","","","","","","[{""x"":827,""y"":497,""t"":7},{""x"":829,""y"":509,""t"":51},{""x"":830,""y"":519,""t"":80},{""x"":830,""y"":528,""t"":114},{""x"":826,""y"":534,""t"":144},{""x"":820,""y"":524,""t"":178},{""x"":803,""y"":524,""t"":210},{""x"":807,""y"":517,""t"":251},{""x"":806,""y"":518,""t"":275},{""x"":798,""y"":530,""t"":318},{""x"":791,""y"":540,""t"":342},{""x"":815,""y"":540,""t"":381},{""x"":896,""y"":528,""t"":415},{""x"":968,""y"":519,""t"":447},{""x"":1026,""y"":517,""t"":480},{""x"":1072,""y"":516,""t"":512}]","{""#container"":{""x"":266.42919921875,""y"":48.58407211303711,""width"":1099.9910888671875,""height"":849.9955444335938,""top"":48.58407211303711,""right"":1366.4202880859375,""bottom"":898.5796165466309,""left"":266.42919921875}}","circle","5","true","[{""x"":250,""y"":425,""width"":92,""height"":92,""top"":379,""right"":296,""bottom"":471,""left"":204},{""x"":850,""y"":425,""width"":80,""height"":80,""top"":385,""right"":890,""bottom"":465,""left"":810}]"
"","canvas-keyboard-response","34","94573","0.0-5.0-1.0-0.8","","","","","null","null","","","","","","","","","recognition","[""5"",""6"",""5"",""4"",""6"",""4"",""4"",""5"",""6"",""4"",""6"",""5"",""4"",""5"",""6"",""6"",""4"",""5"",""4"",""4"",""5"",""6"",""5"",""5"",""6"",""6"",""4"",""6"",""4"",""5"",""6"",""4"",""4"",""5"",""5"",""6""]","1500","shape","2","","","","","",""
"","canvas-keyboard-response","35","94685","0.0-5.0-1.0-1.8","","","","","null","null","","","","","","","","","recognition","[""5"",""6"",""5"",""4"",""6"",""4"",""4"",""5"",""6"",""4"",""6"",""5"",""4"",""5"",""6"",""6"",""4"",""5"",""4"",""4"",""5"",""6"",""5"",""5"",""6"",""6"",""4"",""6"",""4"",""5"",""6"",""4"",""4"",""5"",""5"",""6""]","1500","shape","2","","","","","",""
"","canvas-keyboard-response","36","96640","0.0-5.0-1.0-2.8","","","","","435","6","","","[""rect"",""circle""]","","","","","","","","","","","[{""x"":1059,""y"":502,""t"":1},{""x"":1006,""y"":505,""t"":47},{""x"":959,""y"":508,""t"":71},{""x"":895,""y"":499,""t"":108},{""x"":840,""y"":504,""t"":145},{""x"":793,""y"":505,""t"":186},{""x"":756,""y"":505,""t"":211},{""x"":726,""y"":506,""t"":248},{""x"":703,""y"":508,""t"":283},{""x"":725,""y"":513,""t"":315},{""x"":746,""y"":518,""t"":343},{""x"":766,""y"":522,""t"":375}]","{""#container"":{""x"":266.42919921875,""y"":48.58407211303711,""width"":1099.9910888671875,""height"":849.9955444335938,""top"":48.58407211303711,""right"":1366.4202880859375,""bottom"":898.5796165466309,""left"":266.42919921875}}","circle","6","true","[{""x"":250,""y"":425,""width"":80,""height"":80,""top"":385,""right"":290,""bottom"":465,""left"":210},{""x"":850,""y"":425,""width"":80,""height"":80,""top"":385,""right"":890,""bottom"":465,""left"":810}]"
"","canvas-keyboard-response","37","97658","0.0-5.0-1.0-0.9","","","","","null","null","","","","","","","","","recognition","[""5"",""6"",""5"",""4"",""6"",""4"",""4"",""5"",""6"",""4"",""6"",""5"",""4"",""5"",""6"",""6"",""4"",""5"",""4"",""4"",""5"",""6"",""5"",""5"",""6"",""6"",""4"",""6"",""4"",""5"",""6"",""4"",""4"",""5"",""5"",""6""]","1500","shape","2","","","","","",""
"","canvas-keyboard-response","38","97770","0.0-5.0-1.0-1.9","","","","","null","null","","","","","","","","","recognition","[""5"",""6"",""5"",""4"",""6"",""4"",""4"",""5"",""6"",""4"",""6"",""5"",""4"",""5"",""6"",""6"",""4"",""5"",""4"",""4"",""5"",""6"",""5"",""5"",""6"",""6"",""4"",""6"",""4"",""5"",""6"",""4"",""4"",""5"",""5"",""6""]","1500","shape","2","","","","","",""
"","canvas-keyboard-response","39","99742","0.0-5.0-1.0-2.9","","","","","459","4","","","[""triangle"",""circle""]","","","","","","","","","","","[{""x"":844,""y"":469,""t"":11},{""x"":832,""y"":420,""t"":56},{""x"":833,""y"":395,""t"":86},{""x"":825,""y"":360,""t"":118},{""x"":833,""y"":364,""t"":146},{""x"":840,""y"":369,""t"":177},{""x"":837,""y"":374,""t"":209},{""x"":825,""y"":368,""t"":244},{""x"":815,""y"":364,""t"":276},{""x"":835,""y"":359,""t"":310},{""x"":849,""y"":361,""t"":342},{""x"":838,""y"":360,""t"":384},{""x"":829,""y"":359,""t"":416}]","{""#container"":{""x"":266.42919921875,""y"":48.58407211303711,""width"":1099.9910888671875,""height"":849.9955444335938,""top"":48.58407211303711,""right"":1366.4202880859375,""bottom"":898.5796165466309,""left"":266.42919921875}}","triangle","4","true","[{""x"":250,""y"":425,""width"":92,""height"":92,""top"":379,""right"":296,""bottom"":471,""left"":204},{""x"":850,""y"":425,""width"":80,""height"":80,""top"":385,""right"":890,""bottom"":465,""left"":810}]"
"","canvas-keyboard-response","40","100781","0.0-5.0-1.0-0.10","","","","","null","null","","","","","","","","","recognition","[""5"",""6"",""5"",""4"",""6"",""4"",""4"",""5"",""6"",""4"",""6"",""5"",""4"",""5"",""6"",""6"",""4"",""5"",""4"",""4"",""5"",""6"",""5"",""5"",""6"",""6"",""4"",""6"",""4"",""5"",""6"",""4"",""4"",""5"",""5"",""6""]","1500","shape","2","","","","","",""
"","canvas-keyboard-response","41","100892","0.0-5.0-1.0-1.10","","","","","null","null","","","","","","","","","recognition","[""5"",""6"",""5"",""4"",""6"",""4"",""4"",""5"",""6"",""4"",""6"",""5"",""4"",""5"",""6"",""6"",""4"",""5"",""4"",""4"",""5"",""6"",""5"",""5"",""6"",""6"",""4"",""6"",""4"",""5"",""6"",""4"",""4"",""5"",""5"",""6""]","1500","shape","2","","","","","",""
"","canvas-keyboard-response","42","102840","0.0-5.0-1.0-2.10","","","","","428","6","","","[""circle"",""triangle""]","","","","","","","","","","","[{""x"":739,""y"":329,""t"":3},{""x"":743,""y"":330,""t"":36},{""x"":743,""y"":323,""t"":75},{""x"":743,""y"":318,""t"":105},{""x"":743,""y"":353,""t"":138},{""x"":744,""y"":384,""t"":171},{""x"":747,""y"":418,""t"":209},{""x"":749,""y"":447,""t"":239},{""x"":795,""y"":440,""t"":290},{""x"":817,""y"":423,""t"":315},{""x"":875,""y"":427,""t"":350},{""x"":934,""y"":420,""t"":381}]","{""#container"":{""x"":266.42919921875,""y"":48.58407211303711,""width"":1099.9910888671875,""height"":849.9955444335938,""top"":48.58407211303711,""right"":1366.4202880859375,""bottom"":898.5796165466309,""left"":266.42919921875}}","triangle","6","true","[{""x"":250,""y"":425,""width"":80,""height"":80,""top"":385,""right"":290,""bottom"":465,""left"":210},{""x"":850,""y"":425,""width"":92,""height"":92,""top"":379,""right"":896,""bottom"":471,""left"":804}]"
"","canvas-keyboard-response","43","103869","0.0-5.0-1.0-0.11","","","","","null","null","","","","","","","","","recognition","[""5"",""6"",""5"",""4"",""6"",""4"",""4"",""5"",""6"",""4"",""6"",""5"",""4"",""5"",""6"",""6"",""4"",""5"",""4"",""4"",""5"",""6"",""5"",""5"",""6"",""6"",""4"",""6"",""4"",""5"",""6"",""4"",""4"",""5"",""5"",""6""]","1500","shape","2","","","","","",""
"","canvas-keyboard-response","44","103989","0.0-5.0-1.0-1.11","","","","","null","null","","","","","","","","","recognition","[""5"",""6"",""5"",""4"",""6"",""4"",""4"",""5"",""6"",""4"",""6"",""5"",""4"",""5"",""6"",""6"",""4"",""5"",""4"",""4"",""5"",""6"",""5"",""5"",""6"",""6"",""4"",""6"",""4"",""5"",""6"",""4"",""4"",""5"",""5"",""6""]","1500","shape","2","","","","","",""
"","canvas-keyboard-response","45","106074","0.0-5.0-1.0-2.11","","","","","567","5","","","[""triangle"",""rect""]","","","","","","","","","","","[{""x"":909,""y"":428,""t"":1},{""x"":884,""y"":426,""t"":49},{""x"":845,""y"":435,""t"":76},{""x"":818,""y"":454,""t"":117},{""x"":795,""y"":470,""t"":139},{""x"":768,""y"":487,""t"":175},{""x"":746,""y"":501,""t"":204},{""x"":746,""y"":485,""t"":241},{""x"":748,""y"":471,""t"":275},{""x"":768,""y"":464,""t"":307},{""x"":786,""y"":457,""t"":341},{""x"":809,""y"":447,""t"":383},{""x"":846,""y"":444,""t"":417},{""x"":886,""y"":439,""t"":451},{""x"":897,""y"":440,""t"":487},{""x"":905,""y"":441,""t"":511}]","{""#container"":{""x"":266.42919921875,""y"":48.58407211303711,""width"":1099.9910888671875,""height"":849.9955444335938,""top"":48.58407211303711,""right"":1366.4202880859375,""bottom"":898.5796165466309,""left"":266.42919921875}}","circle","5","true","[{""x"":250,""y"":425,""width"":92,""height"":92,""top"":379,""right"":296,""bottom"":471,""left"":204},{""x"":850,""y"":425,""width"":80,""height"":80,""top"":385,""right"":890,""bottom"":465,""left"":810}]"
"","canvas-keyboard-response","46","107110","0.0-5.0-1.0-0.12","","","","","null","null","","","","","","","","","recognition","[""5"",""6"",""5"",""4"",""6"",""4"",""4"",""5"",""6"",""4"",""6"",""5"",""4"",""5"",""6"",""6"",""4"",""5"",""4"",""4"",""5"",""6"",""5"",""5"",""6"",""6"",""4"",""6"",""4"",""5"",""6"",""4"",""4"",""5"",""5"",""6""]","1500","shape","2","","","","","",""
"","canvas-keyboard-response","47","107219","0.0-5.0-1.0-1.12","","","","","null","null","","","","","","","","","recognition","[""5"",""6"",""5"",""4"",""6"",""4"",""4"",""5"",""6"",""4"",""6"",""5"",""4"",""5"",""6"",""6"",""4"",""5"",""4"",""4"",""5"",""6"",""5"",""5"",""6"",""6"",""4"",""6"",""4"",""5"",""6"",""4"",""4"",""5"",""5"",""6""]","1500","shape","2","","","","","",""
"","canvas-keyboard-response","48","109218","0.0-5.0-1.0-2.12","","","","","475","4","","","[""rect"",""triangle""]","","","","","","","","","","","[{""x"":866,""y"":437,""t"":4},{""x"":883,""y"":416,""t"":47},{""x"":823,""y"":412,""t"":80},{""x"":812,""y"":404,""t"":108},{""x"":808,""y"":402,""t"":142},{""x"":777,""y"":396,""t"":170},{""x"":799,""y"":392,""t"":207},{""x"":815,""y"":406,""t"":242},{""x"":830,""y"":418,""t"":280},{""x"":794,""y"":444,""t"":317},{""x"":784,""y"":456,""t"":352},{""x"":771,""y"":479,""t"":385},{""x"":751,""y"":504,""t"":413},{""x"":738,""y"":512,""t"":446}]","{""#container"":{""x"":266.42919921875,""y"":48.58407211303711,""width"":1099.9910888671875,""height"":849.9955444335938,""top"":48.58407211303711,""right"":1366.4202880859375,""bottom"":898.5796165466309,""left"":266.42919921875}}","rect","4","true","[{""x"":250,""y"":425,""width"":80,""height"":80,""top"":385,""right"":290,""bottom"":465,""left"":210},{""x"":850,""y"":425,""width"":92,""height"":92,""top"":379,""right"":896,""bottom"":471,""left"":804}]"
"","canvas-keyboard-response","49","110264","0.0-5.0-1.0-0.13","","","","","null","null","","","","","","","","","recognition","[""5"",""6"",""5"",""4"",""6"",""4"",""4"",""5"",""6"",""4"",""6"",""5"",""4"",""5"",""6"",""6"",""4"",""5"",""4"",""4"",""5"",""6"",""5"",""5"",""6"",""6"",""4"",""6"",""4"",""5"",""6"",""4"",""4"",""5"",""5"",""6""]","1500","shape","2","","","","","",""
"","canvas-keyboard-response","50","110375","0.0-5.0-1.0-1.13","","","","","null","null","","","","","","","","","recognition","[""5"",""6"",""5"",""4"",""6"",""4"",""4"",""5"",""6"",""4"",""6"",""5"",""4"",""5"",""6"",""6"",""4"",""5"",""4"",""4"",""5"",""6"",""5"",""5"",""6"",""6"",""4"",""6"",""4"",""5"",""6"",""4"",""4"",""5"",""5"",""6""]","1500","shape","2","","","","","",""
"","canvas-keyboard-response","51","112392","0.0-5.0-1.0-2.13","","","","","492","5","","","[""rect"",""circle""]","","","","","","","","","","","[{""x"":752,""y"":491,""t"":3},{""x"":757,""y"":495,""t"":49},{""x"":762,""y"":498,""t"":78},{""x"":767,""y"":463,""t"":115},{""x"":770,""y"":445,""t"":143},{""x"":802,""y"":452,""t"":192},{""x"":847,""y"":418,""t"":215},{""x"":870,""y"":415,""t"":252},{""x"":841,""y"":434,""t"":289},{""x"":815,""y"":452,""t"":310},{""x"":816,""y"":479,""t"":347},{""x"":817,""y"":503,""t"":379},{""x"":941,""y"":664,""t"":415},{""x"":1043,""y"":797,""t"":450}]","{""#container"":{""x"":266.42919921875,""y"":48.58407211303711,""width"":1099.9910888671875,""height"":849.9955444335938,""top"":48.58407211303711,""right"":1366.4202880859375,""bottom"":898.5796165466309,""left"":266.42919921875}}","triangle","5","true","[{""x"":250,""y"":425,""width"":80,""height"":80,""top"":385,""right"":290,""bottom"":465,""left"":210},{""x"":850,""y"":425,""width"":80,""height"":80,""top"":385,""right"":890,""bottom"":465,""left"":810}]"
"","canvas-keyboard-response","52","113420","0.0-5.0-1.0-0.14","","","","","null","null","","","","","","","","","recognition","[""5"",""6"",""5"",""4"",""6"",""4"",""4"",""5"",""6"",""4"",""6"",""5"",""4"",""5"",""6"",""6"",""4"",""5"",""4"",""4"",""5"",""6"",""5"",""5"",""6"",""6"",""4"",""6"",""4"",""5"",""6"",""4"",""4"",""5"",""5"",""6""]","1500","shape","2","","","","","",""
"","canvas-keyboard-response","53","113533","0.0-5.0-1.0-1.14","","","","","null","null","","","","","","","","","recognition","[""5"",""6"",""5"",""4"",""6"",""4"",""4"",""5"",""6"",""4"",""6"",""5"",""4"",""5"",""6"",""6"",""4"",""5"",""4"",""4"",""5"",""6"",""5"",""5"",""6"",""6"",""4"",""6"",""4"",""5"",""6"",""4"",""4"",""5"",""5"",""6""]","1500","shape","2","","","","","",""
"","canvas-keyboard-response","54","115426","0.0-5.0-1.0-2.14","","","","","362","6","","","[""rect"",""circle""]","","","","","","","","","","","[{""x"":1111,""y"":840,""t"":8},{""x"":1076,""y"":763,""t"":53},{""x"":1044,""y"":696,""t"":72},{""x"":1015,""y"":637,""t"":105},{""x"":931,""y"":587,""t"":138},{""x"":858,""y"":545,""t"":171},{""x"":855,""y"":503,""t"":206},{""x"":848,""y"":476,""t"":240},{""x"":844,""y"":455,""t"":276},{""x"":846,""y"":453,""t"":311}]","{""#container"":{""x"":266.42919921875,""y"":48.58407211303711,""width"":1099.9910888671875,""height"":849.9955444335938,""top"":48.58407211303711,""right"":1366.4202880859375,""bottom"":898.5796165466309,""left"":266.42919921875}}","circle","6","true","[{""x"":250,""y"":425,""width"":80,""height"":80,""top"":385,""right"":290,""bottom"":465,""left"":210},{""x"":850,""y"":425,""width"":80,""height"":80,""top"":385,""right"":890,""bottom"":465,""left"":810}]"
"","canvas-keyboard-response","55","116440","0.0-5.0-1.0-0.15","","","","","null","null","","","","","","","","","recognition","[""5"",""6"",""5"",""4"",""6"",""4"",""4"",""5"",""6"",""4"",""6"",""5"",""4"",""5"",""6"",""6"",""4"",""5"",""4"",""4"",""5"",""6"",""5"",""5"",""6"",""6"",""4"",""6"",""4"",""5"",""6"",""4"",""4"",""5"",""5"",""6""]","1500","shape","2","","","","","",""
"","canvas-keyboard-response","56","116553","0.0-5.0-1.0-1.15","","","","","null","null","","","","","","","","","recognition","[""5"",""6"",""5"",""4"",""6"",""4"",""4"",""5"",""6"",""4"",""6"",""5"",""4"",""5"",""6"",""6"",""4"",""5"",""4"",""4"",""5"",""6"",""5"",""5"",""6"",""6"",""4"",""6"",""4"",""5"",""6"",""4"",""4"",""5"",""5"",""6""]","1500","shape","2","","","","","",""
"","canvas-keyboard-response","57","118488","0.0-5.0-1.0-2.15","","","","","413","6","","","[""triangle"",""rect""]","","","","","","","","","","","[{""x"":844,""y"":434,""t"":4},{""x"":835,""y"":412,""t"":43},{""x"":802,""y"":418,""t"":76},{""x"":776,""y"":425,""t"":107},{""x"":779,""y"":413,""t"":138},{""x"":784,""y"":403,""t"":170},{""x"":789,""y"":410,""t"":206},{""x"":803,""y"":425,""t"":240},{""x"":833,""y"":396,""t"":277},{""x"":865,""y"":383,""t"":313},{""x"":892,""y"":372,""t"":351}]","{""#container"":{""x"":266.42919921875,""y"":48.58407211303711,""width"":1099.9910888671875,""height"":849.9955444335938,""top"":48.58407211303711,""right"":1366.4202880859375,""bottom"":898.5796165466309,""left"":266.42919921875}}","rect","6","true","[{""x"":250,""y"":425,""width"":92,""height"":92,""top"":379,""right"":296,""bottom"":471,""left"":204},{""x"":850,""y"":425,""width"":80,""height"":80,""top"":385,""right"":890,""bottom"":465,""left"":810}]"
"","canvas-keyboard-response","58","119507","0.0-5.0-1.0-0.16","","","","","null","null","","","","","","","","","recognition","[""5"",""6"",""5"",""4"",""6"",""4"",""4"",""5"",""6"",""4"",""6"",""5"",""4"",""5"",""6"",""6"",""4"",""5"",""4"",""4"",""5"",""6"",""5"",""5"",""6"",""6"",""4"",""6"",""4"",""5"",""6"",""4"",""4"",""5"",""5"",""6""]","1500","shape","2","","","","","",""
"","canvas-keyboard-response","59","119618","0.0-5.0-1.0-1.16","","","","","null","null","","","","","","","","","recognition","[""5"",""6"",""5"",""4"",""6"",""4"",""4"",""5"",""6"",""4"",""6"",""5"",""4"",""5"",""6"",""6"",""4"",""5"",""4"",""4"",""5"",""6"",""5"",""5"",""6"",""6"",""4"",""6"",""4"",""5"",""6"",""4"",""4"",""5"",""5"",""6""]","1500","shape","2","","","","","",""
"","canvas-keyboard-response","60","121615","0.0-5.0-1.0-2.16","","","","","480","4","","","[""circle"",""rect""]","","","","","","","","","","","[{""x"":876,""y"":390,""t"":1},{""x"":818,""y"":387,""t"":48},{""x"":767,""y"":386,""t"":69},{""x"":750,""y"":383,""t"":119},{""x"":729,""y"":378,""t"":145},{""x"":741,""y"":355,""t"":186},{""x"":753,""y"":336,""t"":216},{""x"":745,""y"":341,""t"":260},{""x"":740,""y"":346,""t"":284},{""x"":739,""y"":345,""t"":331},{""x"":731,""y"":354,""t"":354},{""x"":725,""y"":362,""t"":392},{""x"":721,""y"":369,""t"":421}]","{""#container"":{""x"":266.42919921875,""y"":48.58407211303711,""width"":1099.9910888671875,""height"":849.9955444335938,""top"":48.58407211303711,""right"":1366.4202880859375,""bottom"":898.5796165466309,""left"":266.42919921875}}","circle","4","true","[{""x"":250,""y"":425,""width"":80,""height"":80,""top"":385,""right"":290,""bottom"":465,""left"":210},{""x"":850,""y"":425,""width"":80,""height"":80,""top"":385,""right"":890,""bottom"":465,""left"":810}]"
"","canvas-keyboard-response","61","122635","0.0-5.0-1.0-0.17","","","","","null","null","","","","","","","","","recognition","[""5"",""6"",""5"",""4"",""6"",""4"",""4"",""5"",""6"",""4"",""6"",""5"",""4"",""5"",""6"",""6"",""4"",""5"",""4"",""4"",""5"",""6"",""5"",""5"",""6"",""6"",""4"",""6"",""4"",""5"",""6"",""4"",""4"",""5"",""5"",""6""]","1500","shape","2","","","","","",""
"","canvas-keyboard-response","62","122748","0.0-5.0-1.0-1.17","","","","","null","null","","","","","","","","","recognition","[""5"",""6"",""5"",""4"",""6"",""4"",""4"",""5"",""6"",""4"",""6"",""5"",""4"",""5"",""6"",""6"",""4"",""5"",""4"",""4"",""5"",""6"",""5"",""5"",""6"",""6"",""4"",""6"",""4"",""5"",""6"",""4"",""4"",""5"",""5"",""6""]","1500","shape","2","","","","","",""
"","canvas-keyboard-response","63","124814","0.0-5.0-1.0-2.17","","","","","547","5","","","[""circle"",""triangle""]","","","","","","","","","","","[{""x"":712,""y"":396,""t"":5},{""x"":747,""y"":410,""t"":46},{""x"":771,""y"":422,""t"":80},{""x"":791,""y"":432,""t"":113},{""x"":787,""y"":458,""t"":151},{""x"":819,""y"":461,""t"":171},{""x"":817,""y"":468,""t"":213},{""x"":815,""y"":472,""t"":248},{""x"":837,""y"":468,""t"":279},{""x"":856,""y"":463,""t"":307},{""x"":838,""y"":478,""t"":351},{""x"":888,""y"":486,""t"":385},{""x"":930,""y"":493,""t"":414},{""x"":965,""y"":507,""t"":448},{""x"":994,""y"":519,""t"":481},{""x"":1033,""y"":509,""t"":518}]","{""#container"":{""x"":266.42919921875,""y"":48.58407211303711,""width"":1099.9910888671875,""height"":849.9955444335938,""top"":48.58407211303711,""right"":1366.4202880859375,""bottom"":898.5796165466309,""left"":266.42919921875}}","rect","5","true","[{""x"":250,""y"":425,""width"":80,""height"":80,""top"":385,""right"":290,""bottom"":465,""left"":210},{""x"":850,""y"":425,""width"":92,""height"":92,""top"":379,""right"":896,""bottom"":471,""left"":804}]"
"","canvas-keyboard-response","64","125843","0.0-5.0-2.0-0.0","","","","","null","null","","","","","","","","","recognition","[""5"",""6"",""5"",""4"",""6"",""4"",""4"",""5"",""6"",""4"",""6"",""5"",""4"",""5"",""6"",""6"",""4"",""5"",""4"",""4"",""5"",""6"",""5"",""5"",""6"",""6"",""4"",""6"",""4"",""5"",""6"",""4"",""4"",""5"",""5"",""6""]","1500","color","2","","","","","",""
"","canvas-keyboard-response","65","125961","0.0-5.0-2.0-1.0","","","","","null","null","","","","","","","","","recognition","[""5"",""6"",""5"",""4"",""6"",""4"",""4"",""5"",""6"",""4"",""6"",""5"",""4"",""5"",""6"",""6"",""4"",""5"",""4"",""4"",""5"",""6"",""5"",""5"",""6"",""6"",""4"",""6"",""4"",""5"",""6"",""4"",""4"",""5"",""5"",""6""]","1500","color","2","","","","","",""
"","canvas-keyboard-response","66","128075","0.0-5.0-2.0-2.0","","","","","595","4","","","[""circle"",""circle""]","","","","","","","","","","","[{""x"":956,""y"":503,""t"":3},{""x"":941,""y"":496,""t"":39},{""x"":942,""y"":466,""t"":73},{""x"":933,""y"":436,""t"":104},{""x"":934,""y"":434,""t"":140},{""x"":935,""y"":432,""t"":171},{""x"":944,""y"":426,""t"":207},{""x"":935,""y"":415,""t"":242},{""x"":927,""y"":407,""t"":280},{""x"":919,""y"":422,""t"":312},{""x"":903,""y"":424,""t"":346},{""x"":983,""y"":568,""t"":387},{""x"":1052,""y"":672,""t"":412},{""x"":1099,""y"":796,""t"":456},{""x"":1138,""y"":885,""t"":492},{""x"":1177,""y"":960,""t"":512}]","{""#container"":{""x"":266.42919921875,""y"":48.58407211303711,""width"":1099.9910888671875,""height"":849.9955444335938,""top"":48.58407211303711,""right"":1366.4202880859375,""bottom"":898.5796165466309,""left"":266.42919921875}}","red","4","true","[{""x"":250,""y"":425,""width"":80,""height"":80,""top"":385,""right"":290,""bottom"":465,""left"":210},{""x"":850,""y"":425,""width"":80,""height"":80,""top"":385,""right"":890,""bottom"":465,""left"":810}]"
"","canvas-keyboard-response","67","129087","0.0-5.0-2.0-0.1","","","","","null","null","","","","","","","","","recognition","[""5"",""6"",""5"",""4"",""6"",""4"",""4"",""5"",""6"",""4"",""6"",""5"",""4"",""5"",""6"",""6"",""4"",""5"",""4"",""4"",""5"",""6"",""5"",""5"",""6"",""6"",""4"",""6"",""4"",""5"",""6"",""4"",""4"",""5"",""5"",""6""]","1500","color","2","","","","","",""
"","canvas-keyboard-response","68","129210","0.0-5.0-2.0-1.1","","","","","null","null","","","","","","","","","recognition","[""5"",""6"",""5"",""4"",""6"",""4"",""4"",""5"",""6"",""4"",""6"",""5"",""4"",""5"",""6"",""6"",""4"",""5"",""4"",""4"",""5"",""6"",""5"",""5"",""6"",""6"",""4"",""6"",""4"",""5"",""6"",""4"",""4"",""5"",""5"",""6""]","1500","color","2","","","","","",""
"","canvas-keyboard-response","69","131221","0.0-5.0-2.0-2.1","","","","","494","4","","","[""circle"",""circle""]","","","","","","","","","","","[{""x"":953,""y"":908,""t"":5},{""x"":896,""y"":819,""t"":62},{""x"":875,""y"":741,""t"":91},{""x"":827,""y"":685,""t"":135},{""x"":804,""y"":624,""t"":168},{""x"":787,""y"":573,""t"":195},{""x"":775,""y"":532,""t"":219},{""x"":764,""y"":511,""t"":252},{""x"":757,""y"":495,""t"":281},{""x"":769,""y"":475,""t"":312},{""x"":781,""y"":461,""t"":345},{""x"":750,""y"":437,""t"":375},{""x"":724,""y"":418,""t"":413},{""x"":695,""y"":429,""t"":445}]","{""#container"":{""x"":266.42919921875,""y"":48.58407211303711,""width"":1099.9910888671875,""height"":849.9955444335938,""top"":48.58407211303711,""right"":1366.4202880859375,""bottom"":898.5796165466309,""left"":266.42919921875}}","blue","4","true","[{""x"":250,""y"":425,""width"":80,""height"":80,""top"":385,""right"":290,""bottom"":465,""left"":210},{""x"":850,""y"":425,""width"":80,""height"":80,""top"":385,""right"":890,""bottom"":465,""left"":810}]"
"","canvas-keyboard-response","70","132259","0.0-5.0-2.0-0.2","","","","","null","null","","","","","","","","","recognition","[""5"",""6"",""5"",""4"",""6"",""4"",""4"",""5"",""6"",""4"",""6"",""5"",""4"",""5"",""6"",""6"",""4"",""5"",""4"",""4"",""5"",""6"",""5"",""5"",""6"",""6"",""4"",""6"",""4"",""5"",""6"",""4"",""4"",""5"",""5"",""6""]","1500","color","2","","","","","",""
"","canvas-keyboard-response","71","132374","0.0-5.0-2.0-1.2","","","","","null","null","","","","","","","","","recognition","[""5"",""6"",""5"",""4"",""6"",""4"",""4"",""5"",""6"",""4"",""6"",""5"",""4"",""5"",""6"",""6"",""4"",""5"",""4"",""4"",""5"",""6"",""5"",""5"",""6"",""6"",""4"",""6"",""4"",""5"",""6"",""4"",""4"",""5"",""5"",""6""]","1500","color","2","","","","","",""
"","canvas-keyboard-response","72","134488","0.0-5.0-2.0-2.2","","","","","600","5","","","[""circle"",""circle""]","","","","","","","","","","","[{""x"":724,""y"":444,""t"":7},{""x"":762,""y"":429,""t"":46},{""x"":796,""y"":418,""t"":77},{""x"":816,""y"":440,""t"":111},{""x"":849,""y"":453,""t"":145},{""x"":878,""y"":468,""t"":173},{""x"":901,""y"":445,""t"":212},{""x"":918,""y"":427,""t"":248},{""x"":912,""y"":437,""t"":281},{""x"":906,""y"":447,""t"":312},{""x"":918,""y"":460,""t"":343},{""x"":935,""y"":465,""t"":382},{""x"":969,""y"":464,""t"":425},{""x"":996,""y"":462,""t"":451},{""x"":1023,""y"":479,""t"":494},{""x"":1063,""y"":486,""t"":521},{""x"":1095,""y"":492,""t"":553}]","{""#container"":{""x"":266.42919921875,""y"":48.58407211303711,""width"":1099.9910888671875,""height"":849.9955444335938,""top"":48.58407211303711,""right"":1366.4202880859375,""bottom"":898.5796165466309,""left"":266.42919921875}}","red","5","true","[{""x"":250,""y"":425,""width"":80,""height"":80,""top"":385,""right"":290,""bottom"":465,""left"":210},{""x"":850,""y"":425,""width"":80,""height"":80,""top"":385,""right"":890,""bottom"":465,""left"":810}]"
"","canvas-keyboard-response","73","135507","0.0-5.0-2.0-0.3","","","","","null","null","","","","","","","","","recognition","[""5"",""6"",""5"",""4"",""6"",""4"",""4"",""5"",""6"",""4"",""6"",""5"",""4"",""5"",""6"",""6"",""4"",""5"",""4"",""4"",""5"",""6"",""5"",""5"",""6"",""6"",""4"",""6"",""4"",""5"",""6"",""4"",""4"",""5"",""5"",""6""]","1500","color","2","","","","","",""
"","canvas-keyboard-response","74","135623","0.0-5.0-2.0-1.3","","","","","null","null","","","","","","","","","recognition","[""5"",""6"",""5"",""4"",""6"",""4"",""4"",""5"",""6"",""4"",""6"",""5"",""4"",""5"",""6"",""6"",""4"",""5"",""4"",""4"",""5"",""6"",""5"",""5"",""6"",""6"",""4"",""6"",""4"",""5"",""6"",""4"",""4"",""5"",""5"",""6""]","1500","color","2","","","","","",""
"","canvas-keyboard-response","75","137577","0.0-5.0-2.0-2.3","","","","","429","6","","","[""circle"",""circle""]","","","","","","","","","","","[{""x"":1056,""y"":447,""t"":5},{""x"":1022,""y"":448,""t"":39},{""x"":991,""y"":450,""t"":71},{""x"":967,""y"":449,""t"":104},{""x"":934,""y"":443,""t"":140},{""x"":905,""y"":438,""t"":174},{""x"":924,""y"":448,""t"":208},{""x"":938,""y"":433,""t"":240},{""x"":905,""y"":438,""t"":276},{""x"":877,""y"":442,""t"":308},{""x"":911,""y"":460,""t"":344},{""x"":957,""y"":473,""t"":376}]","{""#container"":{""x"":266.42919921875,""y"":48.58407211303711,""width"":1099.9910888671875,""height"":849.9955444335938,""top"":48.58407211303711,""right"":1366.4202880859375,""bottom"":898.5796165466309,""left"":266.42919921875}}","red","6","true","[{""x"":250,""y"":425,""width"":80,""height"":80,""top"":385,""right"":290,""bottom"":465,""left"":210},{""x"":850,""y"":425,""width"":80,""height"":80,""top"":385,""right"":890,""bottom"":465,""left"":810}]"
"","canvas-keyboard-response","76","138603","0.0-5.0-2.0-0.4","","","","","null","null","","","","","","","","","recognition","[""5"",""6"",""5"",""4"",""6"",""4"",""4"",""5"",""6"",""4"",""6"",""5"",""4"",""5"",""6"",""6"",""4"",""5"",""4"",""4"",""5"",""6"",""5"",""5"",""6"",""6"",""4"",""6"",""4"",""5"",""6"",""4"",""4"",""5"",""5"",""6""]","1500","color","2","","","","","",""
"","canvas-keyboard-response","77","138714","0.0-5.0-2.0-1.4","","","","","null","null","","","","","","","","","recognition","[""5"",""6"",""5"",""4"",""6"",""4"",""4"",""5"",""6"",""4"",""6"",""5"",""4"",""5"",""6"",""6"",""4"",""5"",""4"",""4"",""5"",""6"",""5"",""5"",""6"",""6"",""4"",""6"",""4"",""5"",""6"",""4"",""4"",""5"",""5"",""6""]","1500","color","2","","","","","",""
"","canvas-keyboard-response","78","140760","0.0-5.0-2.0-2.4","","","","","535","5","","","[""circle"",""circle""]","","","","","","","","","","","[{""x"":958,""y"":484,""t"":1},{""x"":954,""y"":466,""t"":47},{""x"":925,""y"":468,""t"":79},{""x"":901,""y"":458,""t"":109},{""x"":894,""y"":439,""t"":146},{""x"":887,""y"":451,""t"":189},{""x"":918,""y"":438,""t"":222},{""x"":931,""y"":418,""t"":258},{""x"":955,""y"":410,""t"":287},{""x"":948,""y"":418,""t"":320},{""x"":941,""y"":425,""t"":349},{""x"":981,""y"":493,""t"":384},{""x"":1020,""y"":565,""t"":416},{""x"":1106,""y"":730,""t"":447},{""x"":1159,""y"":853,""t"":486}]","{""#container"":{""x"":266.42919921875,""y"":48.58407211303711,""width"":1099.9910888671875,""height"":849.9955444335938,""top"":48.58407211303711,""right"":1366.4202880859375,""bottom"":898.5796165466309,""left"":266.42919921875}}","blue","5","true","[{""x"":250,""y"":425,""width"":80,""height"":80,""top"":385,""right"":290,""bottom"":465,""left"":210},{""x"":850,""y"":425,""width"":80,""height"":80,""top"":385,""right"":890,""bottom"":465,""left"":810}]"
"","canvas-keyboard-response","79","141790","0.0-5.0-2.0-0.5","","","","","null","null","","","","","","","","","recognition","[""5"",""6"",""5"",""4"",""6"",""4"",""4"",""5"",""6"",""4"",""6"",""5"",""4"",""5"",""6"",""6"",""4"",""5"",""4"",""4"",""5"",""6"",""5"",""5"",""6"",""6"",""4"",""6"",""4"",""5"",""6"",""4"",""4"",""5"",""5"",""6""]","1500","color","2","","","","","",""
"","canvas-keyboard-response","80","141903","0.0-5.0-2.0-1.5","","","","","null","null","","","","","","","","","recognition","[""5"",""6"",""5"",""4"",""6"",""4"",""4"",""5"",""6"",""4"",""6"",""5"",""4"",""5"",""6"",""6"",""4"",""5"",""4"",""4"",""5"",""6"",""5"",""5"",""6"",""6"",""4"",""6"",""4"",""5"",""6"",""4"",""4"",""5"",""5"",""6""]","1500","color","2","","","","","",""
"","canvas-keyboard-response","81","143883","0.0-5.0-2.0-2.5","","","","","467","5","","","[""circle"",""circle""]","","","","","","","","","","","[{""x"":1132,""y"":886,""t"":2},{""x"":1065,""y"":831,""t"":39},{""x"":1003,""y"":751,""t"":75},{""x"":950,""y"":680,""t"":107},{""x"":903,""y"":646,""t"":141},{""x"":866,""y"":617,""t"":180},{""x"":802,""y"":587,""t"":221},{""x"":751,""y"":563,""t"":241},{""x"":767,""y"":520,""t"":282},{""x"":784,""y"":486,""t"":314},{""x"":783,""y"":468,""t"":348},{""x"":765,""y"":461,""t"":382},{""x"":750,""y"":457,""t"":412}]","{""#container"":{""x"":266.42919921875,""y"":48.58407211303711,""width"":1099.9910888671875,""height"":849.9955444335938,""top"":48.58407211303711,""right"":1366.4202880859375,""bottom"":898.5796165466309,""left"":266.42919921875}}","red","5","true","[{""x"":250,""y"":425,""width"":80,""height"":80,""top"":385,""right"":290,""bottom"":465,""left"":210},{""x"":850,""y"":425,""width"":80,""height"":80,""top"":385,""right"":890,""bottom"":465,""left"":810}]"
"","canvas-keyboard-response","82","144914","0.0-5.0-2.0-0.6","","","","","null","null","","","","","","","","","recognition","[""5"",""6"",""5"",""4"",""6"",""4"",""4"",""5"",""6"",""4"",""6"",""5"",""4"",""5"",""6"",""6"",""4"",""5"",""4"",""4"",""5"",""6"",""5"",""5"",""6"",""6"",""4"",""6"",""4"",""5"",""6"",""4"",""4"",""5"",""5"",""6""]","1500","color","2","","","","","",""
"","canvas-keyboard-response","83","145025","0.0-5.0-2.0-1.6","","","","","null","null","","","","","","","","","recognition","[""5"",""6"",""5"",""4"",""6"",""4"",""4"",""5"",""6"",""4"",""6"",""5"",""4"",""5"",""6"",""6"",""4"",""5"",""4"",""4"",""5"",""6"",""5"",""5"",""6"",""6"",""4"",""6"",""4"",""5"",""6"",""4"",""4"",""5"",""5"",""6""]","1500","color","2","","","","","",""
"","canvas-keyboard-response","84","146981","0.0-5.0-2.0-2.6","","","","","418","6","","","[""circle"",""circle""]","","","","","","","","","","","[{""x"":793,""y"":406,""t"":4},{""x"":807,""y"":403,""t"":56},{""x"":824,""y"":396,""t"":84},{""x"":829,""y"":386,""t"":122},{""x"":833,""y"":380,""t"":140},{""x"":836,""y"":375,""t"":171},{""x"":822,""y"":397,""t"":208},{""x"":818,""y"":410,""t"":246},{""x"":815,""y"":421,""t"":283},{""x"":779,""y"":431,""t"":320},{""x"":748,""y"":440,""t"":341},{""x"":795,""y"":445,""t"":383}]","{""#container"":{""x"":266.42919921875,""y"":48.58407211303711,""width"":1099.9910888671875,""height"":849.9955444335938,""top"":48.58407211303711,""right"":1366.4202880859375,""bottom"":898.5796165466309,""left"":266.42919921875}}","green","6","true","[{""x"":250,""y"":425,""width"":80,""height"":80,""top"":385,""right"":290,""bottom"":465,""left"":210},{""x"":850,""y"":425,""width"":80,""height"":80,""top"":385,""right"":890,""bottom"":465,""left"":810}]"
"","canvas-keyboard-response","85","148011","0.0-5.0-2.0-0.7","","","","","null","null","","","","","","","","","recognition","[""5"",""6"",""5"",""4"",""6"",""4"",""4"",""5"",""6"",""4"",""6"",""5"",""4"",""5"",""6"",""6"",""4"",""5"",""4"",""4"",""5"",""6"",""5"",""5"",""6"",""6"",""4"",""6"",""4"",""5"",""6"",""4"",""4"",""5"",""5"",""6""]","1500","color","2","","","","","",""
"","canvas-keyboard-response","86","148133","0.0-5.0-2.0-1.7","","","","","null","null","","","","","","","","","recognition","[""5"",""6"",""5"",""4"",""6"",""4"",""4"",""5"",""6"",""4"",""6"",""5"",""4"",""5"",""6"",""6"",""4"",""5"",""4"",""4"",""5"",""6"",""5"",""5"",""6"",""6"",""4"",""6"",""4"",""5"",""6"",""4"",""4"",""5"",""5"",""6""]","1500","color","2","","","","","",""
"","canvas-keyboard-response","87","150076","0.0-5.0-2.0-2.7","","","","","426","6","","","[""circle"",""circle""]","","","","","","","","","","","[{""x"":765,""y"":469,""t"":1},{""x"":789,""y"":436,""t"":50},{""x"":801,""y"":414,""t"":71},{""x"":828,""y"":407,""t"":105},{""x"":844,""y"":398,""t"":139},{""x"":853,""y"":396,""t"":187},{""x"":821,""y"":429,""t"":210},{""x"":822,""y"":440,""t"":257},{""x"":844,""y"":436,""t"":296},{""x"":862,""y"":433,""t"":323},{""x"":898,""y"":431,""t"":361},{""x"":920,""y"":451,""t"":379}]","{""#container"":{""x"":266.42919921875,""y"":48.58407211303711,""width"":1099.9910888671875,""height"":849.9955444335938,""top"":48.58407211303711,""right"":1366.4202880859375,""bottom"":898.5796165466309,""left"":266.42919921875}}","blue","6","true","[{""x"":250,""y"":425,""width"":80,""height"":80,""top"":385,""right"":290,""bottom"":465,""left"":210},{""x"":850,""y"":425,""width"":80,""height"":80,""top"":385,""right"":890,""bottom"":465,""left"":810}]"
"","canvas-keyboard-response","88","151121","0.0-5.0-2.0-0.8","","","","","null","null","","","","","","","","","recognition","[""5"",""6"",""5"",""4"",""6"",""4"",""4"",""5"",""6"",""4"",""6"",""5"",""4"",""5"",""6"",""6"",""4"",""5"",""4"",""4"",""5"",""6"",""5"",""5"",""6"",""6"",""4"",""6"",""4"",""5"",""6"",""4"",""4"",""5"",""5"",""6""]","1500","color","2","","","","","",""
"","canvas-keyboard-response","89","151251","0.0-5.0-2.0-1.8","","","","","null","null","","","","","","","","","recognition","[""5"",""6"",""5"",""4"",""6"",""4"",""4"",""5"",""6"",""4"",""6"",""5"",""4"",""5"",""6"",""6"",""4"",""5"",""4"",""4"",""5"",""6"",""5"",""5"",""6"",""6"",""4"",""6"",""4"",""5"",""6"",""4"",""4"",""5"",""5"",""6""]","1500","color","2","","","","","",""
"","canvas-keyboard-response","90","153173","0.0-5.0-2.0-2.8","","","","","392","4","","","[""circle"",""circle""]","","","","","","","","","","","[{""x"":905,""y"":436,""t"":2},{""x"":908,""y"":435,""t"":56},{""x"":893,""y"":438,""t"":76},{""x"":886,""y"":445,""t"":118},{""x"":879,""y"":451,""t"":139},{""x"":888,""y"":458,""t"":177},{""x"":893,""y"":470,""t"":214},{""x"":895,""y"":475,""t"":247},{""x"":872,""y"":468,""t"":286},{""x"":851,""y"":462,""t"":308},{""x"":834,""y"":456,""t"":343}]","{""#container"":{""x"":266.42919921875,""y"":48.58407211303711,""width"":1099.9910888671875,""height"":849.9955444335938,""top"":48.58407211303711,""right"":1366.4202880859375,""bottom"":898.5796165466309,""left"":266.42919921875}}","green","4","true","[{""x"":250,""y"":425,""width"":80,""height"":80,""top"":385,""right"":290,""bottom"":465,""left"":210},{""x"":850,""y"":425,""width"":80,""height"":80,""top"":385,""right"":890,""bottom"":465,""left"":810}]"
"","canvas-keyboard-response","91","154190","0.0-5.0-2.0-0.9","","","","","null","null","","","","","","","","","recognition","[""5"",""6"",""5"",""4"",""6"",""4"",""4"",""5"",""6"",""4"",""6"",""5"",""4"",""5"",""6"",""6"",""4"",""5"",""4"",""4"",""5"",""6"",""5"",""5"",""6"",""6"",""4"",""6"",""4"",""5"",""6"",""4"",""4"",""5"",""5"",""6""]","1500","color","2","","","","","",""
"","canvas-keyboard-response","92","154312","0.0-5.0-2.0-1.9","","","","","null","null","","","","","","","","","recognition","[""5"",""6"",""5"",""4"",""6"",""4"",""4"",""5"",""6"",""4"",""6"",""5"",""4"",""5"",""6"",""6"",""4"",""5"",""4"",""4"",""5"",""6"",""5"",""5"",""6"",""6"",""4"",""6"",""4"",""5"",""6"",""4"",""4"",""5"",""5"",""6""]","1500","color","2","","","","","",""
"","canvas-keyboard-response","93","156216","0.0-5.0-2.0-2.9","","","","","392","6","","","[""circle"",""circle""]","","","","","","","","","","","[{""x"":798,""y"":459,""t"":1},{""x"":785,""y"":451,""t"":38},{""x"":798,""y"":457,""t"":77},{""x"":811,""y"":462,""t"":112},{""x"":828,""y"":458,""t"":144},{""x"":863,""y"":453,""t"":178},{""x"":850,""y"":435,""t"":211},{""x"":849,""y"":430,""t"":247},{""x"":849,""y"":425,""t"":282},{""x"":881,""y"":422,""t"":315},{""x"":908,""y"":420,""t"":347}]","{""#container"":{""x"":266.42919921875,""y"":48.58407211303711,""width"":1099.9910888671875,""height"":849.9955444335938,""top"":48.58407211303711,""right"":1366.4202880859375,""bottom"":898.5796165466309,""left"":266.42919921875}}","blue","6","true","[{""x"":250,""y"":425,""width"":80,""height"":80,""top"":385,""right"":290,""bottom"":465,""left"":210},{""x"":850,""y"":425,""width"":80,""height"":80,""top"":385,""right"":890,""bottom"":465,""left"":810}]"
"","canvas-keyboard-response","94","157249","0.0-5.0-2.0-0.10","","","","","null","null","","","","","","","","","recognition","[""5"",""6"",""5"",""4"",""6"",""4"",""4"",""5"",""6"",""4"",""6"",""5"",""4"",""5"",""6"",""6"",""4"",""5"",""4"",""4"",""5"",""6"",""5"",""5"",""6"",""6"",""4"",""6"",""4"",""5"",""6"",""4"",""4"",""5"",""5"",""6""]","1500","color","2","","","","","",""
"","canvas-keyboard-response","95","157372","0.0-5.0-2.0-1.10","","","","","null","null","","","","","","","","","recognition","[""5"",""6"",""5"",""4"",""6"",""4"",""4"",""5"",""6"",""4"",""6"",""5"",""4"",""5"",""6"",""6"",""4"",""5"",""4"",""4"",""5"",""6"",""5"",""5"",""6"",""6"",""4"",""6"",""4"",""5"",""6"",""4"",""4"",""5"",""5"",""6""]","1500","color","2","","","","","",""
"","canvas-keyboard-response","96","159360","0.0-5.0-2.0-2.10","","","","","467","4","","","[""circle"",""circle""]","","","","","","","","","","","[{""x"":941,""y"":401,""t"":2},{""x"":934,""y"":388,""t"":41},{""x"":926,""y"":377,""t"":70},{""x"":918,""y"":353,""t"":106},{""x"":925,""y"":361,""t"":143},{""x"":930,""y"":369,""t"":175},{""x"":956,""y"":370,""t"":209},{""x"":977,""y"":371,""t"":243},{""x"":965,""y"":353,""t"":279},{""x"":954,""y"":338,""t"":310},{""x"":906,""y"":345,""t"":346},{""x"":844,""y"":349,""t"":378},{""x"":792,""y"":353,""t"":410}]","{""#container"":{""x"":266.42919921875,""y"":48.58407211303711,""width"":1099.9910888671875,""height"":849.9955444335938,""top"":48.58407211303711,""right"":1366.4202880859375,""bottom"":898.5796165466309,""left"":266.42919921875}}","red","4","true","[{""x"":250,""y"":425,""width"":80,""height"":80,""top"":385,""right"":290,""bottom"":465,""left"":210},{""x"":850,""y"":425,""width"":80,""height"":80,""top"":385,""right"":890,""bottom"":465,""left"":810}]"
"","canvas-keyboard-response","97","160389","0.0-5.0-2.0-0.11","","","","","null","null","","","","","","","","","recognition","[""5"",""6"",""5"",""4"",""6"",""4"",""4"",""5"",""6"",""4"",""6"",""5"",""4"",""5"",""6"",""6"",""4"",""5"",""4"",""4"",""5"",""6"",""5"",""5"",""6"",""6"",""4"",""6"",""4"",""5"",""6"",""4"",""4"",""5"",""5"",""6""]","1500","color","2","","","","","",""
"","canvas-keyboard-response","98","160498","0.0-5.0-2.0-1.11","","","","","null","null","","","","","","","","","recognition","[""5"",""6"",""5"",""4"",""6"",""4"",""4"",""5"",""6"",""4"",""6"",""5"",""4"",""5"",""6"",""6"",""4"",""5"",""4"",""4"",""5"",""6"",""5"",""5"",""6"",""6"",""4"",""6"",""4"",""5"",""6"",""4"",""4"",""5"",""5"",""6""]","1500","color","2","","","","","",""
"","canvas-keyboard-response","99","162472","0.0-5.0-2.0-2.11","","","","","456","5","","","[""circle"",""circle""]","","","","","","","","","","","[{""x"":726,""y"":417,""t"":1},{""x"":735,""y"":431,""t"":42},{""x"":753,""y"":446,""t"":78},{""x"":769,""y"":458,""t"":111},{""x"":734,""y"":460,""t"":144},{""x"":704,""y"":461,""t"":182},{""x"":714,""y"":472,""t"":215},{""x"":725,""y"":481,""t"":250},{""x"":739,""y"":483,""t"":286},{""x"":750,""y"":481,""t"":320},{""x"":772,""y"":461,""t"":351},{""x"":781,""y"":486,""t"":385},{""x"":789,""y"":508,""t"":418}]","{""#container"":{""x"":266.42919921875,""y"":48.58407211303711,""width"":1099.9910888671875,""height"":849.9955444335938,""top"":48.58407211303711,""right"":1366.4202880859375,""bottom"":898.5796165466309,""left"":266.42919921875}}","red","5","true","[{""x"":250,""y"":425,""width"":80,""height"":80,""top"":385,""right"":290,""bottom"":465,""left"":210},{""x"":850,""y"":425,""width"":80,""height"":80,""top"":385,""right"":890,""bottom"":465,""left"":810}]"
"","canvas-keyboard-response","100","163495","0.0-5.0-2.0-0.12","","","","","null","null","","","","","","","","","recognition","[""5"",""6"",""5"",""4"",""6"",""4"",""4"",""5"",""6"",""4"",""6"",""5"",""4"",""5"",""6"",""6"",""4"",""5"",""4"",""4"",""5"",""6"",""5"",""5"",""6"",""6"",""4"",""6"",""4"",""5"",""6"",""4"",""4"",""5"",""5"",""6""]","1500","color","2","","","","","",""
"","canvas-keyboard-response","101","163603","0.0-5.0-2.0-1.12","","","","","null","null","","","","","","","","","recognition","[""5"",""6"",""5"",""4"",""6"",""4"",""4"",""5"",""6"",""4"",""6"",""5"",""4"",""5"",""6"",""6"",""4"",""5"",""4"",""4"",""5"",""6"",""5"",""5"",""6"",""6"",""4"",""6"",""4"",""5"",""6"",""4"",""4"",""5"",""5"",""6""]","1500","color","2","","","","","",""
"","canvas-keyboard-response","102","165529","0.0-5.0-2.0-2.12","","","","","400","6","","","[""circle"",""circle""]","","","","","","","","","","","[{""x"":823,""y"":463,""t"":1},{""x"":860,""y"":437,""t"":40},{""x"":891,""y"":415,""t"":72},{""x"":896,""y"":376,""t"":108},{""x"":899,""y"":345,""t"":142},{""x"":884,""y"":336,""t"":172},{""x"":897,""y"":319,""t"":206},{""x"":908,""y"":305,""t"":239},{""x"":875,""y"":296,""t"":275},{""x"":845,""y"":290,""t"":307},{""x"":839,""y"":285,""t"":351}]","{""#container"":{""x"":266.42919921875,""y"":48.58407211303711,""width"":1099.9910888671875,""height"":849.9955444335938,""top"":48.58407211303711,""right"":1366.4202880859375,""bottom"":898.5796165466309,""left"":266.42919921875}}","green","6","true","[{""x"":250,""y"":425,""width"":80,""height"":80,""top"":385,""right"":290,""bottom"":465,""left"":210},{""x"":850,""y"":425,""width"":80,""height"":80,""top"":385,""right"":890,""bottom"":465,""left"":810}]"
"","canvas-keyboard-response","103","166559","0.0-5.0-2.0-0.13","","","","","null","null","","","","","","","","","recognition","[""5"",""6"",""5"",""4"",""6"",""4"",""4"",""5"",""6"",""4"",""6"",""5"",""4"",""5"",""6"",""6"",""4"",""5"",""4"",""4"",""5"",""6"",""5"",""5"",""6"",""6"",""4"",""6"",""4"",""5"",""6"",""4"",""4"",""5"",""5"",""6""]","1500","color","2","","","","","",""
"","canvas-keyboard-response","104","166669","0.0-5.0-2.0-1.13","","","","","null","null","","","","","","","","","recognition","[""5"",""6"",""5"",""4"",""6"",""4"",""4"",""5"",""6"",""4"",""6"",""5"",""4"",""5"",""6"",""6"",""4"",""5"",""4"",""4"",""5"",""6"",""5"",""5"",""6"",""6"",""4"",""6"",""4"",""5"",""6"",""4"",""4"",""5"",""5"",""6""]","1500","color","2","","","","","",""
"","canvas-keyboard-response","105","168613","0.0-5.0-2.0-2.13","","","","","428","4","","","[""circle"",""circle""]","","","","","","","","","","","[{""x"":815,""y"":319,""t"":2},{""x"":778,""y"":353,""t"":45},{""x"":747,""y"":382,""t"":77},{""x"":741,""y"":393,""t"":111},{""x"":737,""y"":402,""t"":143},{""x"":725,""y"":427,""t"":175},{""x"":721,""y"":449,""t"":211},{""x"":707,""y"":461,""t"":241},{""x"":727,""y"":473,""t"":275},{""x"":736,""y"":471,""t"":310},{""x"":744,""y"":467,""t"":343},{""x"":716,""y"":469,""t"":377}]","{""#container"":{""x"":266.42919921875,""y"":48.58407211303711,""width"":1099.9910888671875,""height"":849.9955444335938,""top"":48.58407211303711,""right"":1366.4202880859375,""bottom"":898.5796165466309,""left"":266.42919921875}}","blue","4","true","[{""x"":250,""y"":425,""width"":80,""height"":80,""top"":385,""right"":290,""bottom"":465,""left"":210},{""x"":850,""y"":425,""width"":80,""height"":80,""top"":385,""right"":890,""bottom"":465,""left"":810}]"
"","canvas-keyboard-response","106","169637","0.0-5.0-2.0-0.14","","","","","null","null","","","","","","","","","recognition","[""5"",""6"",""5"",""4"",""6"",""4"",""4"",""5"",""6"",""4"",""6"",""5"",""4"",""5"",""6"",""6"",""4"",""5"",""4"",""4"",""5"",""6"",""5"",""5"",""6"",""6"",""4"",""6"",""4"",""5"",""6"",""4"",""4"",""5"",""5"",""6""]","1500","color","2","","","","","",""
"","canvas-keyboard-response","107","169746","0.0-5.0-2.0-1.14","","","","","null","null","","","","","","","","","recognition","[""5"",""6"",""5"",""4"",""6"",""4"",""4"",""5"",""6"",""4"",""6"",""5"",""4"",""5"",""6"",""6"",""4"",""5"",""4"",""4"",""5"",""6"",""5"",""5"",""6"",""6"",""4"",""6"",""4"",""5"",""6"",""4"",""4"",""5"",""5"",""6""]","1500","color","2","","","","","",""
"","canvas-keyboard-response","108","171696","0.0-5.0-2.0-2.14","","","","","432","4","","","[""circle"",""circle""]","","","","","","","","","","","[{""x"":730,""y"":442,""t"":1},{""x"":742,""y"":424,""t"":39},{""x"":753,""y"":409,""t"":74},{""x"":778,""y"":389,""t"":106},{""x"":799,""y"":372,""t"":141},{""x"":788,""y"":400,""t"":173},{""x"":797,""y"":389,""t"":208},{""x"":817,""y"":371,""t"":245},{""x"":805,""y"":352,""t"":281},{""x"":779,""y"":334,""t"":313},{""x"":758,""y"":325,""t"":345},{""x"":744,""y"":330,""t"":379}]","{""#container"":{""x"":266.42919921875,""y"":48.58407211303711,""width"":1099.9910888671875,""height"":849.9955444335938,""top"":48.58407211303711,""right"":1366.4202880859375,""bottom"":898.5796165466309,""left"":266.42919921875}}","green","4","true","[{""x"":250,""y"":425,""width"":80,""height"":80,""top"":385,""right"":290,""bottom"":465,""left"":210},{""x"":850,""y"":425,""width"":80,""height"":80,""top"":385,""right"":890,""bottom"":465,""left"":810}]"
"","canvas-keyboard-response","109","172713","0.0-5.0-2.0-0.15","","","","","null","null","","","","","","","","","recognition","[""5"",""6"",""5"",""4"",""6"",""4"",""4"",""5"",""6"",""4"",""6"",""5"",""4"",""5"",""6"",""6"",""4"",""5"",""4"",""4"",""5"",""6"",""5"",""5"",""6"",""6"",""4"",""6"",""4"",""5"",""6"",""4"",""4"",""5"",""5"",""6""]","1500","color","2","","","","","",""
"","canvas-keyboard-response","110","172826","0.0-5.0-2.0-1.15","","","","","null","null","","","","","","","","","recognition","[""5"",""6"",""5"",""4"",""6"",""4"",""4"",""5"",""6"",""4"",""6"",""5"",""4"",""5"",""6"",""6"",""4"",""5"",""4"",""4"",""5"",""6"",""5"",""5"",""6"",""6"",""4"",""6"",""4"",""5"",""6"",""4"",""4"",""5"",""5"",""6""]","1500","color","2","","","","","",""
"","canvas-keyboard-response","111","174743","0.0-5.0-2.0-2.15","","","","","405","5","","","[""circle"",""circle""]","","","","","","","","","","","[{""x"":715,""y"":342,""t"":1},{""x"":693,""y"":370,""t"":50},{""x"":694,""y"":395,""t"":70},{""x"":688,""y"":389,""t"":107},{""x"":679,""y"":399,""t"":137},{""x"":660,""y"":412,""t"":173},{""x"":645,""y"":424,""t"":204},{""x"":680,""y"":414,""t"":239},{""x"":687,""y"":423,""t"":277},{""x"":709,""y"":417,""t"":311},{""x"":718,""y"":410,""t"":346},{""x"":723,""y"":418,""t"":375}]","{""#container"":{""x"":266.42919921875,""y"":48.58407211303711,""width"":1099.9910888671875,""height"":849.9955444335938,""top"":48.58407211303711,""right"":1366.4202880859375,""bottom"":898.5796165466309,""left"":266.42919921875}}","blue","5","true","[{""x"":250,""y"":425,""width"":80,""height"":80,""top"":385,""right"":290,""bottom"":465,""left"":210},{""x"":850,""y"":425,""width"":80,""height"":80,""top"":385,""right"":890,""bottom"":465,""left"":810}]"
"","canvas-keyboard-response","112","175781","0.0-5.0-2.0-0.16","","","","","null","null","","","","","","","","","recognition","[""5"",""6"",""5"",""4"",""6"",""4"",""4"",""5"",""6"",""4"",""6"",""5"",""4"",""5"",""6"",""6"",""4"",""5"",""4"",""4"",""5"",""6"",""5"",""5"",""6"",""6"",""4"",""6"",""4"",""5"",""6"",""4"",""4"",""5"",""5"",""6""]","1500","color","2","","","","","",""
"","canvas-keyboard-response","113","175891","0.0-5.0-2.0-1.16","","","","","null","null","","","","","","","","","recognition","[""5"",""6"",""5"",""4"",""6"",""4"",""4"",""5"",""6"",""4"",""6"",""5"",""4"",""5"",""6"",""6"",""4"",""5"",""4"",""4"",""5"",""6"",""5"",""5"",""6"",""6"",""4"",""6"",""4"",""5"",""6"",""4"",""4"",""5"",""5"",""6""]","1500","color","2","","","","","",""
"","canvas-keyboard-response","114","177944","0.0-5.0-2.0-2.16","","","","","534","5","","","[""circle"",""circle""]","","","","","","","","","","","[{""x"":722,""y"":451,""t"":1},{""x"":760,""y"":444,""t"":58},{""x"":791,""y"":437,""t"":75},{""x"":804,""y"":444,""t"":109},{""x"":814,""y"":449,""t"":143},{""x"":823,""y"":459,""t"":179},{""x"":830,""y"":458,""t"":217},{""x"":836,""y"":441,""t"":247},{""x"":801,""y"":455,""t"":283},{""x"":770,""y"":467,""t"":314},{""x"":780,""y"":463,""t"":346},{""x"":788,""y"":468,""t"":379},{""x"":822,""y"":462,""t"":410},{""x"":851,""y"":456,""t"":449},{""x"":847,""y"":446,""t"":484}]","{""#container"":{""x"":266.42919921875,""y"":48.58407211303711,""width"":1099.9910888671875,""height"":849.9955444335938,""top"":48.58407211303711,""right"":1366.4202880859375,""bottom"":898.5796165466309,""left"":266.42919921875}}","red","5","true","[{""x"":250,""y"":425,""width"":80,""height"":80,""top"":385,""right"":290,""bottom"":465,""left"":210},{""x"":850,""y"":425,""width"":80,""height"":80,""top"":385,""right"":890,""bottom"":465,""left"":810}]"
"","canvas-keyboard-response","115","178959","0.0-5.0-2.0-0.17","","","","","null","null","","","","","","","","","recognition","[""5"",""6"",""5"",""4"",""6"",""4"",""4"",""5"",""6"",""4"",""6"",""5"",""4"",""5"",""6"",""6"",""4"",""5"",""4"",""4"",""5"",""6"",""5"",""5"",""6"",""6"",""4"",""6"",""4"",""5"",""6"",""4"",""4"",""5"",""5"",""6""]","1500","color","2","","","","","",""
"","canvas-keyboard-response","116","179069","0.0-5.0-2.0-1.17","","","","","null","null","","","","","","","","","recognition","[""5"",""6"",""5"",""4"",""6"",""4"",""4"",""5"",""6"",""4"",""6"",""5"",""4"",""5"",""6"",""6"",""4"",""5"",""4"",""4"",""5"",""6"",""5"",""5"",""6"",""6"",""4"",""6"",""4"",""5"",""6"",""4"",""4"",""5"",""5"",""6""]","1500","color","2","","","","","",""
"","canvas-keyboard-response","117","180987","0.0-5.0-2.0-2.17","","","","","410","6","","","[""circle"",""circle""]","","","","","","","","","","","[{""x"":807,""y"":442,""t"":2},{""x"":760,""y"":443,""t"":46},{""x"":742,""y"":445,""t"":80},{""x"":730,""y"":449,""t"":110},{""x"":714,""y"":452,""t"":142},{""x"":723,""y"":446,""t"":184},{""x"":732,""y"":441,""t"":209},{""x"":745,""y"":448,""t"":251},{""x"":757,""y"":454,""t"":274},{""x"":733,""y"":476,""t"":312},{""x"":714,""y"":496,""t"":346},{""x"":745,""y"":494,""t"":377}]","{""#container"":{""x"":266.42919921875,""y"":48.58407211303711,""width"":1099.9910888671875,""height"":849.9955444335938,""top"":48.58407211303711,""right"":1366.4202880859375,""bottom"":898.5796165466309,""left"":266.42919921875}}","red","6","true","[{""x"":250,""y"":425,""width"":80,""height"":80,""top"":385,""right"":290,""bottom"":465,""left"":210},{""x"":850,""y"":425,""width"":80,""height"":80,""top"":385,""right"":890,""bottom"":465,""left"":810}]"
"true","fullscreen","118","181507","0.0-6.0","","","","","","","","","","","","","","","","","","","","","","","","",""
"","html-button-response","119","183933","0.0-7.0","","","","","2418","0","","","
         <p>实验结束!</p>
         <p>点击下载数据。</p>
","","","","","","","","","","","","","","","",""
