"success","trial_type","trial_index","time_elapsed","internal_node_id","timeout","failed_images","failed_audio","failed_video","rt","response","question_order","load_time","stimulus","raw_gaze","percent_in_roi","average_offset","validation_points","samples_per_sec","task","ans","ISI","size","shapeORcolor","webgazer_data","webgazer_targets","webgazer_targets_data","correct","response_target","response_answer"
"true","fullscreen","0","2169","0.0-0.0","","","","","","","","","","","","","","","","","","","","","","","","",""
"true","preload","1","2173","0.0-1.0","false","[]","[]","[]","","","","","","","","","","","","","","","","","","","","",""
"","survey-text","2","4847","0.0-2.0-0.0","","","","","2673","{""name"":""scc"",""age"":""24""}","","","","","","","","","","","","","","","","","","",""
"","survey-multi-choice","3","6334","0.0-2.0-1.0","","","","","1487","{""sex"":""男""}","[0]","","","","","","","","","","","","","","","","","",""
"","webgazer-init-camera","4","18399","0.0-3.0","","","","","","","","7","","","","","","","","","","","","","","","","",""
"","html-button-response","5","19358","0.0-4.0-0.0","","","","","957","0","","","
        <p>现在，眼动追踪器将经过校准，将你眼睛的图像从网络摄像头转换到你屏幕上的某个位置。</p>
        <p>为此，需要单击一系列点。</p>
        <p>保持头不动，点击每一个出现的点。当点击它的时候，看着这个点。</p>
      ","","","","","","","","","","","","","","","",""
"","webgazer-calibrate","6","30591","0.0-4.0-1.0","","","","","","","","","","","","","","","","","","","","","","","","",""
"","html-button-response","7","31318","0.0-4.0-2.0","","","","","727","0","","","
        <p>展示眼球追踪的准确性</p>
        <p>保持头不动，当每个点出现时，移动眼睛聚焦在它上面。</p>
        <p>不需要点击点。移动眼睛看这些点。</p>
      ","","","","","","","","","","","","","","","",""
"","webgazer-validate","8","49535","0.0-4.0-3.0","","","","","","","","","","[[{""x"":633,""y"":351,""dx"":142,""dy"":70,""t"":990},{""x"":613,""y"":384,""dx"":122,""dy"":103,""t"":1023},{""x"":596,""y"":345,""dx"":105,""dy"":64,""t"":1057},{""x"":585,""y"":292,""dx"":94,""dy"":11,""t"":1092},{""x"":585,""y"":256,""dx"":94,""dy"":-25,""t"":1125},{""x"":590,""y"":236,""dx"":99,""dy"":-45,""t"":1161},{""x"":600,""y"":282,""dx"":109,""dy"":1,""t"":1194},{""x"":567,""y"":276,""dx"":76,""dy"":-5,""t"":1228},{""x"":587,""y"":325,""dx"":96,""dy"":44,""t"":1262},{""x"":602,""y"":299,""dx"":111,""dy"":18,""t"":1296},{""x"":603,""y"":299,""dx"":112,""dy"":18,""t"":1329},{""x"":608,""y"":306,""dx"":117,""dy"":25,""t"":1364},{""x"":612,""y"":313,""dx"":121,""dy"":32,""t"":1396},{""x"":598,""y"":271,""dx"":107,""dy"":-10,""t"":1433},{""x"":584,""y"":219,""dx"":93,""dy"":-62,""t"":1465},{""x"":576,""y"":228,""dx"":85,""dy"":-53,""t"":1500},{""x"":556,""y"":240,""dx"":65,""dy"":-41,""t"":1534},{""x"":537,""y"":248,""dx"":46,""dy"":-33,""t"":1568},{""x"":523,""y"":257,""dx"":32,""dy"":-24,""t"":1602},{""x"":525,""y"":248,""dx"":34,""dy"":-33,""t"":1635},{""x"":519,""y"":234,""dx"":28,""dy"":-47,""t"":1670},{""x"":508,""y"":221,""dx"":17,""dy"":-60,""t"":1704},{""x"":521,""y"":241,""dx"":30,""dy"":-40,""t"":1737},{""x"":531,""y"":253,""dx"":40,""dy"":-28,""t"":1770},{""x"":529,""y"":243,""dx"":38,""dy"":-38,""t"":1805},{""x"":563,""y"":241,""dx"":72,""dy"":-40,""t"":1840},{""x"":572,""y"":244,""dx"":81,""dy"":-37,""t"":1873},{""x"":571,""y"":280,""dx"":80,""dy"":-1,""t"":1908},{""x"":579,""y"":264,""dx"":88,""dy"":-17,""t"":1942},{""x"":595,""y"":266,""dx"":104,""dy"":-15,""t"":1975},{""x"":606,""y"":238,""dx"":115,""dy"":-43,""t"":2010},{""x"":594,""y"":230,""dx"":103,""dy"":-51,""t"":2044},{""x"":591,""y"":206,""dx"":100,""dy"":-75,""t"":2077},{""x"":593,""y"":200,""dx"":102,""dy"":-81,""t"":2112},{""x"":592,""y"":230,""dx"":101,""dy"":-51,""t"":2147},{""x"":596,""y"":265,""dx"":105,""dy"":-16,""t"":2180},{""x"":596,""y"":278,""dx"":105,""dy"":-3,""t"":2214},{""x"":605,""y"":310,""dx"":114,""dy"":29,""t"":2248},{""x"":601,""y"":306,""dx"":110,""dy"":25,""t"":2281},{""x"":599,""y"":266,""dx"":108,""dy"":-15,""t"":2316},{""x"":596,""y"":296,""dx"":105,""dy"":15,""t"":2351},{""x"":591,""y"":271,""dx"":100,""dy"":-10,""t"":2385},{""x"":570,""y"":278,""dx"":79,""dy"":-3,""t"":2417},{""x"":566,""y"":296,""dx"":75,""dy"":15,""t"":2452},{""x"":568,""y"":278,""dx"":77,""dy"":-3,""t"":2486},{""x"":562,""y"":244,""dx"":71,""dy"":-37,""t"":2520},{""x"":555,""y"":224,""dx"":64,""dy"":-57,""t"":2555},{""x"":559,""y"":257,""dx"":68,""dy"":-24,""t"":2587},{""x"":559,""y"":248,""dx"":68,""dy"":-33,""t"":2621},{""x"":574,""y"":220,""dx"":83,""dy"":-61,""t"":2655},{""x"":572,""y"":196,""dx"":81,""dy"":-85,""t"":2690},{""x"":569,""y"":227,""dx"":78,""dy"":-54,""t"":2723},{""x"":579,""y"":232,""dx"":88,""dy"":-49,""t"":2758},{""x"":591,""y"":297,""dx"":100,""dy"":16,""t"":2792},{""x"":597,""y"":341,""dx"":106,""dy"":60,""t"":2826},{""x"":614,""y"":398,""dx"":123,""dy"":117,""t"":2860},{""x"":633,""y"":446,""dx"":142,""dy"":165,""t"":2894},{""x"":643,""y"":408,""dx"":152,""dy"":127,""t"":2928},{""x"":651,""y"":373,""dx"":160,""dy"":92,""t"":2961},{""x"":648,""y"":375,""dx"":157,""dy"":94,""t"":2996}],[{""x"":1586,""y"":249,""dx"":135,""dy"":-32,""t"":4016},{""x"":1567,""y"":288,""dx"":116,""dy"":7,""t"":4050},{""x"":1542,""y"":304,""dx"":91,""dy"":23,""t"":4084},{""x"":1526,""y"":336,""dx"":75,""dy"":55,""t"":4117},{""x"":1516,""y"":341,""dx"":65,""dy"":60,""t"":4151},{""x"":1504,""y"":402,""dx"":53,""dy"":121,""t"":4186},{""x"":1508,""y"":403,""dx"":57,""dy"":122,""t"":4220},{""x"":1502,""y"":370,""dx"":51,""dy"":89,""t"":4254},{""x"":1502,""y"":364,""dx"":51,""dy"":83,""t"":4289},{""x"":1495,""y"":409,""dx"":44,""dy"":128,""t"":4322},{""x"":1510,""y"":387,""dx"":59,""dy"":106,""t"":4356},{""x"":1494,""y"":401,""dx"":43,""dy"":120,""t"":4389},{""x"":1490,""y"":381,""dx"":39,""dy"":100,""t"":4424},{""x"":1489,""y"":373,""dx"":38,""dy"":92,""t"":4458},{""x"":1490,""y"":403,""dx"":39,""dy"":122,""t"":4491},{""x"":1503,""y"":391,""dx"":52,""dy"":110,""t"":4525},{""x"":1488,""y"":415,""dx"":37,""dy"":134,""t"":4559},{""x"":1501,""y"":389,""dx"":50,""dy"":108,""t"":4594},{""x"":1514,""y"":378,""dx"":63,""dy"":97,""t"":4628},{""x"":1510,""y"":366,""dx"":59,""dy"":85,""t"":4662},{""x"":1518,""y"":343,""dx"":67,""dy"":62,""t"":4696},{""x"":1518,""y"":333,""dx"":67,""dy"":52,""t"":4731},{""x"":1512,""y"":325,""dx"":61,""dy"":44,""t"":4765},{""x"":1523,""y"":312,""dx"":72,""dy"":31,""t"":4798},{""x"":1517,""y"":336,""dx"":66,""dy"":55,""t"":4831},{""x"":1512,""y"":337,""dx"":61,""dy"":56,""t"":4866},{""x"":1518,""y"":323,""dx"":67,""dy"":42,""t"":4899},{""x"":1521,""y"":325,""dx"":70,""dy"":44,""t"":4933},{""x"":1523,""y"":327,""dx"":72,""dy"":46,""t"":4966},{""x"":1528,""y"":322,""dx"":77,""dy"":41,""t"":5001},{""x"":1534,""y"":317,""dx"":83,""dy"":36,""t"":5036},{""x"":1533,""y"":321,""dx"":82,""dy"":40,""t"":5070},{""x"":1539,""y"":317,""dx"":88,""dy"":36,""t"":5104},{""x"":1547,""y"":324,""dx"":96,""dy"":43,""t"":5137},{""x"":1531,""y"":306,""dx"":80,""dy"":25,""t"":5172},{""x"":1544,""y"":284,""dx"":93,""dy"":3,""t"":5206},{""x"":1552,""y"":285,""dx"":101,""dy"":4,""t"":5239},{""x"":1548,""y"":297,""dx"":97,""dy"":16,""t"":5274},{""x"":1544,""y"":305,""dx"":93,""dy"":24,""t"":5307},{""x"":1552,""y"":312,""dx"":101,""dy"":31,""t"":5340},{""x"":1544,""y"":327,""dx"":93,""dy"":46,""t"":5376},{""x"":1545,""y"":313,""dx"":94,""dy"":32,""t"":5409},{""x"":1556,""y"":321,""dx"":105,""dy"":40,""t"":5443},{""x"":1557,""y"":321,""dx"":106,""dy"":40,""t"":5478},{""x"":1536,""y"":360,""dx"":85,""dy"":79,""t"":5512},{""x"":1532,""y"":344,""dx"":81,""dy"":63,""t"":5546},{""x"":1531,""y"":323,""dx"":80,""dy"":42,""t"":5580},{""x"":1531,""y"":314,""dx"":80,""dy"":33,""t"":5614},{""x"":1526,""y"":320,""dx"":75,""dy"":39,""t"":5648},{""x"":1535,""y"":327,""dx"":84,""dy"":46,""t"":5681},{""x"":1540,""y"":326,""dx"":89,""dy"":45,""t"":5716},{""x"":1541,""y"":335,""dx"":90,""dy"":54,""t"":5750},{""x"":1538,""y"":345,""dx"":87,""dy"":64,""t"":5784},{""x"":1549,""y"":346,""dx"":98,""dy"":65,""t"":5817},{""x"":1560,""y"":344,""dx"":109,""dy"":63,""t"":5852},{""x"":1546,""y"":337,""dx"":95,""dy"":56,""t"":5885},{""x"":1519,""y"":324,""dx"":68,""dy"":43,""t"":5920},{""x"":1497,""y"":317,""dx"":46,""dy"":36,""t"":5954},{""x"":1499,""y"":311,""dx"":48,""dy"":30,""t"":5988}],[{""x"":798,""y"":634,""dx"":-173,""dy"":83,""t"":7043},{""x"":809,""y"":663,""dx"":-162,""dy"":112,""t"":7076},{""x"":817,""y"":685,""dx"":-154,""dy"":134,""t"":7110},{""x"":813,""y"":667,""dx"":-158,""dy"":116,""t"":7144},{""x"":802,""y"":660,""dx"":-169,""dy"":109,""t"":7177},{""x"":845,""y"":613,""dx"":-126,""dy"":62,""t"":7212},{""x"":846,""y"":636,""dx"":-125,""dy"":85,""t"":7258},{""x"":884,""y"":627,""dx"":-87,""dy"":76,""t"":7297},{""x"":915,""y"":619,""dx"":-56,""dy"":68,""t"":7313},{""x"":897,""y"":633,""dx"":-74,""dy"":82,""t"":7347},{""x"":871,""y"":634,""dx"":-100,""dy"":83,""t"":7382},{""x"":907,""y"":626,""dx"":-64,""dy"":75,""t"":7416},{""x"":884,""y"":644,""dx"":-87,""dy"":93,""t"":7450},{""x"":922,""y"":634,""dx"":-49,""dy"":83,""t"":7484},{""x"":893,""y"":665,""dx"":-78,""dy"":114,""t"":7517},{""x"":864,""y"":689,""dx"":-107,""dy"":138,""t"":7552},{""x"":894,""y"":679,""dx"":-77,""dy"":128,""t"":7586},{""x"":889,""y"":695,""dx"":-82,""dy"":144,""t"":7620},{""x"":912,""y"":680,""dx"":-59,""dy"":129,""t"":7654},{""x"":942,""y"":666,""dx"":-29,""dy"":115,""t"":7687},{""x"":906,""y"":668,""dx"":-65,""dy"":117,""t"":7721},{""x"":934,""y"":646,""dx"":-37,""dy"":95,""t"":7755},{""x"":936,""y"":649,""dx"":-35,""dy"":98,""t"":7790},{""x"":926,""y"":646,""dx"":-45,""dy"":95,""t"":7824},{""x"":915,""y"":655,""dx"":-56,""dy"":104,""t"":7858},{""x"":930,""y"":635,""dx"":-41,""dy"":84,""t"":7892},{""x"":946,""y"":634,""dx"":-25,""dy"":83,""t"":7926},{""x"":957,""y"":601,""dx"":-14,""dy"":50,""t"":7959},{""x"":961,""y"":594,""dx"":-10,""dy"":43,""t"":7995},{""x"":963,""y"":599,""dx"":-8,""dy"":48,""t"":8027},{""x"":967,""y"":570,""dx"":-4,""dy"":19,""t"":8062},{""x"":974,""y"":572,""dx"":3,""dy"":21,""t"":8097},{""x"":980,""y"":574,""dx"":9,""dy"":23,""t"":8128},{""x"":974,""y"":595,""dx"":3,""dy"":44,""t"":8165},{""x"":931,""y"":606,""dx"":-40,""dy"":55,""t"":8198},{""x"":933,""y"":597,""dx"":-38,""dy"":46,""t"":8232},{""x"":949,""y"":596,""dx"":-22,""dy"":45,""t"":8267},{""x"":964,""y"":601,""dx"":-7,""dy"":50,""t"":8300},{""x"":965,""y"":593,""dx"":-6,""dy"":42,""t"":8334},{""x"":958,""y"":608,""dx"":-13,""dy"":57,""t"":8368},{""x"":970,""y"":602,""dx"":-1,""dy"":51,""t"":8402},{""x"":978,""y"":617,""dx"":7,""dy"":66,""t"":8436},{""x"":973,""y"":641,""dx"":2,""dy"":90,""t"":8470},{""x"":968,""y"":660,""dx"":-3,""dy"":109,""t"":8502},{""x"":920,""y"":696,""dx"":-51,""dy"":145,""t"":8538},{""x"":933,""y"":685,""dx"":-38,""dy"":134,""t"":8572},{""x"":888,""y"":699,""dx"":-83,""dy"":148,""t"":8606},{""x"":841,""y"":715,""dx"":-130,""dy"":164,""t"":8640},{""x"":837,""y"":699,""dx"":-134,""dy"":148,""t"":8674},{""x"":840,""y"":704,""dx"":-131,""dy"":153,""t"":8707},{""x"":833,""y"":678,""dx"":-138,""dy"":127,""t"":8742},{""x"":839,""y"":664,""dx"":-132,""dy"":113,""t"":8775},{""x"":850,""y"":659,""dx"":-121,""dy"":108,""t"":8809},{""x"":853,""y"":651,""dx"":-118,""dy"":100,""t"":8843},{""x"":876,""y"":643,""dx"":-95,""dy"":92,""t"":8878},{""x"":892,""y"":643,""dx"":-79,""dy"":92,""t"":8911},{""x"":903,""y"":633,""dx"":-68,""dy"":82,""t"":8947},{""x"":924,""y"":625,""dx"":-47,""dy"":74,""t"":8979},{""x"":925,""y"":609,""dx"":-46,""dy"":58,""t"":9015}],[{""x"":464,""y"":789,""dx"":-27,""dy"":-32,""t"":10034},{""x"":452,""y"":792,""dx"":-39,""dy"":-29,""t"":10068},{""x"":443,""y"":795,""dx"":-48,""dy"":-26,""t"":10100},{""x"":428,""y"":757,""dx"":-63,""dy"":-64,""t"":10135},{""x"":430,""y"":768,""dx"":-61,""dy"":-53,""t"":10171},{""x"":441,""y"":802,""dx"":-50,""dy"":-19,""t"":10204},{""x"":435,""y"":811,""dx"":-56,""dy"":-10,""t"":10237},{""x"":437,""y"":805,""dx"":-54,""dy"":-16,""t"":10272},{""x"":429,""y"":789,""dx"":-62,""dy"":-32,""t"":10305},{""x"":432,""y"":796,""dx"":-59,""dy"":-25,""t"":10340},{""x"":430,""y"":781,""dx"":-61,""dy"":-40,""t"":10373},{""x"":446,""y"":781,""dx"":-45,""dy"":-40,""t"":10408},{""x"":440,""y"":754,""dx"":-51,""dy"":-67,""t"":10442},{""x"":434,""y"":726,""dx"":-57,""dy"":-95,""t"":10475},{""x"":429,""y"":703,""dx"":-62,""dy"":-118,""t"":10508},{""x"":444,""y"":724,""dx"":-47,""dy"":-97,""t"":10544},{""x"":446,""y"":717,""dx"":-45,""dy"":-104,""t"":10578},{""x"":449,""y"":733,""dx"":-42,""dy"":-88,""t"":10613},{""x"":454,""y"":733,""dx"":-37,""dy"":-88,""t"":10646},{""x"":471,""y"":755,""dx"":-20,""dy"":-66,""t"":10679},{""x"":457,""y"":757,""dx"":-34,""dy"":-64,""t"":10713},{""x"":445,""y"":757,""dx"":-46,""dy"":-64,""t"":10748},{""x"":434,""y"":774,""dx"":-57,""dy"":-47,""t"":10781},{""x"":433,""y"":769,""dx"":-58,""dy"":-52,""t"":10815},{""x"":428,""y"":774,""dx"":-63,""dy"":-47,""t"":10850},{""x"":444,""y"":766,""dx"":-47,""dy"":-55,""t"":10884},{""x"":462,""y"":795,""dx"":-29,""dy"":-26,""t"":10918},{""x"":459,""y"":802,""dx"":-32,""dy"":-19,""t"":10952},{""x"":459,""y"":800,""dx"":-32,""dy"":-21,""t"":10986},{""x"":448,""y"":781,""dx"":-43,""dy"":-40,""t"":11020},{""x"":452,""y"":788,""dx"":-39,""dy"":-33,""t"":11054},{""x"":463,""y"":785,""dx"":-28,""dy"":-36,""t"":11088},{""x"":476,""y"":793,""dx"":-15,""dy"":-28,""t"":11122},{""x"":490,""y"":797,""dx"":-1,""dy"":-24,""t"":11156},{""x"":486,""y"":787,""dx"":-5,""dy"":-34,""t"":11191},{""x"":481,""y"":780,""dx"":-10,""dy"":-41,""t"":11225},{""x"":481,""y"":751,""dx"":-10,""dy"":-70,""t"":11258},{""x"":484,""y"":756,""dx"":-7,""dy"":-65,""t"":11292},{""x"":495,""y"":773,""dx"":4,""dy"":-48,""t"":11326},{""x"":500,""y"":779,""dx"":9,""dy"":-42,""t"":11360},{""x"":501,""y"":781,""dx"":10,""dy"":-40,""t"":11393},{""x"":493,""y"":799,""dx"":2,""dy"":-22,""t"":11427},{""x"":482,""y"":793,""dx"":-9,""dy"":-28,""t"":11462},{""x"":482,""y"":800,""dx"":-9,""dy"":-21,""t"":11496},{""x"":484,""y"":798,""dx"":-7,""dy"":-23,""t"":11530},{""x"":476,""y"":776,""dx"":-15,""dy"":-45,""t"":11564},{""x"":481,""y"":802,""dx"":-10,""dy"":-19,""t"":11598},{""x"":482,""y"":805,""dx"":-9,""dy"":-16,""t"":11632},{""x"":503,""y"":798,""dx"":12,""dy"":-23,""t"":11666},{""x"":520,""y"":793,""dx"":29,""dy"":-28,""t"":11698},{""x"":519,""y"":787,""dx"":28,""dy"":-34,""t"":11735},{""x"":504,""y"":786,""dx"":13,""dy"":-35,""t"":11768},{""x"":490,""y"":789,""dx"":-1,""dy"":-32,""t"":11802},{""x"":487,""y"":800,""dx"":-4,""dy"":-21,""t"":11836},{""x"":487,""y"":791,""dx"":-4,""dy"":-30,""t"":11869},{""x"":481,""y"":794,""dx"":-10,""dy"":-27,""t"":11904},{""x"":460,""y"":828,""dx"":-31,""dy"":7,""t"":11938},{""x"":448,""y"":860,""dx"":-43,""dy"":39,""t"":11972},{""x"":446,""y"":886,""dx"":-45,""dy"":65,""t"":12005},{""x"":437,""y"":869,""dx"":-54,""dy"":48,""t"":12041}],[{""x"":1408,""y"":760,""dx"":-43,""dy"":-61,""t"":13060},{""x"":1384,""y"":760,""dx"":-67,""dy"":-61,""t"":13093},{""x"":1364,""y"":771,""dx"":-87,""dy"":-50,""t"":13128},{""x"":1353,""y"":768,""dx"":-98,""dy"":-53,""t"":13162},{""x"":1333,""y"":781,""dx"":-118,""dy"":-40,""t"":13196},{""x"":1326,""y"":787,""dx"":-125,""dy"":-34,""t"":13230},{""x"":1312,""y"":749,""dx"":-139,""dy"":-72,""t"":13264},{""x"":1298,""y"":767,""dx"":-153,""dy"":-54,""t"":13298},{""x"":1298,""y"":795,""dx"":-153,""dy"":-26,""t"":13332},{""x"":1281,""y"":797,""dx"":-170,""dy"":-24,""t"":13367},{""x"":1280,""y"":815,""dx"":-171,""dy"":-6,""t"":13400},{""x"":1284,""y"":814,""dx"":-167,""dy"":-7,""t"":13433},{""x"":1299,""y"":839,""dx"":-152,""dy"":18,""t"":13468},{""x"":1306,""y"":846,""dx"":-145,""dy"":25,""t"":13501},{""x"":1315,""y"":869,""dx"":-136,""dy"":48,""t"":13536},{""x"":1314,""y"":863,""dx"":-137,""dy"":42,""t"":13569},{""x"":1326,""y"":855,""dx"":-125,""dy"":34,""t"":13604},{""x"":1305,""y"":840,""dx"":-146,""dy"":19,""t"":13638},{""x"":1287,""y"":826,""dx"":-164,""dy"":5,""t"":13669},{""x"":1295,""y"":810,""dx"":-156,""dy"":-11,""t"":13706},{""x"":1295,""y"":822,""dx"":-156,""dy"":1,""t"":13739},{""x"":1303,""y"":827,""dx"":-148,""dy"":6,""t"":13774},{""x"":1305,""y"":840,""dx"":-146,""dy"":19,""t"":13807},{""x"":1303,""y"":794,""dx"":-148,""dy"":-27,""t"":13842},{""x"":1307,""y"":800,""dx"":-144,""dy"":-21,""t"":13876},{""x"":1305,""y"":803,""dx"":-146,""dy"":-18,""t"":13910},{""x"":1311,""y"":805,""dx"":-140,""dy"":-16,""t"":13944},{""x"":1307,""y"":810,""dx"":-144,""dy"":-11,""t"":13978},{""x"":1306,""y"":831,""dx"":-145,""dy"":10,""t"":14011},{""x"":1315,""y"":817,""dx"":-136,""dy"":-4,""t"":14046},{""x"":1308,""y"":810,""dx"":-143,""dy"":-11,""t"":14081},{""x"":1313,""y"":806,""dx"":-138,""dy"":-15,""t"":14114},{""x"":1314,""y"":822,""dx"":-137,""dy"":1,""t"":14147},{""x"":1319,""y"":839,""dx"":-132,""dy"":18,""t"":14182},{""x"":1313,""y"":840,""dx"":-138,""dy"":19,""t"":14215},{""x"":1319,""y"":825,""dx"":-132,""dy"":4,""t"":14250},{""x"":1304,""y"":798,""dx"":-147,""dy"":-23,""t"":14286},{""x"":1305,""y"":768,""dx"":-146,""dy"":-53,""t"":14317},{""x"":1300,""y"":783,""dx"":-151,""dy"":-38,""t"":14351},{""x"":1300,""y"":789,""dx"":-151,""dy"":-32,""t"":14386},{""x"":1308,""y"":788,""dx"":-143,""dy"":-33,""t"":14420},{""x"":1308,""y"":760,""dx"":-143,""dy"":-61,""t"":14453},{""x"":1311,""y"":793,""dx"":-140,""dy"":-28,""t"":14489},{""x"":1310,""y"":825,""dx"":-141,""dy"":4,""t"":14521},{""x"":1307,""y"":844,""dx"":-144,""dy"":23,""t"":14555},{""x"":1289,""y"":800,""dx"":-162,""dy"":-21,""t"":14590},{""x"":1283,""y"":822,""dx"":-168,""dy"":1,""t"":14624},{""x"":1302,""y"":854,""dx"":-149,""dy"":33,""t"":14658},{""x"":1300,""y"":871,""dx"":-151,""dy"":50,""t"":14692},{""x"":1306,""y"":879,""dx"":-145,""dy"":58,""t"":14726},{""x"":1304,""y"":907,""dx"":-147,""dy"":86,""t"":14760},{""x"":1309,""y"":870,""dx"":-142,""dy"":49,""t"":14794},{""x"":1286,""y"":798,""dx"":-165,""dy"":-23,""t"":14828},{""x"":1274,""y"":850,""dx"":-177,""dy"":29,""t"":14862},{""x"":1290,""y"":760,""dx"":-161,""dy"":-61,""t"":14896},{""x"":1283,""y"":814,""dx"":-168,""dy"":-7,""t"":14930},{""x"":1287,""y"":732,""dx"":-164,""dy"":-89,""t"":14963},{""x"":1284,""y"":679,""dx"":-167,""dy"":-142,""t"":14998},{""x"":1325,""y"":747,""dx"":-126,""dy"":-74,""t"":15032}]]","[98.33333333333333,100,93.22033898305084,100,98.30508474576271]","[{""x"":91.3,""y"":-4.4,""r"":67.7169625570513},{""x"":74.98305084745763,""y"":57.23728813559322,""r"":31.60008018200802},{""x"":-65.64406779661017,""y"":89.86440677966101,""r"":58.25099974729959},{""x"":-28.1,""y"":-37.5,""r"":48.476479687190775},{""x"":-142.76271186440678,""y"":-11.94915254237288,""r"":29.784102964976555}]","[[25,25],[75,25],[50,50],[25,75],[75,75]]","29.41","validate","","","","","","","","","",""
"","html-keyboard-response","9","53143","0.0-5.0-0.0","","","","","3607"," ","","","<p>回忆实验：试验都以 500 毫秒的固定时间开始，然后会有一个 500 毫秒的fixation，接下来是 2500 毫秒的样本展示，1000毫秒的空白间隔后，会有一个目标刺激的提示。</p> <p>要求：记忆所呈现刺激物的位置，根据提示选择对应刺激的位置，根据数字键盘的 "" 4 "" ,"" 8 "","" 6 "","" 2 "" 进行选择响应,如果不记得或者不存在选择""5""。</p><p>按"" ""键继续。</p>","","","","","","","","","","","","","","","",""
"","html-keyboard-response","10","55622","0.0-5.0-1.0","","","","","1979"," ","","","<p>本次试验包含2个刺激物。根据数字键盘的 "" 4 "","" 6 ""进行选择响应,如果不记得或者不存在选择""5""。</p> <p>按"" ""键继续，实验开始。</p>","","","","","","","","","","","","","","","",""
"","html-keyboard-response","11","56879","0.0-5.0-2.0","","","","","756"," ","","","<p>要求：记忆项目的颜色。</p><p>按"" ""键继续，实验开始。</p>","","","","","","","","","","","","","","","",""
"","canvas-keyboard-response","12","57885","0.0-5.0-3.0-0.0","","","","","null","null","","","","","","","","","recall","[""6"",""4"",""4"",""5"",""6"",""4"",""5"",""6"",""5"",""5"",""6"",""6"",""6"",""4"",""4"",""4"",""5"",""5""]","1500","2","","","","","","",""
"","canvas-keyboard-response","13","59892","0.0-5.0-3.0-1.0","","","","","null","null","","","[""circle"",""circle""]","","","","","","","","","2","","[{""x"":990,""y"":682,""t"":3},{""x"":1000,""y"":718,""t"":38},{""x"":942,""y"":738,""t"":72},{""x"":919,""y"":729,""t"":106},{""x"":907,""y"":781,""t"":139},{""x"":862,""y"":875,""t"":174},{""x"":860,""y"":843,""t"":207},{""x"":882,""y"":796,""t"":241},{""x"":854,""y"":767,""t"":275},{""x"":822,""y"":719,""t"":310},{""x"":811,""y"":709,""t"":344},{""x"":797,""y"":726,""t"":378},{""x"":787,""y"":741,""t"":409},{""x"":785,""y"":731,""t"":446},{""x"":798,""y"":753,""t"":480},{""x"":794,""y"":708,""t"":514},{""x"":767,""y"":701,""t"":547},{""x"":758,""y"":658,""t"":582},{""x"":765,""y"":676,""t"":615},{""x"":772,""y"":724,""t"":650},{""x"":784,""y"":823,""t"":684},{""x"":772,""y"":929,""t"":718},{""x"":761,""y"":1046,""t"":751},{""x"":741,""y"":989,""t"":786},{""x"":690,""y"":888,""t"":820},{""x"":671,""y"":868,""t"":854},{""x"":643,""y"":896,""t"":888},{""x"":643,""y"":925,""t"":922},{""x"":648,""y"":942,""t"":956},{""x"":654,""y"":987,""t"":990},{""x"":641,""y"":933,""t"":1023},{""x"":634,""y"":923,""t"":1057},{""x"":649,""y"":942,""t"":1092},{""x"":677,""y"":949,""t"":1127},{""x"":790,""y"":936,""t"":1160},{""x"":929,""y"":921,""t"":1193},{""x"":1028,""y"":886,""t"":1227},{""x"":1092,""y"":852,""t"":1262},{""x"":1154,""y"":791,""t"":1296},{""x"":1183,""y"":749,""t"":1329},{""x"":1198,""y"":710,""t"":1364},{""x"":1212,""y"":668,""t"":1398},{""x"":1151,""y"":708,""t"":1432},{""x"":1078,""y"":768,""t"":1466},{""x"":1008,""y"":835,""t"":1499},{""x"":952,""y"":907,""t"":1533},{""x"":905,""y"":968,""t"":1566},{""x"":865,""y"":1017,""t"":1602},{""x"":858,""y"":941,""t"":1635},{""x"":854,""y"":952,""t"":1670},{""x"":841,""y"":998,""t"":1703},{""x"":820,""y"":933,""t"":1738},{""x"":785,""y"":863,""t"":1771},{""x"":778,""y"":965,""t"":1805},{""x"":828,""y"":1010,""t"":1840},{""x"":799,""y"":1049,""t"":1873},{""x"":860,""y"":1088,""t"":1908},{""x"":945,""y"":990,""t"":1941},{""x"":1016,""y"":904,""t"":1973}]","{""#container"":{""x"":410,""y"":54.390625,""width"":1100,""height"":1000,""top"":54.390625,""right"":1510,""bottom"":1054.390625,""left"":410}}","[{""x"":250,""y"":500,""width"":80,""height"":80,""top"":460,""right"":290,""bottom"":540,""left"":210},{""x"":850,""y"":500,""width"":80,""height"":80,""top"":460,""right"":890,""bottom"":540,""left"":810}]","","",""
"","canvas-keyboard-response","14","62030","0.0-5.0-3.0-2.0","","","","","633","6","","","","","","","","","","","","","","","","","true","green","6"
"","canvas-keyboard-response","15","63036","0.0-5.0-3.0-0.1","","","","","null","null","","","","","","","","","recall","[""6"",""4"",""4"",""5"",""6"",""4"",""5"",""6"",""5"",""5"",""6"",""6"",""6"",""4"",""4"",""4"",""5"",""5""]","1500","2","1","","","","","",""
"","canvas-keyboard-response","16","65047","0.0-5.0-3.0-1.1","","","","","null","null","","","[""circle"",""circle""]","","","","","","","","","2","","[{""x"":985,""y"":883,""t"":3},{""x"":972,""y"":849,""t"":38},{""x"":966,""y"":763,""t"":72},{""x"":943,""y"":759,""t"":105},{""x"":933,""y"":815,""t"":140},{""x"":903,""y"":837,""t"":173},{""x"":902,""y"":856,""t"":208},{""x"":902,""y"":890,""t"":242},{""x"":877,""y"":895,""t"":277},{""x"":871,""y"":892,""t"":310},{""x"":823,""y"":888,""t"":344},{""x"":778,""y"":926,""t"":378},{""x"":757,""y"":934,""t"":412},{""x"":727,""y"":977,""t"":446},{""x"":729,""y"":1044,""t"":479},{""x"":693,""y"":1030,""t"":514},{""x"":678,""y"":989,""t"":548},{""x"":687,""y"":979,""t"":581},{""x"":680,""y"":974,""t"":616},{""x"":702,""y"":1009,""t"":650},{""x"":692,""y"":1016,""t"":684},{""x"":727,""y"":1070,""t"":718},{""x"":760,""y"":1084,""t"":752},{""x"":750,""y"":1060,""t"":784},{""x"":770,""y"":1093,""t"":819},{""x"":780,""y"":1102,""t"":854},{""x"":759,""y"":1070,""t"":887},{""x"":763,""y"":1069,""t"":922},{""x"":758,""y"":1051,""t"":955},{""x"":737,""y"":1035,""t"":991},{""x"":726,""y"":967,""t"":1024},{""x"":720,""y"":982,""t"":1059},{""x"":713,""y"":963,""t"":1092},{""x"":689,""y"":941,""t"":1126},{""x"":720,""y"":911,""t"":1161},{""x"":859,""y"":807,""t"":1195},{""x"":975,""y"":831,""t"":1229},{""x"":1050,""y"":719,""t"":1261},{""x"":1116,""y"":742,""t"":1297},{""x"":1174,""y"":766,""t"":1330},{""x"":1232,""y"":785,""t"":1364},{""x"":1263,""y"":810,""t"":1399},{""x"":1241,""y"":806,""t"":1432},{""x"":1147,""y"":803,""t"":1466},{""x"":1080,""y"":810,""t"":1500},{""x"":1032,""y"":829,""t"":1534},{""x"":990,""y"":833,""t"":1578},{""x"":961,""y"":846,""t"":1601},{""x"":920,""y"":874,""t"":1636},{""x"":903,""y"":907,""t"":1670},{""x"":885,""y"":902,""t"":1704},{""x"":864,""y"":897,""t"":1738},{""x"":901,""y"":867,""t"":1772},{""x"":887,""y"":865,""t"":1806},{""x"":880,""y"":896,""t"":1840},{""x"":913,""y"":866,""t"":1874},{""x"":929,""y"":859,""t"":1908},{""x"":937,""y"":827,""t"":1941},{""x"":888,""y"":828,""t"":1975}]","{""#container"":{""x"":410,""y"":54.390625,""width"":1100,""height"":1000,""top"":54.390625,""right"":1510,""bottom"":1054.390625,""left"":410}}","[{""x"":250,""y"":500,""width"":80,""height"":80,""top"":460,""right"":290,""bottom"":540,""left"":210},{""x"":850,""y"":500,""width"":80,""height"":80,""top"":460,""right"":890,""bottom"":540,""left"":810}]","","",""
"","canvas-keyboard-response","17","67063","0.0-5.0-3.0-2.1","","","","","511","4","","","","","","","","","","","","","","","","","true","blue","4"
"","canvas-keyboard-response","18","68079","0.0-5.0-3.0-0.2","","","","","null","null","","","","","","","","","recall","[""6"",""4"",""4"",""5"",""6"",""4"",""5"",""6"",""5"",""5"",""6"",""6"",""6"",""4"",""4"",""4"",""5"",""5""]","1500","2","1","","","","","",""
"","canvas-keyboard-response","19","70084","0.0-5.0-3.0-1.2","","","","","null","null","","","[""circle"",""circle""]","","","","","","","","","2","","[{""x"":888,""y"":727,""t"":3},{""x"":899,""y"":662,""t"":38},{""x"":911,""y"":636,""t"":72},{""x"":915,""y"":628,""t"":105},{""x"":957,""y"":622,""t"":140},{""x"":942,""y"":646,""t"":173},{""x"":923,""y"":677,""t"":208},{""x"":905,""y"":703,""t"":241},{""x"":913,""y"":744,""t"":276},{""x"":906,""y"":769,""t"":310},{""x"":868,""y"":757,""t"":344},{""x"":812,""y"":800,""t"":378},{""x"":749,""y"":784,""t"":411},{""x"":707,""y"":770,""t"":446},{""x"":652,""y"":773,""t"":480},{""x"":648,""y"":791,""t"":512},{""x"":644,""y"":750,""t"":549},{""x"":610,""y"":726,""t"":584},{""x"":604,""y"":706,""t"":616},{""x"":582,""y"":703,""t"":649},{""x"":588,""y"":708,""t"":683},{""x"":592,""y"":703,""t"":718},{""x"":599,""y"":720,""t"":752},{""x"":608,""y"":724,""t"":786},{""x"":596,""y"":780,""t"":821},{""x"":564,""y"":730,""t"":854},{""x"":570,""y"":751,""t"":888},{""x"":560,""y"":766,""t"":919},{""x"":565,""y"":732,""t"":955},{""x"":663,""y"":753,""t"":990},{""x"":810,""y"":742,""t"":1024},{""x"":920,""y"":729,""t"":1057},{""x"":1019,""y"":707,""t"":1092},{""x"":1094,""y"":666,""t"":1126},{""x"":1125,""y"":670,""t"":1159},{""x"":1178,""y"":645,""t"":1194},{""x"":1203,""y"":626,""t"":1227},{""x"":1217,""y"":654,""t"":1262},{""x"":1221,""y"":623,""t"":1296},{""x"":1246,""y"":659,""t"":1330},{""x"":1201,""y"":676,""t"":1364},{""x"":1084,""y"":659,""t"":1397},{""x"":981,""y"":695,""t"":1432},{""x"":890,""y"":733,""t"":1465},{""x"":820,""y"":685,""t"":1501},{""x"":743,""y"":656,""t"":1534},{""x"":697,""y"":660,""t"":1568},{""x"":759,""y"":681,""t"":1612},{""x"":817,""y"":700,""t"":1633},{""x"":887,""y"":679,""t"":1670},{""x"":937,""y"":700,""t"":1704},{""x"":982,""y"":672,""t"":1738},{""x"":1044,""y"":674,""t"":1772},{""x"":1055,""y"":664,""t"":1807},{""x"":1100,""y"":650,""t"":1840},{""x"":1118,""y"":640,""t"":1874},{""x"":1120,""y"":643,""t"":1909},{""x"":1160,""y"":616,""t"":1942},{""x"":1168,""y"":563,""t"":1976}]","{""#container"":{""x"":410,""y"":54.390625,""width"":1100,""height"":1000,""top"":54.390625,""right"":1510,""bottom"":1054.390625,""left"":410}}","[{""x"":250,""y"":500,""width"":80,""height"":80,""top"":460,""right"":290,""bottom"":540,""left"":210},{""x"":850,""y"":500,""width"":80,""height"":80,""top"":460,""right"":890,""bottom"":540,""left"":810}]","","",""
"","canvas-keyboard-response","20","72080","0.0-5.0-3.0-2.2","","","","","491","4","","","","","","","","","","","","","","","","","true","green","4"
"","canvas-keyboard-response","21","73087","0.0-5.0-3.0-0.3","","","","","null","null","","","","","","","","","recall","[""6"",""4"",""4"",""5"",""6"",""4"",""5"",""6"",""5"",""5"",""6"",""6"",""6"",""4"",""4"",""4"",""5"",""5""]","1500","2","1","","","","","",""
"","canvas-keyboard-response","22","75093","0.0-5.0-3.0-1.3","","","","","null","null","","","[""circle"",""circle""]","","","","","","","","","2","","[{""x"":1088,""y"":656,""t"":3},{""x"":1034,""y"":751,""t"":38},{""x"":971,""y"":854,""t"":72},{""x"":936,""y"":846,""t"":106},{""x"":891,""y"":812,""t"":139},{""x"":844,""y"":721,""t"":174},{""x"":799,""y"":789,""t"":208},{""x"":795,""y"":887,""t"":240},{""x"":798,""y"":931,""t"":276},{""x"":788,""y"":963,""t"":310},{""x"":794,""y"":910,""t"":344},{""x"":810,""y"":943,""t"":378},{""x"":761,""y"":931,""t"":411},{""x"":718,""y"":888,""t"":445},{""x"":675,""y"":861,""t"":480},{""x"":655,""y"":838,""t"":514},{""x"":622,""y"":808,""t"":548},{""x"":586,""y"":774,""t"":582},{""x"":558,""y"":745,""t"":614},{""x"":568,""y"":828,""t"":651},{""x"":572,""y"":888,""t"":683},{""x"":595,""y"":962,""t"":718},{""x"":577,""y"":1010,""t"":752},{""x"":571,""y"":943,""t"":787},{""x"":581,""y"":966,""t"":820},{""x"":575,""y"":849,""t"":854},{""x"":583,""y"":841,""t"":887},{""x"":564,""y"":780,""t"":922},{""x"":580,""y"":769,""t"":955},{""x"":587,""y"":771,""t"":990},{""x"":583,""y"":734,""t"":1024},{""x"":583,""y"":730,""t"":1058},{""x"":578,""y"":651,""t"":1091},{""x"":583,""y"":651,""t"":1126},{""x"":628,""y"":601,""t"":1160},{""x"":767,""y"":615,""t"":1193},{""x"":888,""y"":605,""t"":1228},{""x"":989,""y"":568,""t"":1263},{""x"":1066,""y"":662,""t"":1296},{""x"":1128,""y"":754,""t"":1330},{""x"":1156,""y"":714,""t"":1364},{""x"":1184,""y"":692,""t"":1398},{""x"":1199,""y"":628,""t"":1432},{""x"":1242,""y"":633,""t"":1465},{""x"":1256,""y"":728,""t"":1500},{""x"":1242,""y"":680,""t"":1534},{""x"":1224,""y"":672,""t"":1568},{""x"":1218,""y"":757,""t"":1601},{""x"":1214,""y"":725,""t"":1636},{""x"":1209,""y"":688,""t"":1670},{""x"":1224,""y"":659,""t"":1703},{""x"":1135,""y"":667,""t"":1738},{""x"":1011,""y"":663,""t"":1771},{""x"":889,""y"":647,""t"":1804},{""x"":791,""y"":610,""t"":1841},{""x"":700,""y"":575,""t"":1873},{""x"":636,""y"":588,""t"":1908},{""x"":591,""y"":627,""t"":1942},{""x"":557,""y"":652,""t"":1976}]","{""#container"":{""x"":410,""y"":54.390625,""width"":1100,""height"":1000,""top"":54.390625,""right"":1510,""bottom"":1054.390625,""left"":410}}","[{""x"":250,""y"":500,""width"":80,""height"":80,""top"":460,""right"":290,""bottom"":540,""left"":210},{""x"":850,""y"":500,""width"":80,""height"":80,""top"":460,""right"":890,""bottom"":540,""left"":810}]","","",""
"","canvas-keyboard-response","23","77231","0.0-5.0-3.0-2.3","","","","","632","5","","","","","","","","","","","","","","","","","true","green","5"
"","canvas-keyboard-response","24","78237","0.0-5.0-3.0-0.4","","","","","null","null","","","","","","","","","recall","[""6"",""4"",""4"",""5"",""6"",""4"",""5"",""6"",""5"",""5"",""6"",""6"",""6"",""4"",""4"",""4"",""5"",""5""]","1500","2","1","","","","","",""
"","canvas-keyboard-response","25","80242","0.0-5.0-3.0-1.4","","","","","null","null","","","[""circle"",""circle""]","","","","","","","","","2","","[{""x"":623,""y"":586,""t"":3},{""x"":691,""y"":633,""t"":37},{""x"":755,""y"":702,""t"":72},{""x"":803,""y"":772,""t"":106},{""x"":862,""y"":833,""t"":139},{""x"":911,""y"":913,""t"":174},{""x"":941,""y"":968,""t"":208},{""x"":964,""y"":1022,""t"":241},{""x"":984,""y"":1075,""t"":276},{""x"":1006,""y"":1066,""t"":309},{""x"":1008,""y"":1102,""t"":343},{""x"":1019,""y"":1109,""t"":378},{""x"":1035,""y"":998,""t"":412},{""x"":1023,""y"":883,""t"":445},{""x"":1000,""y"":767,""t"":480},{""x"":1015,""y"":677,""t"":514},{""x"":1011,""y"":615,""t"":548},{""x"":1009,""y"":510,""t"":582},{""x"":966,""y"":509,""t"":616},{""x"":965,""y"":516,""t"":651},{""x"":917,""y"":513,""t"":684},{""x"":889,""y"":575,""t"":718},{""x"":842,""y"":615,""t"":752},{""x"":826,""y"":685,""t"":786},{""x"":799,""y"":676,""t"":829},{""x"":746,""y"":656,""t"":852},{""x"":737,""y"":654,""t"":888},{""x"":710,""y"":690,""t"":921},{""x"":681,""y"":687,""t"":956},{""x"":661,""y"":710,""t"":990},{""x"":662,""y"":814,""t"":1024},{""x"":636,""y"":784,""t"":1058},{""x"":638,""y"":744,""t"":1092},{""x"":647,""y"":733,""t"":1125},{""x"":712,""y"":758,""t"":1159},{""x"":755,""y"":698,""t"":1193},{""x"":761,""y"":655,""t"":1228},{""x"":826,""y"":624,""t"":1261},{""x"":871,""y"":652,""t"":1296},{""x"":879,""y"":714,""t"":1330},{""x"":914,""y"":704,""t"":1363},{""x"":923,""y"":783,""t"":1398},{""x"":921,""y"":741,""t"":1430},{""x"":914,""y"":679,""t"":1465},{""x"":928,""y"":692,""t"":1500},{""x"":979,""y"":749,""t"":1533},{""x"":992,""y"":797,""t"":1568},{""x"":954,""y"":764,""t"":1602},{""x"":953,""y"":734,""t"":1636},{""x"":955,""y"":699,""t"":1670},{""x"":972,""y"":756,""t"":1704},{""x"":1004,""y"":824,""t"":1738},{""x"":1028,""y"":868,""t"":1771},{""x"":1035,""y"":890,""t"":1805},{""x"":1060,""y"":921,""t"":1839},{""x"":1073,""y"":951,""t"":1874},{""x"":1074,""y"":905,""t"":1908},{""x"":1100,""y"":878,""t"":1943},{""x"":1100,""y"":919,""t"":1976}]","{""#container"":{""x"":410,""y"":54.390625,""width"":1100,""height"":1000,""top"":54.390625,""right"":1510,""bottom"":1054.390625,""left"":410}}","[{""x"":250,""y"":500,""width"":80,""height"":80,""top"":460,""right"":290,""bottom"":540,""left"":210},{""x"":850,""y"":500,""width"":80,""height"":80,""top"":460,""right"":890,""bottom"":540,""left"":810}]","","",""
"","canvas-keyboard-response","26","82279","0.0-5.0-3.0-2.4","","","","","531","6","","","","","","","","","","","","","","","","","true","red","6"
"","canvas-keyboard-response","27","83286","0.0-5.0-3.0-0.5","","","","","null","null","","","","","","","","","recall","[""6"",""4"",""4"",""5"",""6"",""4"",""5"",""6"",""5"",""5"",""6"",""6"",""6"",""4"",""4"",""4"",""5"",""5""]","1500","2","1","","","","","",""
"","canvas-keyboard-response","28","85292","0.0-5.0-3.0-1.5","","","","","null","null","","","[""circle"",""circle""]","","","","","","","","","2","","[{""x"":1022,""y"":802,""t"":3},{""x"":1012,""y"":670,""t"":38},{""x"":990,""y"":607,""t"":72},{""x"":991,""y"":534,""t"":106},{""x"":995,""y"":495,""t"":140},{""x"":988,""y"":494,""t"":174},{""x"":990,""y"":408,""t"":208},{""x"":940,""y"":422,""t"":242},{""x"":913,""y"":413,""t"":275},{""x"":871,""y"":454,""t"":310},{""x"":863,""y"":383,""t"":342},{""x"":839,""y"":435,""t"":378},{""x"":854,""y"":362,""t"":411},{""x"":853,""y"":447,""t"":447},{""x"":826,""y"":457,""t"":479},{""x"":761,""y"":516,""t"":513},{""x"":702,""y"":538,""t"":548},{""x"":699,""y"":512,""t"":582},{""x"":660,""y"":508,""t"":616},{""x"":653,""y"":477,""t"":650},{""x"":655,""y"":488,""t"":684},{""x"":670,""y"":480,""t"":719},{""x"":644,""y"":505,""t"":750},{""x"":617,""y"":534,""t"":786},{""x"":598,""y"":597,""t"":819},{""x"":690,""y"":818,""t"":854},{""x"":735,""y"":1025,""t"":889},{""x"":788,""y"":1156,""t"":923},{""x"":852,""y"":1217,""t"":956},{""x"":889,""y"":1201,""t"":990},{""x"":897,""y"":1144,""t"":1025},{""x"":902,""y"":1140,""t"":1058},{""x"":920,""y"":1122,""t"":1098},{""x"":990,""y"":1118,""t"":1130},{""x"":1026,""y"":1177,""t"":1160},{""x"":1011,""y"":1312,""t"":1194},{""x"":1010,""y"":1420,""t"":1228},{""x"":1001,""y"":1454,""t"":1261},{""x"":975,""y"":1449,""t"":1296},{""x"":922,""y"":1412,""t"":1330},{""x"":875,""y"":1291,""t"":1363},{""x"":852,""y"":1121,""t"":1397},{""x"":839,""y"":1079,""t"":1432},{""x"":772,""y"":989,""t"":1465},{""x"":729,""y"":894,""t"":1500},{""x"":684,""y"":808,""t"":1535},{""x"":643,""y"":732,""t"":1569},{""x"":639,""y"":684,""t"":1602},{""x"":647,""y"":588,""t"":1635},{""x"":603,""y"":584,""t"":1670},{""x"":591,""y"":582,""t"":1704},{""x"":582,""y"":553,""t"":1738},{""x"":573,""y"":566,""t"":1771},{""x"":568,""y"":581,""t"":1805},{""x"":569,""y"":559,""t"":1841},{""x"":583,""y"":554,""t"":1874},{""x"":684,""y"":552,""t"":1907},{""x"":796,""y"":544,""t"":1942},{""x"":859,""y"":548,""t"":1975}]","{""#container"":{""x"":410,""y"":54.390625,""width"":1100,""height"":1000,""top"":54.390625,""right"":1510,""bottom"":1054.390625,""left"":410}}","[{""x"":250,""y"":500,""width"":80,""height"":80,""top"":460,""right"":290,""bottom"":540,""left"":210},{""x"":850,""y"":500,""width"":80,""height"":80,""top"":460,""right"":890,""bottom"":540,""left"":810}]","","",""
"","canvas-keyboard-response","29","87415","0.0-5.0-3.0-2.5","","","","","618","4","","","","","","","","","","","","","","","","","true","red","4"
"","canvas-keyboard-response","30","88422","0.0-5.0-3.0-0.6","","","","","null","null","","","","","","","","","recall","[""6"",""4"",""4"",""5"",""6"",""4"",""5"",""6"",""5"",""5"",""6"",""6"",""6"",""4"",""4"",""4"",""5"",""5""]","1500","2","1","","","","","",""
"","canvas-keyboard-response","31","90428","0.0-5.0-3.0-1.6","","","","","null","null","","","[""circle"",""circle""]","","","","","","","","","2","","[{""x"":866,""y"":544,""t"":3},{""x"":890,""y"":524,""t"":38},{""x"":870,""y"":530,""t"":72},{""x"":881,""y"":545,""t"":106},{""x"":942,""y"":534,""t"":140},{""x"":981,""y"":510,""t"":174},{""x"":1002,""y"":479,""t"":208},{""x"":987,""y"":494,""t"":242},{""x"":964,""y"":489,""t"":275},{""x"":976,""y"":515,""t"":311},{""x"":985,""y"":506,""t"":341},{""x"":917,""y"":534,""t"":378},{""x"":828,""y"":564,""t"":412},{""x"":746,""y"":593,""t"":446},{""x"":690,""y"":590,""t"":479},{""x"":624,""y"":592,""t"":515},{""x"":596,""y"":605,""t"":548},{""x"":561,""y"":621,""t"":582},{""x"":543,""y"":606,""t"":615},{""x"":544,""y"":619,""t"":650},{""x"":524,""y"":630,""t"":685},{""x"":515,""y"":625,""t"":719},{""x"":517,""y"":603,""t"":749},{""x"":511,""y"":638,""t"":786},{""x"":515,""y"":627,""t"":819},{""x"":567,""y"":598,""t"":853},{""x"":719,""y"":569,""t"":888},{""x"":806,""y"":550,""t"":922},{""x"":869,""y"":545,""t"":956},{""x"":917,""y"":552,""t"":990},{""x"":949,""y"":552,""t"":1024},{""x"":973,""y"":541,""t"":1058},{""x"":998,""y"":564,""t"":1091},{""x"":999,""y"":563,""t"":1126},{""x"":1006,""y"":581,""t"":1160},{""x"":1008,""y"":574,""t"":1193},{""x"":1004,""y"":570,""t"":1229},{""x"":1005,""y"":573,""t"":1262},{""x"":984,""y"":543,""t"":1295},{""x"":979,""y"":574,""t"":1340},{""x"":974,""y"":601,""t"":1367},{""x"":953,""y"":556,""t"":1399},{""x"":950,""y"":565,""t"":1432},{""x"":946,""y"":568,""t"":1466},{""x"":908,""y"":671,""t"":1500},{""x"":860,""y"":620,""t"":1534},{""x"":861,""y"":758,""t"":1568},{""x"":888,""y"":748,""t"":1601},{""x"":882,""y"":700,""t"":1635},{""x"":882,""y"":677,""t"":1670},{""x"":910,""y"":638,""t"":1703},{""x"":954,""y"":657,""t"":1737},{""x"":896,""y"":673,""t"":1772},{""x"":838,""y"":663,""t"":1807},{""x"":744,""y"":631,""t"":1840},{""x"":679,""y"":597,""t"":1874},{""x"":620,""y"":636,""t"":1907},{""x"":568,""y"":626,""t"":1942},{""x"":531,""y"":619,""t"":1976}]","{""#container"":{""x"":410,""y"":54.390625,""width"":1100,""height"":1000,""top"":54.390625,""right"":1510,""bottom"":1054.390625,""left"":410}}","[{""x"":250,""y"":500,""width"":80,""height"":80,""top"":460,""right"":290,""bottom"":540,""left"":210},{""x"":850,""y"":500,""width"":80,""height"":80,""top"":460,""right"":890,""bottom"":540,""left"":810}]","","",""
"","canvas-keyboard-response","32","92583","0.0-5.0-3.0-2.6","","","","","650","5","","","","","","","","","","","","","","","","","true","green","5"
"","canvas-keyboard-response","33","93590","0.0-5.0-3.0-0.7","","","","","null","null","","","","","","","","","recall","[""6"",""4"",""4"",""5"",""6"",""4"",""5"",""6"",""5"",""5"",""6"",""6"",""6"",""4"",""4"",""4"",""5"",""5""]","1500","2","1","","","","","",""
"","canvas-keyboard-response","34","95595","0.0-5.0-3.0-1.7","","","","","null","null","","","[""circle"",""circle""]","","","","","","","","","2","","[{""x"":611,""y"":609,""t"":3},{""x"":677,""y"":500,""t"":38},{""x"":715,""y"":443,""t"":71},{""x"":753,""y"":418,""t"":106},{""x"":778,""y"":404,""t"":140},{""x"":808,""y"":380,""t"":174},{""x"":832,""y"":425,""t"":208},{""x"":844,""y"":432,""t"":242},{""x"":849,""y"":433,""t"":275},{""x"":851,""y"":433,""t"":310},{""x"":851,""y"":435,""t"":342},{""x"":863,""y"":417,""t"":378},{""x"":885,""y"":411,""t"":412},{""x"":923,""y"":416,""t"":446},{""x"":925,""y"":388,""t"":480},{""x"":903,""y"":406,""t"":514},{""x"":866,""y"":426,""t"":547},{""x"":807,""y"":439,""t"":583},{""x"":790,""y"":465,""t"":617},{""x"":734,""y"":557,""t"":649},{""x"":711,""y"":546,""t"":684},{""x"":687,""y"":573,""t"":718},{""x"":670,""y"":549,""t"":750},{""x"":616,""y"":569,""t"":786},{""x"":643,""y"":537,""t"":819},{""x"":646,""y"":569,""t"":855},{""x"":651,""y"":543,""t"":887},{""x"":652,""y"":587,""t"":923},{""x"":644,""y"":616,""t"":956},{""x"":605,""y"":610,""t"":989},{""x"":580,""y"":663,""t"":1024},{""x"":570,""y"":674,""t"":1058},{""x"":552,""y"":660,""t"":1092},{""x"":539,""y"":640,""t"":1126},{""x"":603,""y"":694,""t"":1160},{""x"":633,""y"":733,""t"":1194},{""x"":593,""y"":725,""t"":1227},{""x"":567,""y"":738,""t"":1262},{""x"":547,""y"":717,""t"":1297},{""x"":549,""y"":677,""t"":1330},{""x"":556,""y"":675,""t"":1365},{""x"":537,""y"":655,""t"":1398},{""x"":526,""y"":656,""t"":1432},{""x"":529,""y"":682,""t"":1466},{""x"":524,""y"":699,""t"":1513},{""x"":526,""y"":714,""t"":1536},{""x"":522,""y"":687,""t"":1568},{""x"":527,""y"":709,""t"":1602},{""x"":552,""y"":659,""t"":1637},{""x"":605,""y"":645,""t"":1670},{""x"":651,""y"":646,""t"":1704},{""x"":695,""y"":637,""t"":1738},{""x"":735,""y"":619,""t"":1772},{""x"":752,""y"":591,""t"":1805},{""x"":772,""y"":579,""t"":1839},{""x"":807,""y"":561,""t"":1874},{""x"":811,""y"":584,""t"":1907},{""x"":837,""y"":582,""t"":1942},{""x"":848,""y"":580,""t"":1977}]","{""#container"":{""x"":410,""y"":54.390625,""width"":1100,""height"":1000,""top"":54.390625,""right"":1510,""bottom"":1054.390625,""left"":410}}","[{""x"":250,""y"":500,""width"":80,""height"":80,""top"":460,""right"":290,""bottom"":540,""left"":210},{""x"":850,""y"":500,""width"":80,""height"":80,""top"":460,""right"":890,""bottom"":540,""left"":810}]","","",""
"","canvas-keyboard-response","35","97799","0.0-5.0-3.0-2.7","","","","","698","6","","","","","","","","","","","","","","","","","true","blue","6"
"","canvas-keyboard-response","36","98808","0.0-5.0-3.0-0.8","","","","","null","null","","","","","","","","","recall","[""6"",""4"",""4"",""5"",""6"",""4"",""5"",""6"",""5"",""5"",""6"",""6"",""6"",""4"",""4"",""4"",""5"",""5""]","1500","2","1","","","","","",""
"","canvas-keyboard-response","37","100813","0.0-5.0-3.0-1.8","","","","","null","null","","","[""circle"",""circle""]","","","","","","","","","2","","[{""x"":885,""y"":551,""t"":3},{""x"":869,""y"":541,""t"":39},{""x"":877,""y"":515,""t"":71},{""x"":878,""y"":504,""t"":105},{""x"":884,""y"":502,""t"":140},{""x"":888,""y"":599,""t"":174},{""x"":928,""y"":556,""t"":209},{""x"":956,""y"":466,""t"":242},{""x"":945,""y"":484,""t"":276},{""x"":932,""y"":439,""t"":309},{""x"":917,""y"":405,""t"":344},{""x"":879,""y"":410,""t"":378},{""x"":850,""y"":401,""t"":413},{""x"":818,""y"":389,""t"":446},{""x"":813,""y"":391,""t"":480},{""x"":811,""y"":401,""t"":515},{""x"":808,""y"":418,""t"":548},{""x"":799,""y"":410,""t"":581},{""x"":787,""y"":425,""t"":616},{""x"":764,""y"":451,""t"":650},{""x"":726,""y"":491,""t"":683},{""x"":725,""y"":522,""t"":718},{""x"":700,""y"":561,""t"":752},{""x"":689,""y"":548,""t"":786},{""x"":688,""y"":558,""t"":820},{""x"":681,""y"":532,""t"":854},{""x"":699,""y"":535,""t"":888},{""x"":691,""y"":538,""t"":922},{""x"":693,""y"":537,""t"":956},{""x"":715,""y"":541,""t"":995},{""x"":735,""y"":544,""t"":1022},{""x"":733,""y"":543,""t"":1057},{""x"":745,""y"":610,""t"":1091},{""x"":821,""y"":646,""t"":1126},{""x"":889,""y"":595,""t"":1160},{""x"":948,""y"":658,""t"":1193},{""x"":1003,""y"":621,""t"":1229},{""x"":991,""y"":676,""t"":1262},{""x"":1017,""y"":655,""t"":1296},{""x"":996,""y"":609,""t"":1330},{""x"":1005,""y"":640,""t"":1363},{""x"":988,""y"":643,""t"":1398},{""x"":981,""y"":680,""t"":1432},{""x"":1036,""y"":706,""t"":1464},{""x"":1073,""y"":723,""t"":1500},{""x"":1074,""y"":779,""t"":1534},{""x"":1040,""y"":737,""t"":1568},{""x"":1037,""y"":673,""t"":1602},{""x"":1006,""y"":680,""t"":1635},{""x"":998,""y"":719,""t"":1671},{""x"":992,""y"":739,""t"":1704},{""x"":986,""y"":744,""t"":1738},{""x"":970,""y"":769,""t"":1772},{""x"":993,""y"":792,""t"":1806},{""x"":1015,""y"":824,""t"":1839},{""x"":1033,""y"":841,""t"":1871},{""x"":1040,""y"":841,""t"":1908},{""x"":1051,""y"":826,""t"":1941},{""x"":1008,""y"":810,""t"":1975}]","{""#container"":{""x"":410,""y"":54.390625,""width"":1100,""height"":1000,""top"":54.390625,""right"":1510,""bottom"":1054.390625,""left"":410}}","[{""x"":250,""y"":500,""width"":80,""height"":80,""top"":460,""right"":290,""bottom"":540,""left"":210},{""x"":850,""y"":500,""width"":80,""height"":80,""top"":460,""right"":890,""bottom"":540,""left"":810}]","","",""
"","canvas-keyboard-response","38","102791","0.0-5.0-3.0-2.8","","","","","472","5","","","","","","","","","","","","","","","","","true","green","5"
"","canvas-keyboard-response","39","103799","0.0-5.0-3.0-0.9","","","","","null","null","","","","","","","","","recall","[""6"",""4"",""4"",""5"",""6"",""4"",""5"",""6"",""5"",""5"",""6"",""6"",""6"",""4"",""4"",""4"",""5"",""5""]","1500","2","1","","","","","",""
"","canvas-keyboard-response","40","105805","0.0-5.0-3.0-1.9","","","","","null","null","","","[""circle"",""circle""]","","","","","","","","","2","","[{""x"":967,""y"":727,""t"":3},{""x"":972,""y"":652,""t"":38},{""x"":962,""y"":588,""t"":72},{""x"":948,""y"":520,""t"":105},{""x"":905,""y"":471,""t"":140},{""x"":933,""y"":404,""t"":174},{""x"":914,""y"":393,""t"":208},{""x"":872,""y"":438,""t"":242},{""x"":880,""y"":387,""t"":276},{""x"":864,""y"":372,""t"":309},{""x"":848,""y"":375,""t"":344},{""x"":830,""y"":384,""t"":378},{""x"":818,""y"":383,""t"":411},{""x"":789,""y"":371,""t"":444},{""x"":763,""y"":362,""t"":480},{""x"":766,""y"":392,""t"":513},{""x"":760,""y"":405,""t"":547},{""x"":770,""y"":433,""t"":582},{""x"":776,""y"":436,""t"":615},{""x"":789,""y"":434,""t"":650},{""x"":803,""y"":448,""t"":684},{""x"":731,""y"":434,""t"":718},{""x"":686,""y"":430,""t"":751},{""x"":631,""y"":516,""t"":785},{""x"":604,""y"":583,""t"":820},{""x"":596,""y"":643,""t"":854},{""x"":586,""y"":670,""t"":888},{""x"":578,""y"":699,""t"":922},{""x"":557,""y"":715,""t"":955},{""x"":576,""y"":734,""t"":989},{""x"":565,""y"":725,""t"":1024},{""x"":559,""y"":712,""t"":1059},{""x"":575,""y"":718,""t"":1091},{""x"":547,""y"":728,""t"":1126},{""x"":558,""y"":771,""t"":1159},{""x"":564,""y"":780,""t"":1193},{""x"":564,""y"":765,""t"":1227},{""x"":607,""y"":783,""t"":1261},{""x"":711,""y"":758,""t"":1296},{""x"":797,""y"":728,""t"":1331},{""x"":866,""y"":683,""t"":1364},{""x"":939,""y"":677,""t"":1398},{""x"":988,""y"":662,""t"":1432},{""x"":1012,""y"":663,""t"":1466},{""x"":1033,""y"":652,""t"":1500},{""x"":1042,""y"":646,""t"":1533},{""x"":1049,""y"":648,""t"":1568},{""x"":1044,""y"":657,""t"":1614},{""x"":1012,""y"":611,""t"":1640},{""x"":1010,""y"":606,""t"":1670},{""x"":1005,""y"":625,""t"":1703},{""x"":983,""y"":626,""t"":1739},{""x"":892,""y"":633,""t"":1773},{""x"":808,""y"":695,""t"":1806},{""x"":741,""y"":742,""t"":1839},{""x"":687,""y"":787,""t"":1873},{""x"":656,""y"":802,""t"":1908},{""x"":626,""y"":803,""t"":1942},{""x"":592,""y"":803,""t"":1976}]","{""#container"":{""x"":410,""y"":54.390625,""width"":1100,""height"":1000,""top"":54.390625,""right"":1510,""bottom"":1054.390625,""left"":410}}","[{""x"":250,""y"":500,""width"":80,""height"":80,""top"":460,""right"":290,""bottom"":540,""left"":210},{""x"":850,""y"":500,""width"":80,""height"":80,""top"":460,""right"":890,""bottom"":540,""left"":810}]","","",""
"","canvas-keyboard-response","41","107896","0.0-5.0-3.0-2.9","","","","","585","5","","","","","","","","","","","","","","","","","true","green","5"
"","canvas-keyboard-response","42","108902","0.0-5.0-3.0-0.10","","","","","null","null","","","","","","","","","recall","[""6"",""4"",""4"",""5"",""6"",""4"",""5"",""6"",""5"",""5"",""6"",""6"",""6"",""4"",""4"",""4"",""5"",""5""]","1500","2","1","","","","","",""
"","canvas-keyboard-response","43","110906","0.0-5.0-3.0-1.10","","","","","null","null","","","[""circle"",""circle""]","","","","","","","","","2","","[{""x"":639,""y"":718,""t"":3},{""x"":670,""y"":637,""t"":37},{""x"":699,""y"":569,""t"":70},{""x"":745,""y"":522,""t"":106},{""x"":777,""y"":484,""t"":140},{""x"":810,""y"":461,""t"":174},{""x"":834,""y"":451,""t"":208},{""x"":859,""y"":429,""t"":241},{""x"":863,""y"":386,""t"":276},{""x"":868,""y"":375,""t"":311},{""x"":868,""y"":362,""t"":344},{""x"":895,""y"":370,""t"":377},{""x"":870,""y"":432,""t"":412},{""x"":856,""y"":465,""t"":446},{""x"":844,""y"":495,""t"":478},{""x"":835,""y"":526,""t"":514},{""x"":815,""y"":557,""t"":548},{""x"":802,""y"":593,""t"":581},{""x"":789,""y"":605,""t"":617},{""x"":781,""y"":631,""t"":649},{""x"":777,""y"":665,""t"":684},{""x"":790,""y"":735,""t"":718},{""x"":840,""y"":903,""t"":752},{""x"":854,""y"":1076,""t"":787},{""x"":889,""y"":1249,""t"":819},{""x"":922,""y"":1364,""t"":854},{""x"":949,""y"":1423,""t"":889},{""x"":962,""y"":1428,""t"":922},{""x"":951,""y"":1401,""t"":956},{""x"":938,""y"":1332,""t"":991},{""x"":904,""y"":1207,""t"":1023},{""x"":882,""y"":1079,""t"":1057},{""x"":873,""y"":972,""t"":1092},{""x"":871,""y"":843,""t"":1125},{""x"":870,""y"":771,""t"":1160},{""x"":878,""y"":650,""t"":1194},{""x"":881,""y"":613,""t"":1228},{""x"":861,""y"":488,""t"":1262},{""x"":859,""y"":467,""t"":1296},{""x"":889,""y"":410,""t"":1330},{""x"":932,""y"":369,""t"":1363},{""x"":959,""y"":341,""t"":1397},{""x"":985,""y"":331,""t"":1431},{""x"":1009,""y"":325,""t"":1465},{""x"":1012,""y"":314,""t"":1500},{""x"":1013,""y"":316,""t"":1534},{""x"":1048,""y"":325,""t"":1568},{""x"":1092,""y"":326,""t"":1602},{""x"":1126,""y"":338,""t"":1636},{""x"":1154,""y"":366,""t"":1670},{""x"":1174,""y"":375,""t"":1704},{""x"":1181,""y"":404,""t"":1738},{""x"":1193,""y"":420,""t"":1773},{""x"":1193,""y"":435,""t"":1806},{""x"":1178,""y"":431,""t"":1840},{""x"":1182,""y"":441,""t"":1874},{""x"":1167,""y"":457,""t"":1909},{""x"":1094,""y"":471,""t"":1941},{""x"":1013,""y"":489,""t"":1976}]","{""#container"":{""x"":410,""y"":54.390625,""width"":1100,""height"":1000,""top"":54.390625,""right"":1510,""bottom"":1054.390625,""left"":410}}","[{""x"":250,""y"":500,""width"":80,""height"":80,""top"":460,""right"":290,""bottom"":540,""left"":210},{""x"":850,""y"":500,""width"":80,""height"":80,""top"":460,""right"":890,""bottom"":540,""left"":810}]","","",""
"","canvas-keyboard-response","44","112975","0.0-5.0-3.0-2.10","","","","","563","6","","","","","","","","","","","","","","","","","true","red","6"
"","canvas-keyboard-response","45","113981","0.0-5.0-3.0-0.11","","","","","null","null","","","","","","","","","recall","[""6"",""4"",""4"",""5"",""6"",""4"",""5"",""6"",""5"",""5"",""6"",""6"",""6"",""4"",""4"",""4"",""5"",""5""]","1500","2","1","","","","","",""
"","canvas-keyboard-response","46","115985","0.0-5.0-3.0-1.11","","","","","null","null","","","[""circle"",""circle""]","","","","","","","","","2","","[{""x"":975,""y"":481,""t"":3},{""x"":948,""y"":471,""t"":38},{""x"":919,""y"":447,""t"":72},{""x"":902,""y"":443,""t"":105},{""x"":885,""y"":423,""t"":140},{""x"":872,""y"":407,""t"":171},{""x"":856,""y"":402,""t"":208},{""x"":880,""y"":406,""t"":242},{""x"":893,""y"":414,""t"":276},{""x"":901,""y"":388,""t"":310},{""x"":899,""y"":388,""t"":344},{""x"":895,""y"":376,""t"":377},{""x"":927,""y"":375,""t"":412},{""x"":930,""y"":365,""t"":445},{""x"":897,""y"":391,""t"":480},{""x"":845,""y"":431,""t"":514},{""x"":832,""y"":435,""t"":548},{""x"":765,""y"":453,""t"":581},{""x"":729,""y"":468,""t"":616},{""x"":683,""y"":456,""t"":650},{""x"":646,""y"":461,""t"":685},{""x"":642,""y"":471,""t"":717},{""x"":597,""y"":494,""t"":751},{""x"":550,""y"":456,""t"":785},{""x"":552,""y"":445,""t"":820},{""x"":586,""y"":473,""t"":854},{""x"":607,""y"":498,""t"":888},{""x"":630,""y"":485,""t"":921},{""x"":645,""y"":489,""t"":956},{""x"":659,""y"":493,""t"":990},{""x"":644,""y"":465,""t"":1023},{""x"":660,""y"":483,""t"":1058},{""x"":654,""y"":491,""t"":1092},{""x"":681,""y"":508,""t"":1126},{""x"":683,""y"":521,""t"":1160},{""x"":681,""y"":530,""t"":1194},{""x"":686,""y"":531,""t"":1228},{""x"":672,""y"":526,""t"":1261},{""x"":706,""y"":528,""t"":1296},{""x"":740,""y"":507,""t"":1331},{""x"":796,""y"":495,""t"":1362},{""x"":853,""y"":500,""t"":1397},{""x"":901,""y"":506,""t"":1431},{""x"":945,""y"":479,""t"":1466},{""x"":991,""y"":485,""t"":1500},{""x"":960,""y"":476,""t"":1533},{""x"":993,""y"":446,""t"":1568},{""x"":1013,""y"":440,""t"":1602},{""x"":1028,""y"":421,""t"":1636},{""x"":1058,""y"":397,""t"":1670},{""x"":1069,""y"":375,""t"":1703},{""x"":1094,""y"":357,""t"":1737},{""x"":1114,""y"":344,""t"":1769},{""x"":1101,""y"":348,""t"":1806},{""x"":1075,""y"":328,""t"":1839},{""x"":1027,""y"":339,""t"":1874},{""x"":995,""y"":367,""t"":1909},{""x"":910,""y"":418,""t"":1941},{""x"":856,""y"":451,""t"":1977}]","{""#container"":{""x"":410,""y"":54.390625,""width"":1100,""height"":1000,""top"":54.390625,""right"":1510,""bottom"":1054.390625,""left"":410}}","[{""x"":250,""y"":500,""width"":80,""height"":80,""top"":460,""right"":290,""bottom"":540,""left"":210},{""x"":850,""y"":500,""width"":80,""height"":80,""top"":460,""right"":890,""bottom"":540,""left"":810}]","","",""
"","canvas-keyboard-response","47","118023","0.0-5.0-3.0-2.11","","","","","532","6","","","","","","","","","","","","","","","","","true","blue","6"
"","canvas-keyboard-response","48","119030","0.0-5.0-3.0-0.12","","","","","null","null","","","","","","","","","recall","[""6"",""4"",""4"",""5"",""6"",""4"",""5"",""6"",""5"",""5"",""6"",""6"",""6"",""4"",""4"",""4"",""5"",""5""]","1500","2","1","","","","","",""
"","canvas-keyboard-response","49","121035","0.0-5.0-3.0-1.12","","","","","null","null","","","[""circle"",""circle""]","","","","","","","","","2","","[{""x"":869,""y"":448,""t"":3},{""x"":864,""y"":425,""t"":39},{""x"":881,""y"":415,""t"":71},{""x"":921,""y"":405,""t"":106},{""x"":931,""y"":396,""t"":139},{""x"":990,""y"":382,""t"":174},{""x"":1003,""y"":366,""t"":208},{""x"":979,""y"":377,""t"":242},{""x"":960,""y"":409,""t"":276},{""x"":1027,""y"":395,""t"":311},{""x"":1003,""y"":371,""t"":343},{""x"":993,""y"":342,""t"":377},{""x"":964,""y"":363,""t"":412},{""x"":935,""y"":354,""t"":447},{""x"":890,""y"":371,""t"":480},{""x"":814,""y"":395,""t"":513},{""x"":784,""y"":389,""t"":548},{""x"":770,""y"":393,""t"":582},{""x"":736,""y"":380,""t"":616},{""x"":722,""y"":383,""t"":648},{""x"":716,""y"":396,""t"":683},{""x"":721,""y"":420,""t"":718},{""x"":728,""y"":426,""t"":751},{""x"":719,""y"":454,""t"":786},{""x"":729,""y"":456,""t"":820},{""x"":721,""y"":445,""t"":854},{""x"":707,""y"":453,""t"":888},{""x"":706,""y"":492,""t"":922},{""x"":712,""y"":482,""t"":955},{""x"":697,""y"":465,""t"":990},{""x"":707,""y"":477,""t"":1024},{""x"":716,""y"":487,""t"":1056},{""x"":735,""y"":517,""t"":1091},{""x"":734,""y"":494,""t"":1126},{""x"":730,""y"":486,""t"":1160},{""x"":720,""y"":481,""t"":1194},{""x"":734,""y"":460,""t"":1229},{""x"":757,""y"":442,""t"":1261},{""x"":747,""y"":440,""t"":1295},{""x"":740,""y"":450,""t"":1331},{""x"":738,""y"":487,""t"":1364},{""x"":756,""y"":509,""t"":1398},{""x"":876,""y"":487,""t"":1432},{""x"":986,""y"":490,""t"":1466},{""x"":1082,""y"":479,""t"":1501},{""x"":1108,""y"":492,""t"":1533},{""x"":1107,""y"":484,""t"":1567},{""x"":1100,""y"":488,""t"":1602},{""x"":1152,""y"":473,""t"":1636},{""x"":1134,""y"":470,""t"":1669},{""x"":1185,""y"":456,""t"":1704},{""x"":1154,""y"":468,""t"":1738},{""x"":1125,""y"":467,""t"":1772},{""x"":1098,""y"":465,""t"":1807},{""x"":1095,""y"":484,""t"":1841},{""x"":1070,""y"":492,""t"":1875},{""x"":1127,""y"":493,""t"":1908},{""x"":1107,""y"":472,""t"":1943},{""x"":1086,""y"":482,""t"":1976}]","{""#container"":{""x"":410,""y"":54.390625,""width"":1100,""height"":1000,""top"":54.390625,""right"":1510,""bottom"":1054.390625,""left"":410}}","[{""x"":250,""y"":500,""width"":80,""height"":80,""top"":460,""right"":290,""bottom"":540,""left"":210},{""x"":850,""y"":500,""width"":80,""height"":80,""top"":460,""right"":890,""bottom"":540,""left"":810}]","","",""
"","canvas-keyboard-response","50","123007","0.0-5.0-3.0-2.12","","","","","467","6","","","","","","","","","","","","","","","","","true","green","6"
"","canvas-keyboard-response","51","124015","0.0-5.0-3.0-0.13","","","","","null","null","","","","","","","","","recall","[""6"",""4"",""4"",""5"",""6"",""4"",""5"",""6"",""5"",""5"",""6"",""6"",""6"",""4"",""4"",""4"",""5"",""5""]","1500","2","1","","","","","",""
"","canvas-keyboard-response","52","126021","0.0-5.0-3.0-1.13","","","","","null","null","","","[""circle"",""circle""]","","","","","","","","","2","","[{""x"":1027,""y"":494,""t"":3},{""x"":990,""y"":491,""t"":38},{""x"":1000,""y"":469,""t"":71},{""x"":952,""y"":440,""t"":106},{""x"":900,""y"":441,""t"":139},{""x"":928,""y"":462,""t"":173},{""x"":891,""y"":468,""t"":207},{""x"":860,""y"":444,""t"":242},{""x"":892,""y"":455,""t"":275},{""x"":886,""y"":474,""t"":310},{""x"":856,""y"":482,""t"":343},{""x"":839,""y"":525,""t"":378},{""x"":826,""y"":562,""t"":409},{""x"":782,""y"":545,""t"":446},{""x"":740,""y"":532,""t"":479},{""x"":720,""y"":508,""t"":513},{""x"":731,""y"":527,""t"":548},{""x"":719,""y"":499,""t"":582},{""x"":712,""y"":478,""t"":617},{""x"":710,""y"":472,""t"":649},{""x"":700,""y"":460,""t"":683},{""x"":666,""y"":419,""t"":717},{""x"":694,""y"":468,""t"":752},{""x"":718,""y"":457,""t"":785},{""x"":728,""y"":454,""t"":819},{""x"":730,""y"":469,""t"":853},{""x"":707,""y"":471,""t"":888},{""x"":666,""y"":476,""t"":923},{""x"":671,""y"":430,""t"":956},{""x"":677,""y"":423,""t"":991},{""x"":693,""y"":444,""t"":1023},{""x"":703,""y"":415,""t"":1057},{""x"":668,""y"":403,""t"":1092},{""x"":678,""y"":406,""t"":1126},{""x"":701,""y"":431,""t"":1160},{""x"":668,""y"":436,""t"":1194},{""x"":718,""y"":469,""t"":1228},{""x"":821,""y"":481,""t"":1262},{""x"":911,""y"":491,""t"":1296},{""x"":979,""y"":472,""t"":1330},{""x"":1038,""y"":465,""t"":1364},{""x"":1081,""y"":453,""t"":1398},{""x"":1079,""y"":447,""t"":1431},{""x"":1110,""y"":433,""t"":1466},{""x"":1099,""y"":410,""t"":1499},{""x"":1102,""y"":394,""t"":1534},{""x"":1097,""y"":385,""t"":1568},{""x"":1091,""y"":378,""t"":1600},{""x"":1092,""y"":379,""t"":1636},{""x"":1082,""y"":378,""t"":1669},{""x"":1103,""y"":394,""t"":1704},{""x"":1085,""y"":377,""t"":1738},{""x"":1060,""y"":357,""t"":1771},{""x"":1058,""y"":440,""t"":1806},{""x"":1047,""y"":432,""t"":1839},{""x"":1033,""y"":439,""t"":1873},{""x"":1037,""y"":450,""t"":1907},{""x"":1048,""y"":458,""t"":1942},{""x"":1040,""y"":446,""t"":1977}]","{""#container"":{""x"":410,""y"":54.390625,""width"":1100,""height"":1000,""top"":54.390625,""right"":1510,""bottom"":1054.390625,""left"":410}}","[{""x"":250,""y"":500,""width"":80,""height"":80,""top"":460,""right"":290,""bottom"":540,""left"":210},{""x"":850,""y"":500,""width"":80,""height"":80,""top"":460,""right"":890,""bottom"":540,""left"":810}]","","",""
"","canvas-keyboard-response","53","128007","0.0-5.0-3.0-2.13","","","","","481","4","","","","","","","","","","","","","","","","","true","green","4"
"","canvas-keyboard-response","54","129013","0.0-5.0-3.0-0.14","","","","","null","null","","","","","","","","","recall","[""6"",""4"",""4"",""5"",""6"",""4"",""5"",""6"",""5"",""5"",""6"",""6"",""6"",""4"",""4"",""4"",""5"",""5""]","1500","2","1","","","","","",""
"","canvas-keyboard-response","55","131019","0.0-5.0-3.0-1.14","","","","","null","null","","","[""circle"",""circle""]","","","","","","","","","2","","[{""x"":981,""y"":470,""t"":3},{""x"":940,""y"":492,""t"":37},{""x"":921,""y"":517,""t"":72},{""x"":888,""y"":497,""t"":106},{""x"":855,""y"":481,""t"":140},{""x"":828,""y"":468,""t"":172},{""x"":823,""y"":473,""t"":208},{""x"":808,""y"":476,""t"":242},{""x"":807,""y"":487,""t"":276},{""x"":805,""y"":490,""t"":309},{""x"":817,""y"":471,""t"":345},{""x"":817,""y"":442,""t"":377},{""x"":831,""y"":444,""t"":411},{""x"":817,""y"":443,""t"":446},{""x"":804,""y"":470,""t"":479},{""x"":786,""y"":476,""t"":514},{""x"":752,""y"":482,""t"":548},{""x"":736,""y"":492,""t"":581},{""x"":715,""y"":487,""t"":617},{""x"":696,""y"":471,""t"":649},{""x"":700,""y"":503,""t"":684},{""x"":707,""y"":504,""t"":718},{""x"":720,""y"":516,""t"":752},{""x"":717,""y"":517,""t"":786},{""x"":738,""y"":585,""t"":820},{""x"":811,""y"":837,""t"":854},{""x"":867,""y"":1060,""t"":887},{""x"":928,""y"":1193,""t"":922},{""x"":936,""y"":1280,""t"":955},{""x"":933,""y"":1308,""t"":990},{""x"":901,""y"":1239,""t"":1023},{""x"":827,""y"":1121,""t"":1057},{""x"":813,""y"":1011,""t"":1091},{""x"":767,""y"":895,""t"":1127},{""x"":716,""y"":783,""t"":1159},{""x"":662,""y"":677,""t"":1193},{""x"":664,""y"":612,""t"":1228},{""x"":622,""y"":544,""t"":1262},{""x"":599,""y"":499,""t"":1296},{""x"":580,""y"":462,""t"":1330},{""x"":573,""y"":448,""t"":1365},{""x"":545,""y"":403,""t"":1398},{""x"":540,""y"":414,""t"":1432},{""x"":551,""y"":422,""t"":1466},{""x"":521,""y"":410,""t"":1500},{""x"":543,""y"":411,""t"":1534},{""x"":543,""y"":434,""t"":1568},{""x"":553,""y"":496,""t"":1602},{""x"":548,""y"":554,""t"":1636},{""x"":546,""y"":540,""t"":1669},{""x"":552,""y"":526,""t"":1704},{""x"":541,""y"":516,""t"":1738},{""x"":533,""y"":507,""t"":1769},{""x"":546,""y"":592,""t"":1807},{""x"":546,""y"":596,""t"":1840},{""x"":528,""y"":575,""t"":1874},{""x"":539,""y"":578,""t"":1909},{""x"":536,""y"":572,""t"":1941},{""x"":550,""y"":572,""t"":1975}]","{""#container"":{""x"":410,""y"":54.390625,""width"":1100,""height"":1000,""top"":54.390625,""right"":1510,""bottom"":1054.390625,""left"":410}}","[{""x"":250,""y"":500,""width"":80,""height"":80,""top"":460,""right"":290,""bottom"":540,""left"":210},{""x"":850,""y"":500,""width"":80,""height"":80,""top"":460,""right"":890,""bottom"":540,""left"":810}]","","",""
"","canvas-keyboard-response","56","133055","0.0-5.0-3.0-2.14","","","","","530","4","","","","","","","","","","","","","","","","","true","red","4"
"","canvas-keyboard-response","57","134062","0.0-5.0-3.0-0.15","","","","","null","null","","","","","","","","","recall","[""6"",""4"",""4"",""5"",""6"",""4"",""5"",""6"",""5"",""5"",""6"",""6"",""6"",""4"",""4"",""4"",""5"",""5""]","1500","2","1","","","","","",""
"","canvas-keyboard-response","58","136068","0.0-5.0-3.0-1.15","","","","","null","null","","","[""circle"",""circle""]","","","","","","","","","2","","[{""x"":658,""y"":549,""t"":3},{""x"":739,""y"":524,""t"":38},{""x"":816,""y"":503,""t"":72},{""x"":882,""y"":486,""t"":106},{""x"":923,""y"":441,""t"":139},{""x"":967,""y"":412,""t"":174},{""x"":989,""y"":381,""t"":208},{""x"":1018,""y"":381,""t"":242},{""x"":1026,""y"":344,""t"":276},{""x"":1022,""y"":324,""t"":310},{""x"":1029,""y"":327,""t"":345},{""x"":1025,""y"":342,""t"":378},{""x"":1021,""y"":347,""t"":411},{""x"":1018,""y"":339,""t"":446},{""x"":1014,""y"":335,""t"":480},{""x"":1004,""y"":319,""t"":514},{""x"":995,""y"":284,""t"":547},{""x"":1000,""y"":281,""t"":582},{""x"":987,""y"":313,""t"":616},{""x"":985,""y"":309,""t"":650},{""x"":967,""y"":304,""t"":684},{""x"":947,""y"":278,""t"":718},{""x"":961,""y"":276,""t"":752},{""x"":980,""y"":258,""t"":786},{""x"":1009,""y"":226,""t"":819},{""x"":1007,""y"":251,""t"":854},{""x"":1022,""y"":259,""t"":888},{""x"":1030,""y"":280,""t"":922},{""x"":1049,""y"":294,""t"":956},{""x"":1051,""y"":317,""t"":990},{""x"":1068,""y"":326,""t"":1023},{""x"":1082,""y"":332,""t"":1056},{""x"":1072,""y"":340,""t"":1093},{""x"":1066,""y"":360,""t"":1125},{""x"":1072,""y"":376,""t"":1160},{""x"":1062,""y"":397,""t"":1194},{""x"":1067,""y"":388,""t"":1227},{""x"":1060,""y"":377,""t"":1263},{""x"":1056,""y"":391,""t"":1296},{""x"":1045,""y"":405,""t"":1329},{""x"":1011,""y"":403,""t"":1364},{""x"":955,""y"":423,""t"":1398},{""x"":902,""y"":430,""t"":1431},{""x"":858,""y"":434,""t"":1464},{""x"":826,""y"":448,""t"":1499},{""x"":769,""y"":445,""t"":1534},{""x"":761,""y"":451,""t"":1569},{""x"":763,""y"":464,""t"":1601},{""x"":751,""y"":474,""t"":1636},{""x"":746,""y"":466,""t"":1669},{""x"":750,""y"":461,""t"":1704},{""x"":793,""y"":445,""t"":1739},{""x"":855,""y"":440,""t"":1772},{""x"":898,""y"":430,""t"":1806},{""x"":927,""y"":426,""t"":1840},{""x"":944,""y"":418,""t"":1875},{""x"":972,""y"":408,""t"":1908},{""x"":987,""y"":408,""t"":1941},{""x"":995,""y"":399,""t"":1975}]","{""#container"":{""x"":410,""y"":54.390625,""width"":1100,""height"":1000,""top"":54.390625,""right"":1510,""bottom"":1054.390625,""left"":410}}","[{""x"":250,""y"":500,""width"":80,""height"":80,""top"":460,""right"":290,""bottom"":540,""left"":210},{""x"":850,""y"":500,""width"":80,""height"":80,""top"":460,""right"":890,""bottom"":540,""left"":810}]","","",""
"","canvas-keyboard-response","59","138711","0.0-5.0-3.0-2.15","","","","","1138","4","","","","","","","","","","","","","","","","","true","blue","4"
"","canvas-keyboard-response","60","139717","0.0-5.0-3.0-0.16","","","","","null","null","","","","","","","","","recall","[""6"",""4"",""4"",""5"",""6"",""4"",""5"",""6"",""5"",""5"",""6"",""6"",""6"",""4"",""4"",""4"",""5"",""5""]","1500","2","1","","","","","",""
"","canvas-keyboard-response","61","141723","0.0-5.0-3.0-1.16","","","","","null","null","","","[""circle"",""circle""]","","","","","","","","","2","","[{""x"":995,""y"":389,""t"":3},{""x"":982,""y"":361,""t"":38},{""x"":969,""y"":384,""t"":72},{""x"":940,""y"":379,""t"":106},{""x"":906,""y"":376,""t"":140},{""x"":878,""y"":374,""t"":172},{""x"":871,""y"":361,""t"":208},{""x"":878,""y"":354,""t"":242},{""x"":861,""y"":358,""t"":275},{""x"":882,""y"":360,""t"":310},{""x"":881,""y"":353,""t"":344},{""x"":895,""y"":366,""t"":378},{""x"":874,""y"":357,""t"":412},{""x"":892,""y"":365,""t"":446},{""x"":903,""y"":345,""t"":481},{""x"":914,""y"":322,""t"":514},{""x"":914,""y"":336,""t"":549},{""x"":919,""y"":328,""t"":581},{""x"":925,""y"":331,""t"":616},{""x"":931,""y"":348,""t"":651},{""x"":927,""y"":329,""t"":684},{""x"":919,""y"":326,""t"":718},{""x"":912,""y"":323,""t"":752},{""x"":906,""y"":329,""t"":786},{""x"":883,""y"":359,""t"":820},{""x"":879,""y"":356,""t"":854},{""x"":876,""y"":383,""t"":888},{""x"":845,""y"":423,""t"":922},{""x"":818,""y"":466,""t"":957},{""x"":822,""y"":476,""t"":991},{""x"":818,""y"":502,""t"":1025},{""x"":818,""y"":524,""t"":1058},{""x"":806,""y"":505,""t"":1092},{""x"":793,""y"":492,""t"":1127},{""x"":800,""y"":515,""t"":1161},{""x"":787,""y"":481,""t"":1195},{""x"":785,""y"":469,""t"":1228},{""x"":785,""y"":439,""t"":1262},{""x"":784,""y"":429,""t"":1295},{""x"":790,""y"":451,""t"":1330},{""x"":787,""y"":451,""t"":1364},{""x"":807,""y"":447,""t"":1398},{""x"":865,""y"":423,""t"":1432},{""x"":917,""y"":419,""t"":1466},{""x"":942,""y"":425,""t"":1500},{""x"":961,""y"":396,""t"":1534},{""x"":987,""y"":407,""t"":1567},{""x"":1018,""y"":419,""t"":1601},{""x"":1018,""y"":421,""t"":1636},{""x"":1033,""y"":415,""t"":1670},{""x"":1038,""y"":402,""t"":1704},{""x"":1041,""y"":391,""t"":1735},{""x"":1054,""y"":418,""t"":1772},{""x"":1064,""y"":417,""t"":1806},{""x"":1058,""y"":442,""t"":1840},{""x"":1050,""y"":450,""t"":1875},{""x"":1047,""y"":451,""t"":1908},{""x"":1050,""y"":466,""t"":1943},{""x"":1047,""y"":467,""t"":1977}]","{""#container"":{""x"":410,""y"":54.390625,""width"":1100,""height"":1000,""top"":54.390625,""right"":1510,""bottom"":1054.390625,""left"":410}}","[{""x"":250,""y"":500,""width"":80,""height"":80,""top"":460,""right"":290,""bottom"":540,""left"":210},{""x"":850,""y"":500,""width"":80,""height"":80,""top"":460,""right"":890,""bottom"":540,""left"":810}]","","",""
"","canvas-keyboard-response","62","143879","0.0-5.0-3.0-2.16","","","","","651","5","","","","","","","","","","","","","","","","","true","green","5"
"","canvas-keyboard-response","63","144885","0.0-5.0-3.0-0.17","","","","","null","null","","","","","","","","","recall","[""6"",""4"",""4"",""5"",""6"",""4"",""5"",""6"",""5"",""5"",""6"",""6"",""6"",""4"",""4"",""4"",""5"",""5""]","1500","2","1","","","","","",""
"","canvas-keyboard-response","64","146890","0.0-5.0-3.0-1.17","","","","","null","null","","","[""circle"",""circle""]","","","","","","","","","2","","[{""x"":1017,""y"":513,""t"":3},{""x"":991,""y"":509,""t"":37},{""x"":967,""y"":480,""t"":73},{""x"":951,""y"":448,""t"":106},{""x"":938,""y"":421,""t"":138},{""x"":932,""y"":404,""t"":174},{""x"":942,""y"":404,""t"":208},{""x"":931,""y"":375,""t"":242},{""x"":933,""y"":387,""t"":275},{""x"":926,""y"":366,""t"":309},{""x"":934,""y"":345,""t"":344},{""x"":935,""y"":347,""t"":378},{""x"":928,""y"":337,""t"":412},{""x"":957,""y"":342,""t"":446},{""x"":963,""y"":325,""t"":481},{""x"":956,""y"":343,""t"":514},{""x"":951,""y"":359,""t"":545},{""x"":930,""y"":372,""t"":581},{""x"":907,""y"":376,""t"":616},{""x"":887,""y"":374,""t"":650},{""x"":872,""y"":385,""t"":684},{""x"":851,""y"":380,""t"":718},{""x"":821,""y"":372,""t"":752},{""x"":765,""y"":372,""t"":785},{""x"":744,""y"":372,""t"":819},{""x"":737,""y"":365,""t"":854},{""x"":685,""y"":344,""t"":888},{""x"":643,""y"":364,""t"":922},{""x"":657,""y"":346,""t"":956},{""x"":670,""y"":348,""t"":990},{""x"":694,""y"":349,""t"":1024},{""x"":716,""y"":373,""t"":1058},{""x"":683,""y"":395,""t"":1093},{""x"":645,""y"":427,""t"":1126},{""x"":648,""y"":440,""t"":1160},{""x"":677,""y"":418,""t"":1194},{""x"":707,""y"":391,""t"":1227},{""x"":732,""y"":372,""t"":1262},{""x"":713,""y"":382,""t"":1296},{""x"":733,""y"":396,""t"":1330},{""x"":749,""y"":380,""t"":1364},{""x"":753,""y"":332,""t"":1398},{""x"":749,""y"":306,""t"":1432},{""x"":752,""y"":328,""t"":1466},{""x"":765,""y"":341,""t"":1500},{""x"":780,""y"":333,""t"":1534},{""x"":857,""y"":342,""t"":1568},{""x"":964,""y"":378,""t"":1602},{""x"":1077,""y"":407,""t"":1636},{""x"":1162,""y"":409,""t"":1669},{""x"":1215,""y"":423,""t"":1704},{""x"":1255,""y"":434,""t"":1736},{""x"":1290,""y"":405,""t"":1771},{""x"":1290,""y"":404,""t"":1805},{""x"":1327,""y"":386,""t"":1840},{""x"":1330,""y"":373,""t"":1874},{""x"":1284,""y"":382,""t"":1907},{""x"":1140,""y"":388,""t"":1941},{""x"":1049,""y"":375,""t"":1976}]","{""#container"":{""x"":410,""y"":54.390625,""width"":1100,""height"":1000,""top"":54.390625,""right"":1510,""bottom"":1054.390625,""left"":410}}","[{""x"":250,""y"":500,""width"":80,""height"":80,""top"":460,""right"":290,""bottom"":540,""left"":210},{""x"":850,""y"":500,""width"":80,""height"":80,""top"":460,""right"":890,""bottom"":540,""left"":810}]","","",""
"","canvas-keyboard-response","65","148975","0.0-5.0-3.0-2.17","","","","","579","5","","","","","","","","","","","","","","","","","true","green","5"
"true","fullscreen","66","149476","0.0-6.0","","","","","","","","","","","","","","","","","","","","","","","","",""
"","html-button-response","67","151239","0.0-7.0","","","","","1762","0","","","
         <p>实验结束!</p>
         <p>点击下载数据。</p>
","","","","","","","","","","","","","","","",""
