"success","trial_type","trial_index","time_elapsed","internal_node_id","timeout","failed_images","failed_audio","failed_video","rt","response","question_order","stimulus","load_time","raw_gaze","percent_in_roi","average_offset","validation_points","samples_per_sec","task","phase","ans","ISI","webgazer_data","webgazer_targets","size","target","response_answer","correct","webgazer_targets_data"
"true","fullscreen","0","5419","0.0-0.0","","","","","","","","","","","","","","","","","","","","","","","","",""
"true","preload","1","5426","0.0-1.0","false","[]","[]","[]","","","","","","","","","","","","","","","","","","","","",""
"","survey-text","2","12074","0.0-2.0-0.0","","","","","6646","{""name"":""罗晨曦"",""age"":""23""}","","","","","","","","","","","","","","","","","","",""
"","survey-multi-choice","3","16706","0.0-2.0-1.0","","","","","4630","{""sex"":""女""}","[0]","","","","","","","","","","","","","","","","","",""
"","html-keyboard-response","4","78202","0.0-3.0","","","","","61494"," ","","<p>实验说明：该实验根据颜色和形状各有两组，每组实验开始前会有一个眼动校准。</p><p>按""space""键继续。</p>","","","","","","","","","","","","","","","","",""
"","webgazer-init-camera","5","84812","0.0-4.0","","","","","","","","","2204","","","","","","","","","","","","","","","",""
"","html-button-response","6","87154","0.0-5.0-0.0","","","","","2340","0","","
        <p>现在，眼动追踪器将经过校准，将你眼睛的图像从网络摄像头转换到你屏幕上的某个位置。</p>
        <p>为此，需要单击一系列点。</p>
        <p>保持头不动，点击每一个出现的点。当点击它的时候，看着这个点。</p>
      ","","","","","","","","","","","","","","","","",""
"","webgazer-calibrate","7","98610","0.0-5.0-1.0","","","","","","","","","","","","","","","","","","","","","","","","",""
"","html-button-response","8","100818","0.0-5.0-2.0","","","","","2207","0","","
        <p>展示眼球追踪的准确性</p>
        <p>保持头不动，当每个点出现时，移动眼睛聚焦在它上面。</p>
        <p>不需要点击点。移动眼睛看这些点。</p>
      ","","","","","","","","","","","","","","","","",""
"","webgazer-validate","9","120370","0.0-5.0-3.0","","","","","","","","","","[[{""x"":675,""y"":420,""dx"":184,""dy"":139,""t"":988},{""x"":680,""y"":399,""dx"":189,""dy"":118,""t"":1023},{""x"":666,""y"":400,""dx"":175,""dy"":119,""t"":1058},{""x"":637,""y"":410,""dx"":146,""dy"":129,""t"":1092},{""x"":629,""y"":432,""dx"":138,""dy"":151,""t"":1126},{""x"":631,""y"":422,""dx"":140,""dy"":141,""t"":1160},{""x"":631,""y"":431,""dx"":140,""dy"":150,""t"":1193},{""x"":625,""y"":441,""dx"":134,""dy"":160,""t"":1228},{""x"":623,""y"":434,""dx"":132,""dy"":153,""t"":1262},{""x"":617,""y"":450,""dx"":126,""dy"":169,""t"":1296},{""x"":647,""y"":440,""dx"":156,""dy"":159,""t"":1330},{""x"":644,""y"":432,""dx"":153,""dy"":151,""t"":1364},{""x"":641,""y"":425,""dx"":150,""dy"":144,""t"":1397},{""x"":660,""y"":444,""dx"":169,""dy"":163,""t"":1432},{""x"":677,""y"":444,""dx"":186,""dy"":163,""t"":1466},{""x"":705,""y"":441,""dx"":214,""dy"":160,""t"":1499},{""x"":714,""y"":452,""dx"":223,""dy"":171,""t"":1534},{""x"":706,""y"":438,""dx"":215,""dy"":157,""t"":1569},{""x"":717,""y"":456,""dx"":226,""dy"":175,""t"":1602},{""x"":711,""y"":462,""dx"":220,""dy"":181,""t"":1636},{""x"":707,""y"":470,""dx"":216,""dy"":189,""t"":1670},{""x"":705,""y"":469,""dx"":214,""dy"":188,""t"":1704},{""x"":693,""y"":462,""dx"":202,""dy"":181,""t"":1737},{""x"":675,""y"":435,""dx"":184,""dy"":154,""t"":1773},{""x"":680,""y"":433,""dx"":189,""dy"":152,""t"":1806},{""x"":648,""y"":424,""dx"":157,""dy"":143,""t"":1839},{""x"":670,""y"":418,""dx"":179,""dy"":137,""t"":1874},{""x"":675,""y"":411,""dx"":184,""dy"":130,""t"":1908},{""x"":675,""y"":424,""dx"":184,""dy"":143,""t"":1942},{""x"":669,""y"":421,""dx"":178,""dy"":140,""t"":1976},{""x"":668,""y"":432,""dx"":177,""dy"":151,""t"":2010},{""x"":672,""y"":433,""dx"":181,""dy"":152,""t"":2045},{""x"":663,""y"":438,""dx"":172,""dy"":157,""t"":2078},{""x"":659,""y"":433,""dx"":168,""dy"":152,""t"":2112},{""x"":642,""y"":427,""dx"":151,""dy"":146,""t"":2146},{""x"":639,""y"":433,""dx"":148,""dy"":152,""t"":2180},{""x"":650,""y"":422,""dx"":159,""dy"":141,""t"":2213},{""x"":659,""y"":420,""dx"":168,""dy"":139,""t"":2248},{""x"":663,""y"":420,""dx"":172,""dy"":139,""t"":2282},{""x"":678,""y"":423,""dx"":187,""dy"":142,""t"":2315},{""x"":678,""y"":428,""dx"":187,""dy"":147,""t"":2350},{""x"":685,""y"":425,""dx"":194,""dy"":144,""t"":2384},{""x"":685,""y"":427,""dx"":194,""dy"":146,""t"":2418},{""x"":672,""y"":420,""dx"":181,""dy"":139,""t"":2452},{""x"":681,""y"":422,""dx"":190,""dy"":141,""t"":2485},{""x"":681,""y"":424,""dx"":190,""dy"":143,""t"":2520},{""x"":672,""y"":411,""dx"":181,""dy"":130,""t"":2554},{""x"":692,""y"":414,""dx"":201,""dy"":133,""t"":2587},{""x"":656,""y"":387,""dx"":165,""dy"":106,""t"":2623},{""x"":639,""y"":364,""dx"":148,""dy"":83,""t"":2656},{""x"":633,""y"":365,""dx"":142,""dy"":84,""t"":2689},{""x"":614,""y"":374,""dx"":123,""dy"":93,""t"":2724},{""x"":608,""y"":375,""dx"":117,""dy"":94,""t"":2757},{""x"":607,""y"":381,""dx"":116,""dy"":100,""t"":2792},{""x"":604,""y"":379,""dx"":113,""dy"":98,""t"":2825},{""x"":604,""y"":389,""dx"":113,""dy"":108,""t"":2859},{""x"":585,""y"":402,""dx"":94,""dy"":121,""t"":2894},{""x"":591,""y"":414,""dx"":100,""dy"":133,""t"":2928},{""x"":584,""y"":417,""dx"":93,""dy"":136,""t"":2960},{""x"":582,""y"":422,""dx"":91,""dy"":141,""t"":2996}],[{""x"":1518,""y"":325,""dx"":67,""dy"":44,""t"":4016},{""x"":1508,""y"":328,""dx"":57,""dy"":47,""t"":4050},{""x"":1532,""y"":316,""dx"":81,""dy"":35,""t"":4084},{""x"":1560,""y"":338,""dx"":109,""dy"":57,""t"":4118},{""x"":1587,""y"":313,""dx"":136,""dy"":32,""t"":4152},{""x"":1590,""y"":314,""dx"":139,""dy"":33,""t"":4186},{""x"":1590,""y"":305,""dx"":139,""dy"":24,""t"":4220},{""x"":1588,""y"":300,""dx"":137,""dy"":19,""t"":4254},{""x"":1583,""y"":301,""dx"":132,""dy"":20,""t"":4287},{""x"":1566,""y"":321,""dx"":115,""dy"":40,""t"":4322},{""x"":1562,""y"":326,""dx"":111,""dy"":45,""t"":4355},{""x"":1515,""y"":322,""dx"":64,""dy"":41,""t"":4390},{""x"":1506,""y"":296,""dx"":55,""dy"":15,""t"":4423},{""x"":1508,""y"":263,""dx"":57,""dy"":-18,""t"":4458},{""x"":1551,""y"":274,""dx"":100,""dy"":-7,""t"":4491},{""x"":1588,""y"":284,""dx"":137,""dy"":3,""t"":4524},{""x"":1553,""y"":267,""dx"":102,""dy"":-14,""t"":4560},{""x"":1556,""y"":332,""dx"":105,""dy"":51,""t"":4594},{""x"":1587,""y"":373,""dx"":136,""dy"":92,""t"":4628},{""x"":1616,""y"":398,""dx"":165,""dy"":117,""t"":4662},{""x"":1625,""y"":394,""dx"":174,""dy"":113,""t"":4696},{""x"":1607,""y"":362,""dx"":156,""dy"":81,""t"":4730},{""x"":1591,""y"":397,""dx"":140,""dy"":116,""t"":4764},{""x"":1625,""y"":414,""dx"":174,""dy"":133,""t"":4798},{""x"":1618,""y"":435,""dx"":167,""dy"":154,""t"":4832},{""x"":1658,""y"":448,""dx"":207,""dy"":167,""t"":4865},{""x"":1644,""y"":429,""dx"":193,""dy"":148,""t"":4900},{""x"":1631,""y"":411,""dx"":180,""dy"":130,""t"":4932},{""x"":1595,""y"":381,""dx"":144,""dy"":100,""t"":4968},{""x"":1591,""y"":386,""dx"":140,""dy"":105,""t"":5002},{""x"":1571,""y"":342,""dx"":120,""dy"":61,""t"":5035},{""x"":1572,""y"":339,""dx"":121,""dy"":58,""t"":5070},{""x"":1576,""y"":362,""dx"":125,""dy"":81,""t"":5104},{""x"":1588,""y"":346,""dx"":137,""dy"":65,""t"":5137},{""x"":1566,""y"":341,""dx"":115,""dy"":60,""t"":5171},{""x"":1538,""y"":323,""dx"":87,""dy"":42,""t"":5206},{""x"":1563,""y"":350,""dx"":112,""dy"":69,""t"":5240},{""x"":1558,""y"":336,""dx"":107,""dy"":55,""t"":5274},{""x"":1579,""y"":361,""dx"":128,""dy"":80,""t"":5308},{""x"":1591,""y"":374,""dx"":140,""dy"":93,""t"":5342},{""x"":1596,""y"":392,""dx"":145,""dy"":111,""t"":5377},{""x"":1601,""y"":403,""dx"":150,""dy"":122,""t"":5410},{""x"":1591,""y"":405,""dx"":140,""dy"":124,""t"":5444},{""x"":1597,""y"":408,""dx"":146,""dy"":127,""t"":5478},{""x"":1610,""y"":402,""dx"":159,""dy"":121,""t"":5511},{""x"":1620,""y"":424,""dx"":169,""dy"":143,""t"":5546},{""x"":1635,""y"":416,""dx"":184,""dy"":135,""t"":5580},{""x"":1631,""y"":430,""dx"":180,""dy"":149,""t"":5614},{""x"":1655,""y"":420,""dx"":204,""dy"":139,""t"":5648},{""x"":1668,""y"":431,""dx"":217,""dy"":150,""t"":5682},{""x"":1652,""y"":405,""dx"":201,""dy"":124,""t"":5716},{""x"":1657,""y"":402,""dx"":206,""dy"":121,""t"":5749},{""x"":1675,""y"":404,""dx"":224,""dy"":123,""t"":5784},{""x"":1653,""y"":398,""dx"":202,""dy"":117,""t"":5818},{""x"":1668,""y"":378,""dx"":217,""dy"":97,""t"":5852},{""x"":1696,""y"":418,""dx"":245,""dy"":137,""t"":5885},{""x"":1699,""y"":422,""dx"":248,""dy"":141,""t"":5920},{""x"":1681,""y"":418,""dx"":230,""dy"":137,""t"":5954},{""x"":1654,""y"":387,""dx"":203,""dy"":106,""t"":5987}],[{""x"":923,""y"":690,""dx"":-48,""dy"":139,""t"":7041},{""x"":905,""y"":666,""dx"":-66,""dy"":115,""t"":7075},{""x"":906,""y"":669,""dx"":-65,""dy"":118,""t"":7110},{""x"":991,""y"":656,""dx"":20,""dy"":105,""t"":7144},{""x"":954,""y"":633,""dx"":-17,""dy"":82,""t"":7179},{""x"":996,""y"":623,""dx"":25,""dy"":72,""t"":7212},{""x"":1021,""y"":587,""dx"":50,""dy"":36,""t"":7245},{""x"":1064,""y"":574,""dx"":93,""dy"":23,""t"":7280},{""x"":1068,""y"":551,""dx"":97,""dy"":0,""t"":7314},{""x"":1103,""y"":538,""dx"":132,""dy"":-13,""t"":7348},{""x"":1050,""y"":542,""dx"":79,""dy"":-9,""t"":7382},{""x"":1050,""y"":536,""dx"":79,""dy"":-15,""t"":7416},{""x"":1033,""y"":525,""dx"":62,""dy"":-26,""t"":7450},{""x"":1050,""y"":522,""dx"":79,""dy"":-29,""t"":7484},{""x"":1005,""y"":550,""dx"":34,""dy"":-1,""t"":7518},{""x"":931,""y"":562,""dx"":-40,""dy"":11,""t"":7552},{""x"":908,""y"":563,""dx"":-63,""dy"":12,""t"":7586},{""x"":893,""y"":578,""dx"":-78,""dy"":27,""t"":7620},{""x"":886,""y"":585,""dx"":-85,""dy"":34,""t"":7654},{""x"":877,""y"":575,""dx"":-94,""dy"":24,""t"":7698},{""x"":869,""y"":586,""dx"":-102,""dy"":35,""t"":7740},{""x"":862,""y"":595,""dx"":-109,""dy"":44,""t"":7756},{""x"":876,""y"":595,""dx"":-95,""dy"":44,""t"":7790},{""x"":865,""y"":606,""dx"":-106,""dy"":55,""t"":7824},{""x"":871,""y"":587,""dx"":-100,""dy"":36,""t"":7858},{""x"":858,""y"":589,""dx"":-113,""dy"":38,""t"":7891},{""x"":867,""y"":575,""dx"":-104,""dy"":24,""t"":7926},{""x"":852,""y"":570,""dx"":-119,""dy"":19,""t"":7960},{""x"":879,""y"":564,""dx"":-92,""dy"":13,""t"":7994},{""x"":878,""y"":558,""dx"":-93,""dy"":7,""t"":8027},{""x"":890,""y"":542,""dx"":-81,""dy"":-9,""t"":8063},{""x"":917,""y"":566,""dx"":-54,""dy"":15,""t"":8096},{""x"":945,""y"":565,""dx"":-26,""dy"":14,""t"":8128},{""x"":948,""y"":574,""dx"":-23,""dy"":23,""t"":8164},{""x"":965,""y"":566,""dx"":-6,""dy"":15,""t"":8199},{""x"":993,""y"":552,""dx"":22,""dy"":1,""t"":8232},{""x"":987,""y"":568,""dx"":16,""dy"":17,""t"":8266},{""x"":939,""y"":567,""dx"":-32,""dy"":16,""t"":8301},{""x"":893,""y"":580,""dx"":-78,""dy"":29,""t"":8334},{""x"":920,""y"":602,""dx"":-51,""dy"":51,""t"":8368},{""x"":937,""y"":610,""dx"":-34,""dy"":59,""t"":8402},{""x"":951,""y"":591,""dx"":-20,""dy"":40,""t"":8436},{""x"":933,""y"":588,""dx"":-38,""dy"":37,""t"":8470},{""x"":935,""y"":608,""dx"":-36,""dy"":57,""t"":8504},{""x"":937,""y"":624,""dx"":-34,""dy"":73,""t"":8535},{""x"":913,""y"":610,""dx"":-58,""dy"":59,""t"":8571},{""x"":904,""y"":617,""dx"":-67,""dy"":66,""t"":8605},{""x"":899,""y"":597,""dx"":-72,""dy"":46,""t"":8640},{""x"":903,""y"":593,""dx"":-68,""dy"":42,""t"":8675},{""x"":914,""y"":599,""dx"":-57,""dy"":48,""t"":8709},{""x"":921,""y"":601,""dx"":-50,""dy"":50,""t"":8742},{""x"":920,""y"":571,""dx"":-51,""dy"":20,""t"":8775},{""x"":930,""y"":530,""dx"":-41,""dy"":-21,""t"":8810},{""x"":960,""y"":548,""dx"":-11,""dy"":-3,""t"":8844},{""x"":967,""y"":561,""dx"":-4,""dy"":10,""t"":8878},{""x"":958,""y"":541,""dx"":-13,""dy"":-10,""t"":8912},{""x"":984,""y"":524,""dx"":13,""dy"":-27,""t"":8945},{""x"":969,""y"":510,""dx"":-2,""dy"":-41,""t"":8979},{""x"":1003,""y"":542,""dx"":32,""dy"":-9,""t"":9014}],[{""x"":579,""y"":647,""dx"":88,""dy"":-174,""t"":10067},{""x"":561,""y"":644,""dx"":70,""dy"":-177,""t"":10100},{""x"":573,""y"":658,""dx"":82,""dy"":-163,""t"":10136},{""x"":538,""y"":664,""dx"":47,""dy"":-157,""t"":10170},{""x"":547,""y"":663,""dx"":56,""dy"":-158,""t"":10204},{""x"":531,""y"":652,""dx"":40,""dy"":-169,""t"":10237},{""x"":527,""y"":658,""dx"":36,""dy"":-163,""t"":10272},{""x"":552,""y"":653,""dx"":61,""dy"":-168,""t"":10307},{""x"":560,""y"":647,""dx"":69,""dy"":-174,""t"":10339},{""x"":587,""y"":663,""dx"":96,""dy"":-158,""t"":10374},{""x"":606,""y"":675,""dx"":115,""dy"":-146,""t"":10408},{""x"":637,""y"":693,""dx"":146,""dy"":-128,""t"":10442},{""x"":650,""y"":709,""dx"":159,""dy"":-112,""t"":10476},{""x"":627,""y"":704,""dx"":136,""dy"":-117,""t"":10511},{""x"":632,""y"":697,""dx"":141,""dy"":-124,""t"":10544},{""x"":637,""y"":703,""dx"":146,""dy"":-118,""t"":10578},{""x"":621,""y"":697,""dx"":130,""dy"":-124,""t"":10611},{""x"":606,""y"":703,""dx"":115,""dy"":-118,""t"":10646},{""x"":598,""y"":694,""dx"":107,""dy"":-127,""t"":10680},{""x"":603,""y"":706,""dx"":112,""dy"":-115,""t"":10714},{""x"":597,""y"":703,""dx"":106,""dy"":-118,""t"":10748},{""x"":600,""y"":713,""dx"":109,""dy"":-108,""t"":10782},{""x"":593,""y"":713,""dx"":102,""dy"":-108,""t"":10816},{""x"":614,""y"":735,""dx"":123,""dy"":-86,""t"":10850},{""x"":627,""y"":740,""dx"":136,""dy"":-81,""t"":10885},{""x"":619,""y"":717,""dx"":128,""dy"":-104,""t"":10918},{""x"":652,""y"":706,""dx"":161,""dy"":-115,""t"":10952},{""x"":645,""y"":711,""dx"":154,""dy"":-110,""t"":10986},{""x"":638,""y"":710,""dx"":147,""dy"":-111,""t"":11020},{""x"":596,""y"":713,""dx"":105,""dy"":-108,""t"":11053},{""x"":617,""y"":717,""dx"":126,""dy"":-104,""t"":11087},{""x"":594,""y"":726,""dx"":103,""dy"":-95,""t"":11122},{""x"":616,""y"":742,""dx"":125,""dy"":-79,""t"":11156},{""x"":621,""y"":749,""dx"":130,""dy"":-72,""t"":11189},{""x"":587,""y"":744,""dx"":96,""dy"":-77,""t"":11224},{""x"":573,""y"":754,""dx"":82,""dy"":-67,""t"":11258},{""x"":577,""y"":751,""dx"":86,""dy"":-70,""t"":11291},{""x"":572,""y"":771,""dx"":81,""dy"":-50,""t"":11326},{""x"":580,""y"":775,""dx"":89,""dy"":-46,""t"":11360},{""x"":587,""y"":776,""dx"":96,""dy"":-45,""t"":11394},{""x"":586,""y"":765,""dx"":95,""dy"":-56,""t"":11428},{""x"":560,""y"":755,""dx"":69,""dy"":-66,""t"":11462},{""x"":548,""y"":747,""dx"":57,""dy"":-74,""t"":11497},{""x"":562,""y"":733,""dx"":71,""dy"":-88,""t"":11530},{""x"":550,""y"":744,""dx"":59,""dy"":-77,""t"":11564},{""x"":558,""y"":721,""dx"":67,""dy"":-100,""t"":11597},{""x"":554,""y"":713,""dx"":63,""dy"":-108,""t"":11632},{""x"":547,""y"":729,""dx"":56,""dy"":-92,""t"":11666},{""x"":567,""y"":729,""dx"":76,""dy"":-92,""t"":11698},{""x"":569,""y"":725,""dx"":78,""dy"":-96,""t"":11733},{""x"":567,""y"":722,""dx"":76,""dy"":-99,""t"":11768},{""x"":564,""y"":721,""dx"":73,""dy"":-100,""t"":11802},{""x"":618,""y"":735,""dx"":127,""dy"":-86,""t"":11835},{""x"":806,""y"":722,""dx"":315,""dy"":-99,""t"":11870},{""x"":999,""y"":703,""dx"":508,""dy"":-118,""t"":11904},{""x"":1207,""y"":717,""dx"":716,""dy"":-104,""t"":11937},{""x"":1378,""y"":720,""dx"":887,""dy"":-101,""t"":11972},{""x"":1420,""y"":702,""dx"":929,""dy"":-119,""t"":12006},{""x"":1446,""y"":677,""dx"":955,""dy"":-144,""t"":12040}],[{""x"":1343,""y"":755,""dx"":-108,""dy"":-66,""t"":13060},{""x"":1324,""y"":769,""dx"":-127,""dy"":-52,""t"":13093},{""x"":1327,""y"":783,""dx"":-124,""dy"":-38,""t"":13128},{""x"":1316,""y"":795,""dx"":-135,""dy"":-26,""t"":13162},{""x"":1281,""y"":788,""dx"":-170,""dy"":-33,""t"":13195},{""x"":1274,""y"":734,""dx"":-177,""dy"":-87,""t"":13230},{""x"":1270,""y"":687,""dx"":-181,""dy"":-134,""t"":13262},{""x"":1299,""y"":686,""dx"":-152,""dy"":-135,""t"":13297},{""x"":1297,""y"":697,""dx"":-154,""dy"":-124,""t"":13332},{""x"":1303,""y"":666,""dx"":-148,""dy"":-155,""t"":13366},{""x"":1319,""y"":691,""dx"":-132,""dy"":-130,""t"":13400},{""x"":1315,""y"":706,""dx"":-136,""dy"":-115,""t"":13434},{""x"":1363,""y"":704,""dx"":-88,""dy"":-117,""t"":13469},{""x"":1321,""y"":720,""dx"":-130,""dy"":-101,""t"":13503},{""x"":1275,""y"":728,""dx"":-176,""dy"":-93,""t"":13536},{""x"":1255,""y"":720,""dx"":-196,""dy"":-101,""t"":13569},{""x"":1246,""y"":749,""dx"":-205,""dy"":-72,""t"":13604},{""x"":1234,""y"":759,""dx"":-217,""dy"":-62,""t"":13637},{""x"":1224,""y"":767,""dx"":-227,""dy"":-54,""t"":13670},{""x"":1176,""y"":759,""dx"":-275,""dy"":-62,""t"":13706},{""x"":1181,""y"":768,""dx"":-270,""dy"":-53,""t"":13740},{""x"":1169,""y"":768,""dx"":-282,""dy"":-53,""t"":13773},{""x"":1192,""y"":764,""dx"":-259,""dy"":-57,""t"":13808},{""x"":1164,""y"":775,""dx"":-287,""dy"":-46,""t"":13842},{""x"":1172,""y"":774,""dx"":-279,""dy"":-47,""t"":13875},{""x"":1171,""y"":781,""dx"":-280,""dy"":-40,""t"":13910},{""x"":1168,""y"":769,""dx"":-283,""dy"":-52,""t"":13944},{""x"":1242,""y"":757,""dx"":-209,""dy"":-64,""t"":13978},{""x"":1248,""y"":737,""dx"":-203,""dy"":-84,""t"":14012},{""x"":1263,""y"":732,""dx"":-188,""dy"":-89,""t"":14046},{""x"":1260,""y"":735,""dx"":-191,""dy"":-86,""t"":14081},{""x"":1289,""y"":718,""dx"":-162,""dy"":-103,""t"":14114},{""x"":1260,""y"":731,""dx"":-191,""dy"":-90,""t"":14148},{""x"":1250,""y"":723,""dx"":-201,""dy"":-98,""t"":14181},{""x"":1247,""y"":729,""dx"":-204,""dy"":-92,""t"":14216},{""x"":1259,""y"":730,""dx"":-192,""dy"":-91,""t"":14249},{""x"":1285,""y"":761,""dx"":-166,""dy"":-60,""t"":14285},{""x"":1280,""y"":784,""dx"":-171,""dy"":-37,""t"":14318},{""x"":1269,""y"":796,""dx"":-182,""dy"":-25,""t"":14351},{""x"":1291,""y"":806,""dx"":-160,""dy"":-15,""t"":14385},{""x"":1296,""y"":802,""dx"":-155,""dy"":-19,""t"":14420},{""x"":1286,""y"":807,""dx"":-165,""dy"":-14,""t"":14454},{""x"":1292,""y"":778,""dx"":-159,""dy"":-43,""t"":14487},{""x"":1311,""y"":755,""dx"":-140,""dy"":-66,""t"":14521},{""x"":1297,""y"":732,""dx"":-154,""dy"":-89,""t"":14556},{""x"":1313,""y"":727,""dx"":-138,""dy"":-94,""t"":14590},{""x"":1285,""y"":720,""dx"":-166,""dy"":-101,""t"":14624},{""x"":1297,""y"":746,""dx"":-154,""dy"":-75,""t"":14657},{""x"":1311,""y"":748,""dx"":-140,""dy"":-73,""t"":14692},{""x"":1318,""y"":730,""dx"":-133,""dy"":-91,""t"":14726},{""x"":1302,""y"":708,""dx"":-149,""dy"":-113,""t"":14760},{""x"":1302,""y"":696,""dx"":-149,""dy"":-125,""t"":14794},{""x"":1280,""y"":699,""dx"":-171,""dy"":-122,""t"":14829},{""x"":1297,""y"":692,""dx"":-154,""dy"":-129,""t"":14861},{""x"":1308,""y"":688,""dx"":-143,""dy"":-133,""t"":14896},{""x"":1296,""y"":688,""dx"":-155,""dy"":-133,""t"":14930},{""x"":1301,""y"":684,""dx"":-150,""dy"":-137,""t"":14964},{""x"":1316,""y"":682,""dx"":-135,""dy"":-139,""t"":14998},{""x"":1310,""y"":672,""dx"":-141,""dy"":-149,""t"":15031}]]","[23.333333333333332,64.40677966101694,100,89.83050847457628,52.54237288135594]","[{""x"":165.31666666666666,""y"":141.68333333333334,""r"":39.15666245300035},{""x"":147.135593220339,""y"":84.9322033898305,""r"":59.70497465748482},{""x"":-29.88135593220339,""y"":28.610169491525422,""r"":58.770711691409154},{""x"":161.25423728813558,""y"":-109.54237288135593,""r"":85.18456228917734},{""x"":-177.4406779661017,""y"":-82.77966101694915,""r"":50.90608202381348}]","[[25,25],[75,25],[50,50],[25,75],[75,75]]","29.41","validate","","","","","","","","","",""
"","html-button-response","10","121425","0.0-5.0-4.0-0.0-0.0","","","","","1055","0","","
          <p>校准的精度较低。</p>
          <p>请重新校准.</p>
          <p>在下一个屏幕上，注视圆点并单击它们。<p>
        ","","","","","","","","recalibration","","","","","","","","",""
"","webgazer-calibrate","11","131296","0.0-5.0-4.0-0.0-1.0","","","","","","","","","","","","","","","","recalibration","","","","","","","","",""
"","html-button-response","12","132570","0.0-5.0-4.0-0.0-2.0","","","","","1273","0","","
        <p>展示眼球追踪的准确性</p>
        <p>保持头不动，当每个点出现时，移动眼睛聚焦在它上面。</p>
        <p>不需要点击点。移动眼睛看这些点。</p>
      ","","","","","","","","recalibration","","","","","","","","",""
"","webgazer-validate","13","151120","0.0-5.0-4.0-0.0-3.0","","","","","","","","","","[[{""x"":562,""y"":415,""dx"":71,""dy"":134,""t"":990},{""x"":500,""y"":398,""dx"":9,""dy"":117,""t"":1024},{""x"":494,""y"":380,""dx"":3,""dy"":99,""t"":1058},{""x"":476,""y"":384,""dx"":-15,""dy"":103,""t"":1093},{""x"":488,""y"":376,""dx"":-3,""dy"":95,""t"":1126},{""x"":449,""y"":352,""dx"":-42,""dy"":71,""t"":1160},{""x"":458,""y"":332,""dx"":-33,""dy"":51,""t"":1193},{""x"":431,""y"":312,""dx"":-60,""dy"":31,""t"":1228},{""x"":421,""y"":334,""dx"":-70,""dy"":53,""t"":1262},{""x"":475,""y"":331,""dx"":-16,""dy"":50,""t"":1295},{""x"":493,""y"":345,""dx"":2,""dy"":64,""t"":1327},{""x"":498,""y"":341,""dx"":7,""dy"":60,""t"":1365},{""x"":512,""y"":303,""dx"":21,""dy"":22,""t"":1398},{""x"":508,""y"":283,""dx"":17,""dy"":2,""t"":1431},{""x"":525,""y"":288,""dx"":34,""dy"":7,""t"":1466},{""x"":546,""y"":312,""dx"":55,""dy"":31,""t"":1499},{""x"":585,""y"":331,""dx"":94,""dy"":50,""t"":1533},{""x"":581,""y"":345,""dx"":90,""dy"":64,""t"":1567},{""x"":624,""y"":351,""dx"":133,""dy"":70,""t"":1602},{""x"":631,""y"":380,""dx"":140,""dy"":99,""t"":1635},{""x"":642,""y"":398,""dx"":151,""dy"":117,""t"":1669},{""x"":582,""y"":390,""dx"":91,""dy"":109,""t"":1704},{""x"":563,""y"":384,""dx"":72,""dy"":103,""t"":1738},{""x"":553,""y"":422,""dx"":62,""dy"":141,""t"":1771},{""x"":552,""y"":404,""dx"":61,""dy"":123,""t"":1806},{""x"":561,""y"":406,""dx"":70,""dy"":125,""t"":1839},{""x"":553,""y"":336,""dx"":62,""dy"":55,""t"":1874},{""x"":556,""y"":363,""dx"":65,""dy"":82,""t"":1907},{""x"":517,""y"":330,""dx"":26,""dy"":49,""t"":1942},{""x"":504,""y"":343,""dx"":13,""dy"":62,""t"":1976},{""x"":508,""y"":303,""dx"":17,""dy"":22,""t"":2010},{""x"":478,""y"":284,""dx"":-13,""dy"":3,""t"":2044},{""x"":447,""y"":234,""dx"":-44,""dy"":-47,""t"":2077},{""x"":477,""y"":257,""dx"":-14,""dy"":-24,""t"":2112},{""x"":492,""y"":255,""dx"":1,""dy"":-26,""t"":2146},{""x"":493,""y"":282,""dx"":2,""dy"":1,""t"":2180},{""x"":496,""y"":276,""dx"":5,""dy"":-5,""t"":2215},{""x"":469,""y"":272,""dx"":-22,""dy"":-9,""t"":2247},{""x"":447,""y"":294,""dx"":-44,""dy"":13,""t"":2282},{""x"":439,""y"":297,""dx"":-52,""dy"":16,""t"":2316},{""x"":471,""y"":322,""dx"":-20,""dy"":41,""t"":2350},{""x"":456,""y"":289,""dx"":-35,""dy"":8,""t"":2384},{""x"":447,""y"":288,""dx"":-44,""dy"":7,""t"":2418},{""x"":469,""y"":311,""dx"":-22,""dy"":30,""t"":2452},{""x"":503,""y"":322,""dx"":12,""dy"":41,""t"":2485},{""x"":532,""y"":331,""dx"":41,""dy"":50,""t"":2518},{""x"":554,""y"":332,""dx"":63,""dy"":51,""t"":2553},{""x"":559,""y"":333,""dx"":68,""dy"":52,""t"":2588},{""x"":546,""y"":341,""dx"":55,""dy"":60,""t"":2622},{""x"":557,""y"":333,""dx"":66,""dy"":52,""t"":2656},{""x"":537,""y"":339,""dx"":46,""dy"":58,""t"":2690},{""x"":537,""y"":337,""dx"":46,""dy"":56,""t"":2723},{""x"":568,""y"":322,""dx"":77,""dy"":41,""t"":2759},{""x"":553,""y"":304,""dx"":62,""dy"":23,""t"":2792},{""x"":520,""y"":273,""dx"":29,""dy"":-8,""t"":2826},{""x"":542,""y"":291,""dx"":51,""dy"":10,""t"":2859},{""x"":528,""y"":299,""dx"":37,""dy"":18,""t"":2893},{""x"":568,""y"":298,""dx"":77,""dy"":17,""t"":2925},{""x"":554,""y"":329,""dx"":63,""dy"":48,""t"":2962},{""x"":534,""y"":338,""dx"":43,""dy"":57,""t"":2996}],[{""x"":1615,""y"":210,""dx"":164,""dy"":-71,""t"":4016},{""x"":1595,""y"":227,""dx"":144,""dy"":-54,""t"":4049},{""x"":1611,""y"":273,""dx"":160,""dy"":-8,""t"":4083},{""x"":1571,""y"":257,""dx"":120,""dy"":-24,""t"":4118},{""x"":1562,""y"":280,""dx"":111,""dy"":-1,""t"":4151},{""x"":1567,""y"":303,""dx"":116,""dy"":22,""t"":4185},{""x"":1521,""y"":294,""dx"":70,""dy"":13,""t"":4221},{""x"":1493,""y"":281,""dx"":42,""dy"":0,""t"":4253},{""x"":1480,""y"":300,""dx"":29,""dy"":19,""t"":4288},{""x"":1495,""y"":287,""dx"":44,""dy"":6,""t"":4322},{""x"":1525,""y"":275,""dx"":74,""dy"":-6,""t"":4356},{""x"":1542,""y"":274,""dx"":91,""dy"":-7,""t"":4390},{""x"":1565,""y"":272,""dx"":114,""dy"":-9,""t"":4423},{""x"":1553,""y"":270,""dx"":102,""dy"":-11,""t"":4458},{""x"":1542,""y"":268,""dx"":91,""dy"":-13,""t"":4490},{""x"":1553,""y"":289,""dx"":102,""dy"":8,""t"":4526},{""x"":1545,""y"":312,""dx"":94,""dy"":31,""t"":4559},{""x"":1520,""y"":300,""dx"":69,""dy"":19,""t"":4593},{""x"":1559,""y"":283,""dx"":108,""dy"":2,""t"":4628},{""x"":1561,""y"":244,""dx"":110,""dy"":-37,""t"":4663},{""x"":1589,""y"":234,""dx"":138,""dy"":-47,""t"":4696},{""x"":1598,""y"":252,""dx"":147,""dy"":-29,""t"":4730},{""x"":1588,""y"":280,""dx"":137,""dy"":-1,""t"":4764},{""x"":1617,""y"":302,""dx"":166,""dy"":21,""t"":4798},{""x"":1674,""y"":282,""dx"":223,""dy"":1,""t"":4831},{""x"":1633,""y"":277,""dx"":182,""dy"":-4,""t"":4865},{""x"":1635,""y"":309,""dx"":184,""dy"":28,""t"":4901},{""x"":1641,""y"":273,""dx"":190,""dy"":-8,""t"":4935},{""x"":1624,""y"":263,""dx"":173,""dy"":-18,""t"":4968},{""x"":1580,""y"":264,""dx"":129,""dy"":-17,""t"":5002},{""x"":1565,""y"":280,""dx"":114,""dy"":-1,""t"":5035},{""x"":1587,""y"":308,""dx"":136,""dy"":27,""t"":5069},{""x"":1563,""y"":277,""dx"":112,""dy"":-4,""t"":5103},{""x"":1601,""y"":274,""dx"":150,""dy"":-7,""t"":5138},{""x"":1593,""y"":255,""dx"":142,""dy"":-26,""t"":5172},{""x"":1566,""y"":258,""dx"":115,""dy"":-23,""t"":5205},{""x"":1557,""y"":275,""dx"":106,""dy"":-6,""t"":5240},{""x"":1534,""y"":270,""dx"":83,""dy"":-11,""t"":5274},{""x"":1506,""y"":299,""dx"":55,""dy"":18,""t"":5308},{""x"":1507,""y"":337,""dx"":56,""dy"":56,""t"":5342},{""x"":1531,""y"":341,""dx"":80,""dy"":60,""t"":5375},{""x"":1552,""y"":361,""dx"":101,""dy"":80,""t"":5410},{""x"":1568,""y"":362,""dx"":117,""dy"":81,""t"":5444},{""x"":1607,""y"":377,""dx"":156,""dy"":96,""t"":5479},{""x"":1592,""y"":366,""dx"":141,""dy"":85,""t"":5512},{""x"":1563,""y"":334,""dx"":112,""dy"":53,""t"":5545},{""x"":1584,""y"":336,""dx"":133,""dy"":55,""t"":5580},{""x"":1613,""y"":329,""dx"":162,""dy"":48,""t"":5614},{""x"":1604,""y"":323,""dx"":153,""dy"":42,""t"":5648},{""x"":1598,""y"":317,""dx"":147,""dy"":36,""t"":5681},{""x"":1585,""y"":316,""dx"":134,""dy"":35,""t"":5716},{""x"":1565,""y"":310,""dx"":114,""dy"":29,""t"":5750},{""x"":1539,""y"":312,""dx"":88,""dy"":31,""t"":5784},{""x"":1565,""y"":301,""dx"":114,""dy"":20,""t"":5818},{""x"":1576,""y"":297,""dx"":125,""dy"":16,""t"":5859},{""x"":1585,""y"":319,""dx"":134,""dy"":38,""t"":5901},{""x"":1598,""y"":348,""dx"":147,""dy"":67,""t"":5925},{""x"":1610,""y"":372,""dx"":159,""dy"":91,""t"":5952},{""x"":1602,""y"":349,""dx"":151,""dy"":68,""t"":5988}],[{""x"":1040,""y"":569,""dx"":69,""dy"":18,""t"":7042},{""x"":1042,""y"":569,""dx"":71,""dy"":18,""t"":7076},{""x"":1065,""y"":560,""dx"":94,""dy"":9,""t"":7110},{""x"":1056,""y"":590,""dx"":85,""dy"":39,""t"":7144},{""x"":1059,""y"":583,""dx"":88,""dy"":32,""t"":7177},{""x"":1056,""y"":568,""dx"":85,""dy"":17,""t"":7212},{""x"":1049,""y"":586,""dx"":78,""dy"":35,""t"":7245},{""x"":1027,""y"":631,""dx"":56,""dy"":80,""t"":7280},{""x"":947,""y"":700,""dx"":-24,""dy"":149,""t"":7314},{""x"":920,""y"":689,""dx"":-51,""dy"":138,""t"":7348},{""x"":907,""y"":683,""dx"":-64,""dy"":132,""t"":7382},{""x"":911,""y"":663,""dx"":-60,""dy"":112,""t"":7416},{""x"":911,""y"":616,""dx"":-60,""dy"":65,""t"":7450},{""x"":892,""y"":660,""dx"":-79,""dy"":109,""t"":7483},{""x"":869,""y"":646,""dx"":-102,""dy"":95,""t"":7517},{""x"":886,""y"":636,""dx"":-85,""dy"":85,""t"":7551},{""x"":899,""y"":620,""dx"":-72,""dy"":69,""t"":7586},{""x"":930,""y"":595,""dx"":-41,""dy"":44,""t"":7621},{""x"":969,""y"":586,""dx"":-2,""dy"":35,""t"":7651},{""x"":971,""y"":610,""dx"":0,""dy"":59,""t"":7688},{""x"":983,""y"":595,""dx"":12,""dy"":44,""t"":7723},{""x"":993,""y"":585,""dx"":22,""dy"":34,""t"":7756},{""x"":1019,""y"":545,""dx"":48,""dy"":-6,""t"":7791},{""x"":1008,""y"":580,""dx"":37,""dy"":29,""t"":7823},{""x"":975,""y"":593,""dx"":4,""dy"":42,""t"":7857},{""x"":966,""y"":573,""dx"":-5,""dy"":22,""t"":7892},{""x"":958,""y"":536,""dx"":-13,""dy"":-15,""t"":7926},{""x"":944,""y"":545,""dx"":-27,""dy"":-6,""t"":7960},{""x"":948,""y"":524,""dx"":-23,""dy"":-27,""t"":7994},{""x"":961,""y"":545,""dx"":-10,""dy"":-6,""t"":8029},{""x"":969,""y"":572,""dx"":-2,""dy"":21,""t"":8060},{""x"":992,""y"":581,""dx"":21,""dy"":30,""t"":8096},{""x"":994,""y"":587,""dx"":23,""dy"":36,""t"":8129},{""x"":1029,""y"":577,""dx"":58,""dy"":26,""t"":8164},{""x"":1048,""y"":587,""dx"":77,""dy"":36,""t"":8199},{""x"":1014,""y"":587,""dx"":43,""dy"":36,""t"":8232},{""x"":990,""y"":568,""dx"":19,""dy"":17,""t"":8266},{""x"":953,""y"":574,""dx"":-18,""dy"":23,""t"":8300},{""x"":974,""y"":564,""dx"":3,""dy"":13,""t"":8334},{""x"":961,""y"":543,""dx"":-10,""dy"":-8,""t"":8368},{""x"":972,""y"":523,""dx"":1,""dy"":-28,""t"":8402},{""x"":965,""y"":519,""dx"":-6,""dy"":-32,""t"":8436},{""x"":1006,""y"":534,""dx"":35,""dy"":-17,""t"":8470},{""x"":999,""y"":540,""dx"":28,""dy"":-11,""t"":8505},{""x"":986,""y"":517,""dx"":15,""dy"":-34,""t"":8538},{""x"":990,""y"":525,""dx"":19,""dy"":-26,""t"":8572},{""x"":986,""y"":527,""dx"":15,""dy"":-24,""t"":8605},{""x"":1022,""y"":560,""dx"":51,""dy"":9,""t"":8640},{""x"":1025,""y"":555,""dx"":54,""dy"":4,""t"":8674},{""x"":1045,""y"":548,""dx"":74,""dy"":-3,""t"":8708},{""x"":1036,""y"":527,""dx"":65,""dy"":-24,""t"":8742},{""x"":1044,""y"":557,""dx"":73,""dy"":6,""t"":8775},{""x"":1040,""y"":563,""dx"":69,""dy"":12,""t"":8809},{""x"":1037,""y"":572,""dx"":66,""dy"":21,""t"":8844},{""x"":1015,""y"":574,""dx"":44,""dy"":23,""t"":8878},{""x"":1013,""y"":595,""dx"":42,""dy"":44,""t"":8912},{""x"":1043,""y"":617,""dx"":72,""dy"":66,""t"":8946},{""x"":1043,""y"":591,""dx"":72,""dy"":40,""t"":8980},{""x"":1042,""y"":597,""dx"":71,""dy"":46,""t"":9014}],[{""x"":566,""y"":657,""dx"":75,""dy"":-164,""t"":10034},{""x"":547,""y"":660,""dx"":56,""dy"":-161,""t"":10067},{""x"":563,""y"":632,""dx"":72,""dy"":-189,""t"":10102},{""x"":607,""y"":634,""dx"":116,""dy"":-187,""t"":10136},{""x"":588,""y"":628,""dx"":97,""dy"":-193,""t"":10169},{""x"":615,""y"":658,""dx"":124,""dy"":-163,""t"":10205},{""x"":616,""y"":678,""dx"":125,""dy"":-143,""t"":10237},{""x"":637,""y"":705,""dx"":146,""dy"":-116,""t"":10272},{""x"":636,""y"":689,""dx"":145,""dy"":-132,""t"":10305},{""x"":630,""y"":678,""dx"":139,""dy"":-143,""t"":10340},{""x"":622,""y"":687,""dx"":131,""dy"":-134,""t"":10374},{""x"":638,""y"":684,""dx"":147,""dy"":-137,""t"":10407},{""x"":634,""y"":692,""dx"":143,""dy"":-129,""t"":10442},{""x"":599,""y"":662,""dx"":108,""dy"":-159,""t"":10476},{""x"":555,""y"":641,""dx"":64,""dy"":-180,""t"":10509},{""x"":585,""y"":649,""dx"":94,""dy"":-172,""t"":10543},{""x"":559,""y"":718,""dx"":68,""dy"":-103,""t"":10578},{""x"":585,""y"":780,""dx"":94,""dy"":-41,""t"":10612},{""x"":592,""y"":813,""dx"":101,""dy"":-8,""t"":10646},{""x"":613,""y"":793,""dx"":122,""dy"":-28,""t"":10680},{""x"":614,""y"":792,""dx"":123,""dy"":-29,""t"":10714},{""x"":624,""y"":796,""dx"":133,""dy"":-25,""t"":10748},{""x"":629,""y"":801,""dx"":138,""dy"":-20,""t"":10782},{""x"":614,""y"":785,""dx"":123,""dy"":-36,""t"":10815},{""x"":561,""y"":742,""dx"":70,""dy"":-79,""t"":10850},{""x"":522,""y"":704,""dx"":31,""dy"":-117,""t"":10884},{""x"":488,""y"":688,""dx"":-3,""dy"":-133,""t"":10918},{""x"":464,""y"":660,""dx"":-27,""dy"":-161,""t"":10952},{""x"":458,""y"":645,""dx"":-33,""dy"":-176,""t"":10985},{""x"":446,""y"":619,""dx"":-45,""dy"":-202,""t"":11019},{""x"":415,""y"":606,""dx"":-76,""dy"":-215,""t"":11054},{""x"":433,""y"":628,""dx"":-58,""dy"":-193,""t"":11087},{""x"":449,""y"":647,""dx"":-42,""dy"":-174,""t"":11121},{""x"":451,""y"":641,""dx"":-40,""dy"":-180,""t"":11155},{""x"":443,""y"":642,""dx"":-48,""dy"":-179,""t"":11191},{""x"":438,""y"":644,""dx"":-53,""dy"":-177,""t"":11222},{""x"":472,""y"":656,""dx"":-19,""dy"":-165,""t"":11257},{""x"":510,""y"":672,""dx"":19,""dy"":-149,""t"":11291},{""x"":497,""y"":643,""dx"":6,""dy"":-178,""t"":11326},{""x"":493,""y"":666,""dx"":2,""dy"":-155,""t"":11360},{""x"":533,""y"":663,""dx"":42,""dy"":-158,""t"":11393},{""x"":546,""y"":647,""dx"":55,""dy"":-174,""t"":11429},{""x"":536,""y"":645,""dx"":45,""dy"":-176,""t"":11463},{""x"":564,""y"":648,""dx"":73,""dy"":-173,""t"":11496},{""x"":557,""y"":653,""dx"":66,""dy"":-168,""t"":11530},{""x"":578,""y"":652,""dx"":87,""dy"":-169,""t"":11564},{""x"":572,""y"":685,""dx"":81,""dy"":-136,""t"":11598},{""x"":605,""y"":707,""dx"":114,""dy"":-114,""t"":11630},{""x"":582,""y"":695,""dx"":91,""dy"":-126,""t"":11666},{""x"":635,""y"":675,""dx"":144,""dy"":-146,""t"":11701},{""x"":590,""y"":696,""dx"":99,""dy"":-125,""t"":11734},{""x"":563,""y"":708,""dx"":72,""dy"":-113,""t"":11768},{""x"":575,""y"":719,""dx"":84,""dy"":-102,""t"":11802},{""x"":595,""y"":723,""dx"":104,""dy"":-98,""t"":11836},{""x"":565,""y"":736,""dx"":74,""dy"":-85,""t"":11869},{""x"":558,""y"":734,""dx"":67,""dy"":-87,""t"":11904},{""x"":551,""y"":697,""dx"":60,""dy"":-124,""t"":11938},{""x"":522,""y"":690,""dx"":31,""dy"":-131,""t"":11972},{""x"":481,""y"":666,""dx"":-10,""dy"":-155,""t"":12006},{""x"":485,""y"":654,""dx"":-6,""dy"":-167,""t"":12039}],[{""x"":1431,""y"":693,""dx"":-20,""dy"":-128,""t"":13061},{""x"":1419,""y"":694,""dx"":-32,""dy"":-127,""t"":13094},{""x"":1407,""y"":686,""dx"":-44,""dy"":-135,""t"":13128},{""x"":1375,""y"":714,""dx"":-76,""dy"":-107,""t"":13162},{""x"":1344,""y"":725,""dx"":-107,""dy"":-96,""t"":13194},{""x"":1326,""y"":720,""dx"":-125,""dy"":-101,""t"":13230},{""x"":1327,""y"":706,""dx"":-124,""dy"":-115,""t"":13263},{""x"":1333,""y"":702,""dx"":-118,""dy"":-119,""t"":13297},{""x"":1355,""y"":687,""dx"":-96,""dy"":-134,""t"":13333},{""x"":1317,""y"":673,""dx"":-134,""dy"":-148,""t"":13367},{""x"":1352,""y"":676,""dx"":-99,""dy"":-145,""t"":13399},{""x"":1365,""y"":693,""dx"":-86,""dy"":-128,""t"":13434},{""x"":1360,""y"":690,""dx"":-91,""dy"":-131,""t"":13468},{""x"":1361,""y"":691,""dx"":-90,""dy"":-130,""t"":13502},{""x"":1391,""y"":689,""dx"":-60,""dy"":-132,""t"":13536},{""x"":1366,""y"":686,""dx"":-85,""dy"":-135,""t"":13570},{""x"":1375,""y"":692,""dx"":-76,""dy"":-129,""t"":13605},{""x"":1374,""y"":694,""dx"":-77,""dy"":-127,""t"":13638},{""x"":1384,""y"":720,""dx"":-67,""dy"":-101,""t"":13672},{""x"":1268,""y"":744,""dx"":-183,""dy"":-77,""t"":13706},{""x"":1196,""y"":792,""dx"":-255,""dy"":-29,""t"":13739},{""x"":1133,""y"":807,""dx"":-318,""dy"":-14,""t"":13773},{""x"":1094,""y"":801,""dx"":-357,""dy"":-20,""t"":13808},{""x"":1112,""y"":749,""dx"":-339,""dy"":-72,""t"":13842},{""x"":1132,""y"":736,""dx"":-319,""dy"":-85,""t"":13876},{""x"":1126,""y"":740,""dx"":-325,""dy"":-81,""t"":13909},{""x"":1172,""y"":748,""dx"":-279,""dy"":-73,""t"":13944},{""x"":1160,""y"":760,""dx"":-291,""dy"":-61,""t"":13977},{""x"":1218,""y"":754,""dx"":-233,""dy"":-67,""t"":14012},{""x"":1252,""y"":741,""dx"":-199,""dy"":-80,""t"":14046},{""x"":1291,""y"":757,""dx"":-160,""dy"":-64,""t"":14079},{""x"":1337,""y"":727,""dx"":-114,""dy"":-94,""t"":14114},{""x"":1357,""y"":753,""dx"":-94,""dy"":-68,""t"":14147},{""x"":1366,""y"":757,""dx"":-85,""dy"":-64,""t"":14181},{""x"":1363,""y"":748,""dx"":-88,""dy"":-73,""t"":14216},{""x"":1338,""y"":755,""dx"":-113,""dy"":-66,""t"":14250},{""x"":1354,""y"":758,""dx"":-97,""dy"":-63,""t"":14285},{""x"":1358,""y"":749,""dx"":-93,""dy"":-72,""t"":14318},{""x"":1351,""y"":745,""dx"":-100,""dy"":-76,""t"":14352},{""x"":1345,""y"":760,""dx"":-106,""dy"":-61,""t"":14385},{""x"":1328,""y"":761,""dx"":-123,""dy"":-60,""t"":14419},{""x"":1320,""y"":765,""dx"":-131,""dy"":-56,""t"":14453},{""x"":1337,""y"":764,""dx"":-114,""dy"":-57,""t"":14488},{""x"":1299,""y"":755,""dx"":-152,""dy"":-66,""t"":14521},{""x"":1305,""y"":768,""dx"":-146,""dy"":-53,""t"":14556},{""x"":1297,""y"":768,""dx"":-154,""dy"":-53,""t"":14590},{""x"":1285,""y"":762,""dx"":-166,""dy"":-59,""t"":14624},{""x"":1295,""y"":753,""dx"":-156,""dy"":-68,""t"":14657},{""x"":1286,""y"":750,""dx"":-165,""dy"":-71,""t"":14694},{""x"":1272,""y"":762,""dx"":-179,""dy"":-59,""t"":14726},{""x"":1273,""y"":753,""dx"":-178,""dy"":-68,""t"":14760},{""x"":1274,""y"":745,""dx"":-177,""dy"":-76,""t"":14792},{""x"":1276,""y"":744,""dx"":-175,""dy"":-77,""t"":14828},{""x"":1258,""y"":752,""dx"":-193,""dy"":-69,""t"":14862},{""x"":1267,""y"":767,""dx"":-184,""dy"":-54,""t"":14896},{""x"":1275,""y"":767,""dx"":-176,""dy"":-54,""t"":14929},{""x"":1306,""y"":761,""dx"":-145,""dy"":-60,""t"":14965},{""x"":1277,""y"":754,""dx"":-174,""dy"":-67,""t"":14998},{""x"":1260,""y"":751,""dx"":-191,""dy"":-70,""t"":15032}]]","[100,98.30508474576271,100,85,79.66101694915254]","[{""x"":27.683333333333334,""y"":48.25,""r"":84.05255227749012},{""x"":121.37288135593221,""y"":14.559322033898304,""r"":45.08948936431562},{""x"":18.728813559322035,""y"":29.71186440677966,""r"":54.25555306862109},{""x"":62.35,""y"":-135.86666666666667,""r"":98.82257506018189},{""x"":-149.72881355932202,""y"":-83.47457627118644,""r"":50.287415806060196}]","[[25,25],[75,25],[50,50],[25,75],[75,75]]","29.42","validate","recalibration","","","","","","","","",""
"","html-keyboard-response","14","155530","0.0-6.0-0.0","","","","","4409"," ","","<p>识别实验（两个刺激物）：每个试验都以 500 毫秒的固定时间开始，然后会有一个 500 毫秒的fixation，接下来是100毫秒的单个项目展示，500毫秒的空白间隔后，会呈现一个两个项目的阵列。</p> <p>实验要求：记忆单个项目，并在多个项目阵列中快速找到，左边按数字键盘的 "" 4 "" ,右边按 "" 6 "" ,不存在或者不记得的选择 "" 5 ""。</p><p>按""space""键继续。</p>","","","","","","","","","","","","","","","","",""
"","html-keyboard-response","15","156802","0.0-6.0-1.0","","","","","771"," ","","<p>要求：记忆项目的形状。</p><p>按"" ""键继续，实验开始。</p>","","","","","","","","","","","","","","","","",""
"","canvas-keyboard-response","16","157811","0.0-6.0-2.0-0.0","","","","","null","null","","","","","","","","","recognition","","[""6"",""6"",""5"",""4"",""5"",""6"",""4"",""5"",""5"",""6"",""5"",""4"",""5"",""4"",""6"",""6"",""4"",""4"",""6"",""5"",""4"",""6"",""6"",""4"",""4"",""5"",""6"",""5"",""4"",""4"",""6"",""5"",""5"",""6"",""5"",""4""]","1000","","","","","","",""
"","canvas-keyboard-response","17","157918","0.0-6.0-2.0-1.0","","","","","null","null","","","","","","","","","recognition","","[""6"",""6"",""5"",""4"",""5"",""6"",""4"",""5"",""5"",""6"",""5"",""4"",""5"",""4"",""6"",""6"",""4"",""4"",""6"",""5"",""4"",""6"",""6"",""4"",""4"",""5"",""6"",""5"",""4"",""4"",""6"",""5"",""5"",""6"",""5"",""4""]","1000","","","","","","",""
"","canvas-keyboard-response","18","159339","0.0-6.0-2.0-2.0","","","","","405","6","","[""triangle_1"",""circle""]","","","","","","","","","","","[{""x"":899,""y"":555,""t"":4},{""x"":845,""y"":573,""t"":38},{""x"":810,""y"":577,""t"":72},{""x"":804,""y"":611,""t"":106},{""x"":802,""y"":640,""t"":137},{""x"":813,""y"":646,""t"":174},{""x"":830,""y"":633,""t"":207},{""x"":871,""y"":632,""t"":241},{""x"":878,""y"":583,""t"":275},{""x"":956,""y"":560,""t"":310},{""x"":971,""y"":551,""t"":343},{""x"":1014,""y"":515,""t"":378}]","{""#container"":{""x"":410,""y"":54.390625,""width"":1100,""height"":1000,""top"":54.390625,""right"":1510,""bottom"":1054.390625,""left"":410}}","2","circle","6","true","[{""x"":250,""y"":500,""width"":92,""height"":92,""top"":454,""right"":296,""bottom"":546,""left"":204},{""x"":850,""y"":500,""width"":80,""height"":80,""top"":460,""right"":890,""bottom"":540,""left"":810}]"
"","canvas-keyboard-response","19","160345","0.0-6.0-2.0-0.1","","","","","null","null","","","","","","","","","recognition","","[""6"",""6"",""5"",""4"",""5"",""6"",""4"",""5"",""5"",""6"",""5"",""4"",""5"",""4"",""6"",""6"",""4"",""4"",""6"",""5"",""4"",""6"",""6"",""4"",""4"",""5"",""6"",""5"",""4"",""4"",""6"",""5"",""5"",""6"",""5"",""4""]","1000","","","","","","",""
"","canvas-keyboard-response","20","160462","0.0-6.0-2.0-1.1","","","","","null","null","","","","","","","","","recognition","","[""6"",""6"",""5"",""4"",""5"",""6"",""4"",""5"",""5"",""6"",""5"",""4"",""5"",""4"",""6"",""6"",""4"",""4"",""6"",""5"",""4"",""6"",""6"",""4"",""4"",""5"",""6"",""5"",""4"",""4"",""6"",""5"",""5"",""6"",""5"",""4""]","1000","","","","","","",""
"","canvas-keyboard-response","21","161820","0.0-6.0-2.0-2.1","","","","","349","6","","[""triangle_1"",""rect""]","","","","","","","","","","","[{""x"":964,""y"":523,""t"":4},{""x"":939,""y"":542,""t"":40},{""x"":884,""y"":559,""t"":69},{""x"":906,""y"":582,""t"":106},{""x"":887,""y"":586,""t"":140},{""x"":902,""y"":590,""t"":174},{""x"":911,""y"":590,""t"":207},{""x"":892,""y"":569,""t"":242},{""x"":978,""y"":578,""t"":276},{""x"":1032,""y"":573,""t"":310}]","{""#container"":{""x"":410,""y"":54.390625,""width"":1100,""height"":1000,""top"":54.390625,""right"":1510,""bottom"":1054.390625,""left"":410}}","2","rect","6","true","[{""x"":250,""y"":500,""width"":92,""height"":92,""top"":454,""right"":296,""bottom"":546,""left"":204},{""x"":850,""y"":500,""width"":80,""height"":80,""top"":460,""right"":890,""bottom"":540,""left"":810}]"
"","canvas-keyboard-response","22","162826","0.0-6.0-2.0-0.2","","","","","null","null","","","","","","","","","recognition","","[""6"",""6"",""5"",""4"",""5"",""6"",""4"",""5"",""5"",""6"",""5"",""4"",""5"",""4"",""6"",""6"",""4"",""4"",""6"",""5"",""4"",""6"",""6"",""4"",""4"",""5"",""6"",""5"",""4"",""4"",""6"",""5"",""5"",""6"",""5"",""4""]","1000","","","","","","",""
"","canvas-keyboard-response","23","162944","0.0-6.0-2.0-1.2","","","","","null","null","","","","","","","","","recognition","","[""6"",""6"",""5"",""4"",""5"",""6"",""4"",""5"",""5"",""6"",""5"",""4"",""5"",""4"",""6"",""6"",""4"",""4"",""6"",""5"",""4"",""6"",""6"",""4"",""4"",""5"",""6"",""5"",""4"",""4"",""6"",""5"",""5"",""6"",""5"",""4""]","1000","","","","","","",""
"","canvas-keyboard-response","24","164438","0.0-6.0-2.0-2.2","","","","","486","5","","[""rect"",""triangle_1""]","","","","","","","","","","","[{""x"":1046,""y"":594,""t"":4},{""x"":1031,""y"":634,""t"":37},{""x"":990,""y"":618,""t"":73},{""x"":965,""y"":621,""t"":106},{""x"":912,""y"":624,""t"":139},{""x"":905,""y"":636,""t"":174},{""x"":904,""y"":669,""t"":208},{""x"":942,""y"":659,""t"":242},{""x"":942,""y"":674,""t"":276},{""x"":991,""y"":664,""t"":310},{""x"":1020,""y"":642,""t"":343},{""x"":1054,""y"":628,""t"":378},{""x"":1075,""y"":611,""t"":411},{""x"":1064,""y"":598,""t"":445}]","{""#container"":{""x"":410,""y"":54.390625,""width"":1100,""height"":1000,""top"":54.390625,""right"":1510,""bottom"":1054.390625,""left"":410}}","2","ring_1","5","true","[{""x"":250,""y"":500,""width"":80,""height"":80,""top"":460,""right"":290,""bottom"":540,""left"":210},{""x"":850,""y"":500,""width"":92,""height"":92,""top"":454,""right"":896,""bottom"":546,""left"":804}]"
"","canvas-keyboard-response","25","165445","0.0-6.0-2.0-0.3","","","","","null","null","","","","","","","","","recognition","","[""6"",""6"",""5"",""4"",""5"",""6"",""4"",""5"",""5"",""6"",""5"",""4"",""5"",""4"",""6"",""6"",""4"",""4"",""6"",""5"",""4"",""6"",""6"",""4"",""4"",""5"",""6"",""5"",""4"",""4"",""6"",""5"",""5"",""6"",""5"",""4""]","1000","","","","","","",""
"","canvas-keyboard-response","26","165553","0.0-6.0-2.0-1.3","","","","","null","null","","","","","","","","","recognition","","[""6"",""6"",""5"",""4"",""5"",""6"",""4"",""5"",""5"",""6"",""5"",""4"",""5"",""4"",""6"",""6"",""4"",""4"",""6"",""5"",""4"",""6"",""6"",""4"",""4"",""5"",""6"",""5"",""4"",""4"",""6"",""5"",""5"",""6"",""5"",""4""]","1000","","","","","","",""
"","canvas-keyboard-response","27","166914","0.0-6.0-2.0-2.3","","","","","352","4","","[""triangle_1"",""circle""]","","","","","","","","","","","[{""x"":1009,""y"":565,""t"":4},{""x"":972,""y"":561,""t"":38},{""x"":935,""y"":580,""t"":71},{""x"":819,""y"":566,""t"":106},{""x"":808,""y"":531,""t"":140},{""x"":720,""y"":531,""t"":174},{""x"":674,""y"":519,""t"":207},{""x"":649,""y"":501,""t"":242},{""x"":686,""y"":520,""t"":276},{""x"":644,""y"":500,""t"":309}]","{""#container"":{""x"":410,""y"":54.390625,""width"":1100,""height"":1000,""top"":54.390625,""right"":1510,""bottom"":1054.390625,""left"":410}}","2","triangle_1","4","true","[{""x"":250,""y"":500,""width"":92,""height"":92,""top"":454,""right"":296,""bottom"":546,""left"":204},{""x"":850,""y"":500,""width"":80,""height"":80,""top"":460,""right"":890,""bottom"":540,""left"":810}]"
"","canvas-keyboard-response","28","167920","0.0-6.0-2.0-0.4","","","","","null","null","","","","","","","","","recognition","","[""6"",""6"",""5"",""4"",""5"",""6"",""4"",""5"",""5"",""6"",""5"",""4"",""5"",""4"",""6"",""6"",""4"",""4"",""6"",""5"",""4"",""6"",""6"",""4"",""4"",""5"",""6"",""5"",""4"",""4"",""6"",""5"",""5"",""6"",""5"",""4""]","1000","","","","","","",""
"","canvas-keyboard-response","29","168033","0.0-6.0-2.0-1.4","","","","","null","null","","","","","","","","","recognition","","[""6"",""6"",""5"",""4"",""5"",""6"",""4"",""5"",""5"",""6"",""5"",""4"",""5"",""4"",""6"",""6"",""4"",""4"",""6"",""5"",""4"",""6"",""6"",""4"",""4"",""5"",""6"",""5"",""4"",""4"",""6"",""5"",""5"",""6"",""5"",""4""]","1000","","","","","","",""
"","canvas-keyboard-response","30","169586","0.0-6.0-2.0-2.4","","","","","545","5","","[""triangle_1"",""rect""]","","","","","","","","","","","[{""x"":706,""y"":522,""t"":4},{""x"":765,""y"":545,""t"":38},{""x"":799,""y"":570,""t"":73},{""x"":789,""y"":599,""t"":106},{""x"":832,""y"":630,""t"":140},{""x"":868,""y"":599,""t"":173},{""x"":915,""y"":623,""t"":209},{""x"":928,""y"":624,""t"":241},{""x"":1003,""y"":603,""t"":276},{""x"":1118,""y"":577,""t"":309},{""x"":1146,""y"":571,""t"":343},{""x"":1137,""y"":616,""t"":378},{""x"":1196,""y"":602,""t"":412},{""x"":1236,""y"":591,""t"":446},{""x"":1202,""y"":605,""t"":479},{""x"":1129,""y"":604,""t"":513}]","{""#container"":{""x"":410,""y"":54.390625,""width"":1100,""height"":1000,""top"":54.390625,""right"":1510,""bottom"":1054.390625,""left"":410}}","2","circle","5","true","[{""x"":250,""y"":500,""width"":92,""height"":92,""top"":454,""right"":296,""bottom"":546,""left"":204},{""x"":850,""y"":500,""width"":80,""height"":80,""top"":460,""right"":890,""bottom"":540,""left"":810}]"
"","canvas-keyboard-response","31","170594","0.0-6.0-2.0-0.5","","","","","null","null","","","","","","","","","recognition","","[""6"",""6"",""5"",""4"",""5"",""6"",""4"",""5"",""5"",""6"",""5"",""4"",""5"",""4"",""6"",""6"",""4"",""4"",""6"",""5"",""4"",""6"",""6"",""4"",""4"",""5"",""6"",""5"",""4"",""4"",""6"",""5"",""5"",""6"",""5"",""4""]","1000","","","","","","",""
"","canvas-keyboard-response","32","170702","0.0-6.0-2.0-1.5","","","","","null","null","","","","","","","","","recognition","","[""6"",""6"",""5"",""4"",""5"",""6"",""4"",""5"",""5"",""6"",""5"",""4"",""5"",""4"",""6"",""6"",""4"",""4"",""6"",""5"",""4"",""6"",""6"",""4"",""4"",""5"",""6"",""5"",""4"",""4"",""6"",""5"",""5"",""6"",""5"",""4""]","1000","","","","","","",""
"","canvas-keyboard-response","33","172110","0.0-6.0-2.0-2.5","","","","","399","6","","[""circle"",""rect_1""]","","","","","","","","","","","[{""x"":1014,""y"":600,""t"":4},{""x"":945,""y"":612,""t"":35},{""x"":906,""y"":629,""t"":72},{""x"":870,""y"":645,""t"":106},{""x"":827,""y"":633,""t"":139},{""x"":798,""y"":646,""t"":174},{""x"":772,""y"":617,""t"":208},{""x"":752,""y"":587,""t"":242},{""x"":775,""y"":586,""t"":276},{""x"":887,""y"":599,""t"":309},{""x"":1005,""y"":592,""t"":345},{""x"":1105,""y"":602,""t"":378}]","{""#container"":{""x"":410,""y"":54.390625,""width"":1100,""height"":1000,""top"":54.390625,""right"":1510,""bottom"":1054.390625,""left"":410}}","2","rect_1","6","true","[{""x"":250,""y"":500,""width"":80,""height"":80,""top"":460,""right"":290,""bottom"":540,""left"":210},{""x"":850,""y"":500,""width"":80,""height"":80,""top"":460,""right"":890,""bottom"":540,""left"":810}]"
"","canvas-keyboard-response","34","173117","0.0-6.0-2.0-0.6","","","","","null","null","","","","","","","","","recognition","","[""6"",""6"",""5"",""4"",""5"",""6"",""4"",""5"",""5"",""6"",""5"",""4"",""5"",""4"",""6"",""6"",""4"",""4"",""6"",""5"",""4"",""6"",""6"",""4"",""4"",""5"",""6"",""5"",""4"",""4"",""6"",""5"",""5"",""6"",""5"",""4""]","1000","","","","","","",""
"","canvas-keyboard-response","35","173225","0.0-6.0-2.0-1.6","","","","","null","null","","","","","","","","","recognition","","[""6"",""6"",""5"",""4"",""5"",""6"",""4"",""5"",""5"",""6"",""5"",""4"",""5"",""4"",""6"",""6"",""4"",""4"",""6"",""5"",""4"",""6"",""6"",""4"",""4"",""5"",""6"",""5"",""4"",""4"",""6"",""5"",""5"",""6"",""5"",""4""]","1000","","","","","","",""
"","canvas-keyboard-response","36","174594","0.0-6.0-2.0-2.6","","","","","361","4","","[""ring_1"",""rect""]","","","","","","","","","","","[{""x"":1046,""y"":613,""t"":4},{""x"":1007,""y"":610,""t"":41},{""x"":972,""y"":624,""t"":72},{""x"":908,""y"":616,""t"":106},{""x"":889,""y"":627,""t"":140},{""x"":843,""y"":635,""t"":174},{""x"":802,""y"":639,""t"":208},{""x"":775,""y"":642,""t"":242},{""x"":775,""y"":646,""t"":274},{""x"":720,""y"":631,""t"":309}]","{""#container"":{""x"":410,""y"":54.390625,""width"":1100,""height"":1000,""top"":54.390625,""right"":1510,""bottom"":1054.390625,""left"":410}}","2","ring_1","4","true","[{""x"":250,""y"":500,""width"":80,""height"":80,""top"":460,""right"":290,""bottom"":540,""left"":210},{""x"":850,""y"":500,""width"":80,""height"":80,""top"":460,""right"":890,""bottom"":540,""left"":810}]"
"","canvas-keyboard-response","37","175602","0.0-6.0-2.0-0.7","","","","","null","null","","","","","","","","","recognition","","[""6"",""6"",""5"",""4"",""5"",""6"",""4"",""5"",""5"",""6"",""5"",""4"",""5"",""4"",""6"",""6"",""4"",""4"",""6"",""5"",""4"",""6"",""6"",""4"",""4"",""5"",""6"",""5"",""4"",""4"",""6"",""5"",""5"",""6"",""5"",""4""]","1000","","","","","","",""
"","canvas-keyboard-response","38","175710","0.0-6.0-2.0-1.7","","","","","null","null","","","","","","","","","recognition","","[""6"",""6"",""5"",""4"",""5"",""6"",""4"",""5"",""5"",""6"",""5"",""4"",""5"",""4"",""6"",""6"",""4"",""4"",""6"",""5"",""4"",""6"",""6"",""4"",""4"",""5"",""6"",""5"",""4"",""4"",""6"",""5"",""5"",""6"",""5"",""4""]","1000","","","","","","",""
"","canvas-keyboard-response","39","177337","0.0-6.0-2.0-2.7","","","","","610","5","","[""rect_1"",""triangle""]","","","","","","","","","","","[{""x"":703,""y"":629,""t"":4},{""x"":781,""y"":651,""t"":38},{""x"":821,""y"":659,""t"":73},{""x"":847,""y"":666,""t"":106},{""x"":850,""y"":676,""t"":139},{""x"":900,""y"":677,""t"":174},{""x"":899,""y"":654,""t"":207},{""x"":880,""y"":652,""t"":241},{""x"":886,""y"":652,""t"":275},{""x"":900,""y"":633,""t"":310},{""x"":952,""y"":612,""t"":344},{""x"":1023,""y"":623,""t"":377},{""x"":1047,""y"":582,""t"":412},{""x"":1125,""y"":577,""t"":446},{""x"":1143,""y"":556,""t"":481},{""x"":1168,""y"":581,""t"":513},{""x"":1180,""y"":593,""t"":545},{""x"":1195,""y"":581,""t"":582}]","{""#container"":{""x"":410,""y"":54.390625,""width"":1100,""height"":1000,""top"":54.390625,""right"":1510,""bottom"":1054.390625,""left"":410}}","2","circle","5","true","[{""x"":250,""y"":500,""width"":80,""height"":80,""top"":460,""right"":290,""bottom"":540,""left"":210},{""x"":850,""y"":500,""width"":92,""height"":92,""top"":454,""right"":896,""bottom"":546,""left"":804}]"
"","canvas-keyboard-response","40","178342","0.0-6.0-2.0-0.8","","","","","null","null","","","","","","","","","recognition","","[""6"",""6"",""5"",""4"",""5"",""6"",""4"",""5"",""5"",""6"",""5"",""4"",""5"",""4"",""6"",""6"",""4"",""4"",""6"",""5"",""4"",""6"",""6"",""4"",""4"",""5"",""6"",""5"",""4"",""4"",""6"",""5"",""5"",""6"",""5"",""4""]","1000","","","","","","",""
"","canvas-keyboard-response","41","178458","0.0-6.0-2.0-1.8","","","","","null","null","","","","","","","","","recognition","","[""6"",""6"",""5"",""4"",""5"",""6"",""4"",""5"",""5"",""6"",""5"",""4"",""5"",""4"",""6"",""6"",""4"",""4"",""6"",""5"",""4"",""6"",""6"",""4"",""4"",""5"",""6"",""5"",""4"",""4"",""6"",""5"",""5"",""6"",""5"",""4""]","1000","","","","","","",""
"","canvas-keyboard-response","42","179873","0.0-6.0-2.0-2.8","","","","","406","6","","[""triangle"",""ring_1""]","","","","","","","","","","","[{""x"":1103,""y"":587,""t"":4},{""x"":1015,""y"":603,""t"":38},{""x"":952,""y"":595,""t"":73},{""x"":894,""y"":623,""t"":106},{""x"":881,""y"":668,""t"":140},{""x"":790,""y"":655,""t"":173},{""x"":715,""y"":642,""t"":205},{""x"":705,""y"":663,""t"":241},{""x"":733,""y"":694,""t"":275},{""x"":772,""y"":708,""t"":309},{""x"":830,""y"":730,""t"":344},{""x"":941,""y"":714,""t"":377}]","{""#container"":{""x"":410,""y"":54.390625,""width"":1100,""height"":1000,""top"":54.390625,""right"":1510,""bottom"":1054.390625,""left"":410}}","2","rect_1","5","false","[{""x"":250,""y"":500,""width"":92,""height"":92,""top"":454,""right"":296,""bottom"":546,""left"":204},{""x"":850,""y"":500,""width"":80,""height"":80,""top"":460,""right"":890,""bottom"":540,""left"":810}]"
"","html-keyboard-response","43","180876","0.0-6.0-2.0-3.8-0.8-0.8","","","","","null","null","","<div id=""errorinfo"">Error</div>","","","","","","","recognition","","[""6"",""6"",""5"",""4"",""5"",""6"",""4"",""5"",""5"",""6"",""5"",""4"",""5"",""4"",""6"",""6"",""4"",""4"",""6"",""5"",""4"",""6"",""6"",""4"",""4"",""5"",""6"",""5"",""4"",""4"",""6"",""5"",""5"",""6"",""5"",""4""]","1000","","","","","","",""
"","canvas-keyboard-response","44","181886","0.0-6.0-2.0-0.9","","","","","null","null","","","","","","","","","recognition","","[""6"",""6"",""5"",""4"",""5"",""6"",""4"",""5"",""5"",""6"",""5"",""4"",""5"",""4"",""6"",""6"",""4"",""4"",""6"",""5"",""4"",""6"",""6"",""4"",""4"",""5"",""6"",""5"",""4"",""4"",""6"",""5"",""5"",""6"",""5"",""4""]","1000","","","","","","",""
"","canvas-keyboard-response","45","181994","0.0-6.0-2.0-1.9","","","","","null","null","","","","","","","","","recognition","","[""6"",""6"",""5"",""4"",""5"",""6"",""4"",""5"",""5"",""6"",""5"",""4"",""5"",""4"",""6"",""6"",""4"",""4"",""6"",""5"",""4"",""6"",""6"",""4"",""4"",""5"",""6"",""5"",""4"",""4"",""6"",""5"",""5"",""6"",""5"",""4""]","1000","","","","","","",""
"","canvas-keyboard-response","46","183521","0.0-6.0-2.0-2.9","","","","","520","6","","[""rect_1"",""triangle""]","","","","","","","","","","","[{""x"":929,""y"":715,""t"":4},{""x"":942,""y"":665,""t"":38},{""x"":941,""y"":580,""t"":72},{""x"":914,""y"":569,""t"":106},{""x"":927,""y"":594,""t"":140},{""x"":921,""y"":614,""t"":173},{""x"":935,""y"":622,""t"":209},{""x"":960,""y"":600,""t"":239},{""x"":998,""y"":595,""t"":276},{""x"":926,""y"":607,""t"":310},{""x"":889,""y"":624,""t"":344},{""x"":875,""y"":656,""t"":377},{""x"":928,""y"":661,""t"":412},{""x"":965,""y"":658,""t"":447},{""x"":1019,""y"":663,""t"":481}]","{""#container"":{""x"":410,""y"":54.390625,""width"":1100,""height"":1000,""top"":54.390625,""right"":1510,""bottom"":1054.390625,""left"":410}}","2","triangle","6","true","[{""x"":250,""y"":500,""width"":80,""height"":80,""top"":460,""right"":290,""bottom"":540,""left"":210},{""x"":850,""y"":500,""width"":92,""height"":92,""top"":454,""right"":896,""bottom"":546,""left"":804}]"
"","canvas-keyboard-response","47","184529","0.0-6.0-2.0-0.10","","","","","null","null","","","","","","","","","recognition","","[""6"",""6"",""5"",""4"",""5"",""6"",""4"",""5"",""5"",""6"",""5"",""4"",""5"",""4"",""6"",""6"",""4"",""4"",""6"",""5"",""4"",""6"",""6"",""4"",""4"",""5"",""6"",""5"",""4"",""4"",""6"",""5"",""5"",""6"",""5"",""4""]","1000","","","","","","",""
"","canvas-keyboard-response","48","184634","0.0-6.0-2.0-1.10","","","","","null","null","","","","","","","","","recognition","","[""6"",""6"",""5"",""4"",""5"",""6"",""4"",""5"",""5"",""6"",""5"",""4"",""5"",""4"",""6"",""6"",""4"",""4"",""6"",""5"",""4"",""6"",""6"",""4"",""4"",""5"",""6"",""5"",""4"",""4"",""6"",""5"",""5"",""6"",""5"",""4""]","1000","","","","","","",""
"","canvas-keyboard-response","49","186058","0.0-6.0-2.0-2.10","","","","","405","4","","[""rect_1"",""triangle""]","","","","","","","","","","","[{""x"":1043,""y"":581,""t"":4},{""x"":1016,""y"":582,""t"":41},{""x"":958,""y"":559,""t"":72},{""x"":912,""y"":532,""t"":106},{""x"":880,""y"":535,""t"":139},{""x"":881,""y"":528,""t"":173},{""x"":875,""y"":539,""t"":208},{""x"":837,""y"":538,""t"":242},{""x"":793,""y"":555,""t"":275},{""x"":771,""y"":532,""t"":309},{""x"":717,""y"":508,""t"":345},{""x"":679,""y"":498,""t"":377}]","{""#container"":{""x"":410,""y"":54.390625,""width"":1100,""height"":1000,""top"":54.390625,""right"":1510,""bottom"":1054.390625,""left"":410}}","2","ring_1","5","false","[{""x"":250,""y"":500,""width"":80,""height"":80,""top"":460,""right"":290,""bottom"":540,""left"":210},{""x"":850,""y"":500,""width"":92,""height"":92,""top"":454,""right"":896,""bottom"":546,""left"":804}]"
"","html-keyboard-response","50","187061","0.0-6.0-2.0-3.10-0.10-0.10","","","","","null","null","","<div id=""errorinfo"">Error</div>","","","","","","","recognition","","[""6"",""6"",""5"",""4"",""5"",""6"",""4"",""5"",""5"",""6"",""5"",""4"",""5"",""4"",""6"",""6"",""4"",""4"",""6"",""5"",""4"",""6"",""6"",""4"",""4"",""5"",""6"",""5"",""4"",""4"",""6"",""5"",""5"",""6"",""5"",""4""]","1000","","","","","","",""
"","canvas-keyboard-response","51","188069","0.0-6.0-2.0-0.11","","","","","null","null","","","","","","","","","recognition","","[""6"",""6"",""5"",""4"",""5"",""6"",""4"",""5"",""5"",""6"",""5"",""4"",""5"",""4"",""6"",""6"",""4"",""4"",""6"",""5"",""4"",""6"",""6"",""4"",""4"",""5"",""6"",""5"",""4"",""4"",""6"",""5"",""5"",""6"",""5"",""4""]","1000","","","","","","",""
"","canvas-keyboard-response","52","188178","0.0-6.0-2.0-1.11","","","","","null","null","","","","","","","","","recognition","","[""6"",""6"",""5"",""4"",""5"",""6"",""4"",""5"",""5"",""6"",""5"",""4"",""5"",""4"",""6"",""6"",""4"",""4"",""6"",""5"",""4"",""6"",""6"",""4"",""4"",""5"",""6"",""5"",""4"",""4"",""6"",""5"",""5"",""6"",""5"",""4""]","1000","","","","","","",""
"","canvas-keyboard-response","53","189674","0.0-6.0-2.0-2.11","","","","","486","4","","[""rect_1"",""triangle""]","","","","","","","","","","","[{""x"":684,""y"":475,""t"":4},{""x"":714,""y"":485,""t"":38},{""x"":712,""y"":461,""t"":72},{""x"":731,""y"":467,""t"":106},{""x"":723,""y"":473,""t"":140},{""x"":691,""y"":482,""t"":174},{""x"":715,""y"":442,""t"":208},{""x"":750,""y"":429,""t"":242},{""x"":759,""y"":444,""t"":275},{""x"":716,""y"":457,""t"":310},{""x"":733,""y"":478,""t"":343},{""x"":690,""y"":481,""t"":378},{""x"":687,""y"":449,""t"":412},{""x"":670,""y"":475,""t"":445}]","{""#container"":{""x"":410,""y"":54.390625,""width"":1100,""height"":1000,""top"":54.390625,""right"":1510,""bottom"":1054.390625,""left"":410}}","2","rect_1","4","true","[{""x"":250,""y"":500,""width"":80,""height"":80,""top"":460,""right"":290,""bottom"":540,""left"":210},{""x"":850,""y"":500,""width"":92,""height"":92,""top"":454,""right"":896,""bottom"":546,""left"":804}]"
"","canvas-keyboard-response","54","190681","0.0-6.0-2.0-0.12","","","","","null","null","","","","","","","","","recognition","","[""6"",""6"",""5"",""4"",""5"",""6"",""4"",""5"",""5"",""6"",""5"",""4"",""5"",""4"",""6"",""6"",""4"",""4"",""6"",""5"",""4"",""6"",""6"",""4"",""4"",""5"",""6"",""5"",""4"",""4"",""6"",""5"",""5"",""6"",""5"",""4""]","1000","","","","","","",""
"","canvas-keyboard-response","55","190795","0.0-6.0-2.0-1.12","","","","","null","null","","","","","","","","","recognition","","[""6"",""6"",""5"",""4"",""5"",""6"",""4"",""5"",""5"",""6"",""5"",""4"",""5"",""4"",""6"",""6"",""4"",""4"",""6"",""5"",""4"",""6"",""6"",""4"",""4"",""5"",""6"",""5"",""4"",""4"",""6"",""5"",""5"",""6"",""5"",""4""]","1000","","","","","","",""
"","canvas-keyboard-response","56","192491","0.0-6.0-2.0-2.12","","","","","689","5","","[""triangle_1"",""circle""]","","","","","","","","","","","[{""x"":651,""y"":524,""t"":4},{""x"":723,""y"":517,""t"":38},{""x"":745,""y"":513,""t"":72},{""x"":763,""y"":539,""t"":107},{""x"":781,""y"":529,""t"":140},{""x"":809,""y"":514,""t"":174},{""x"":798,""y"":520,""t"":208},{""x"":838,""y"":553,""t"":242},{""x"":810,""y"":557,""t"":275},{""x"":796,""y"":553,""t"":310},{""x"":847,""y"":500,""t"":344},{""x"":878,""y"":457,""t"":377},{""x"":904,""y"":418,""t"":412},{""x"":907,""y"":403,""t"":446},{""x"":901,""y"":429,""t"":479},{""x"":917,""y"":454,""t"":513},{""x"":929,""y"":476,""t"":546},{""x"":908,""y"":503,""t"":582},{""x"":882,""y"":528,""t"":616},{""x"":864,""y"":493,""t"":650}]","{""#container"":{""x"":410,""y"":54.390625,""width"":1100,""height"":1000,""top"":54.390625,""right"":1510,""bottom"":1054.390625,""left"":410}}","2","rect","5","true","[{""x"":250,""y"":500,""width"":92,""height"":92,""top"":454,""right"":296,""bottom"":546,""left"":204},{""x"":850,""y"":500,""width"":80,""height"":80,""top"":460,""right"":890,""bottom"":540,""left"":810}]"
"","canvas-keyboard-response","57","193498","0.0-6.0-2.0-0.13","","","","","null","null","","","","","","","","","recognition","","[""6"",""6"",""5"",""4"",""5"",""6"",""4"",""5"",""5"",""6"",""5"",""4"",""5"",""4"",""6"",""6"",""4"",""4"",""6"",""5"",""4"",""6"",""6"",""4"",""4"",""5"",""6"",""5"",""4"",""4"",""6"",""5"",""5"",""6"",""5"",""4""]","1000","","","","","","",""
"","canvas-keyboard-response","58","193619","0.0-6.0-2.0-1.13","","","","","null","null","","","","","","","","","recognition","","[""6"",""6"",""5"",""4"",""5"",""6"",""4"",""5"",""5"",""6"",""5"",""4"",""5"",""4"",""6"",""6"",""4"",""4"",""6"",""5"",""4"",""6"",""6"",""4"",""4"",""5"",""6"",""5"",""4"",""4"",""6"",""5"",""5"",""6"",""5"",""4""]","1000","","","","","","",""
"","canvas-keyboard-response","59","195114","0.0-6.0-2.0-2.13","","","","","487","4","","[""circle"",""triangle_1""]","","","","","","","","","","","[{""x"":875,""y"":494,""t"":4},{""x"":881,""y"":539,""t"":39},{""x"":876,""y"":542,""t"":71},{""x"":825,""y"":512,""t"":105},{""x"":827,""y"":502,""t"":140},{""x"":805,""y"":450,""t"":174},{""x"":786,""y"":444,""t"":208},{""x"":785,""y"":418,""t"":241},{""x"":737,""y"":420,""t"":276},{""x"":726,""y"":444,""t"":310},{""x"":664,""y"":433,""t"":343},{""x"":599,""y"":409,""t"":378},{""x"":581,""y"":373,""t"":411},{""x"":532,""y"":386,""t"":446}]","{""#container"":{""x"":410,""y"":54.390625,""width"":1100,""height"":1000,""top"":54.390625,""right"":1510,""bottom"":1054.390625,""left"":410}}","2","circle","4","true","[{""x"":250,""y"":500,""width"":80,""height"":80,""top"":460,""right"":290,""bottom"":540,""left"":210},{""x"":850,""y"":500,""width"":92,""height"":92,""top"":454,""right"":896,""bottom"":546,""left"":804}]"
"","canvas-keyboard-response","60","196122","0.0-6.0-2.0-0.14","","","","","null","null","","","","","","","","","recognition","","[""6"",""6"",""5"",""4"",""5"",""6"",""4"",""5"",""5"",""6"",""5"",""4"",""5"",""4"",""6"",""6"",""4"",""4"",""6"",""5"",""4"",""6"",""6"",""4"",""4"",""5"",""6"",""5"",""4"",""4"",""6"",""5"",""5"",""6"",""5"",""4""]","1000","","","","","","",""
"","canvas-keyboard-response","61","196229","0.0-6.0-2.0-1.14","","","","","null","null","","","","","","","","","recognition","","[""6"",""6"",""5"",""4"",""5"",""6"",""4"",""5"",""5"",""6"",""5"",""4"",""5"",""4"",""6"",""6"",""4"",""4"",""6"",""5"",""4"",""6"",""6"",""4"",""4"",""5"",""6"",""5"",""4"",""4"",""6"",""5"",""5"",""6"",""5"",""4""]","1000","","","","","","",""
"","canvas-keyboard-response","62","197618","0.0-6.0-2.0-2.14","","","","","372","6","","[""rect"",""triangle_1""]","","","","","","","","","","","[{""x"":569,""y"":480,""t"":4},{""x"":609,""y"":499,""t"":38},{""x"":659,""y"":543,""t"":72},{""x"":661,""y"":563,""t"":106},{""x"":710,""y"":571,""t"":140},{""x"":736,""y"":596,""t"":174},{""x"":739,""y"":631,""t"":207},{""x"":788,""y"":646,""t"":241},{""x"":829,""y"":656,""t"":273},{""x"":818,""y"":681,""t"":309},{""x"":843,""y"":695,""t"":343}]","{""#container"":{""x"":410,""y"":54.390625,""width"":1100,""height"":1000,""top"":54.390625,""right"":1510,""bottom"":1054.390625,""left"":410}}","2","triangle_1","6","true","[{""x"":250,""y"":500,""width"":80,""height"":80,""top"":460,""right"":290,""bottom"":540,""left"":210},{""x"":850,""y"":500,""width"":92,""height"":92,""top"":454,""right"":896,""bottom"":546,""left"":804}]"
"","canvas-keyboard-response","63","198624","0.0-6.0-2.0-0.15","","","","","null","null","","","","","","","","","recognition","","[""6"",""6"",""5"",""4"",""5"",""6"",""4"",""5"",""5"",""6"",""5"",""4"",""5"",""4"",""6"",""6"",""4"",""4"",""6"",""5"",""4"",""6"",""6"",""4"",""4"",""5"",""6"",""5"",""4"",""4"",""6"",""5"",""5"",""6"",""5"",""4""]","1000","","","","","","",""
"","canvas-keyboard-response","64","198740","0.0-6.0-2.0-1.15","","","","","null","null","","","","","","","","","recognition","","[""6"",""6"",""5"",""4"",""5"",""6"",""4"",""5"",""5"",""6"",""5"",""4"",""5"",""4"",""6"",""6"",""4"",""4"",""6"",""5"",""4"",""6"",""6"",""4"",""4"",""5"",""6"",""5"",""4"",""4"",""6"",""5"",""5"",""6"",""5"",""4""]","1000","","","","","","",""
"","canvas-keyboard-response","65","200169","0.0-6.0-2.0-2.15","","","","","421","6","","[""triangle"",""ring_1""]","","","","","","","","","","","[{""x"":846,""y"":659,""t"":5},{""x"":811,""y"":634,""t"":38},{""x"":840,""y"":652,""t"":72},{""x"":834,""y"":634,""t"":106},{""x"":840,""y"":579,""t"":137},{""x"":872,""y"":593,""t"":174},{""x"":867,""y"":603,""t"":208},{""x"":843,""y"":582,""t"":241},{""x"":832,""y"":560,""t"":276},{""x"":797,""y"":526,""t"":310},{""x"":806,""y"":515,""t"":345},{""x"":820,""y"":496,""t"":378}]","{""#container"":{""x"":410,""y"":54.390625,""width"":1100,""height"":1000,""top"":54.390625,""right"":1510,""bottom"":1054.390625,""left"":410}}","2","ring_1","6","true","[{""x"":250,""y"":500,""width"":92,""height"":92,""top"":454,""right"":296,""bottom"":546,""left"":204},{""x"":850,""y"":500,""width"":80,""height"":80,""top"":460,""right"":890,""bottom"":540,""left"":810}]"
"","canvas-keyboard-response","66","201177","0.0-6.0-2.0-0.16","","","","","null","null","","","","","","","","","recognition","","[""6"",""6"",""5"",""4"",""5"",""6"",""4"",""5"",""5"",""6"",""5"",""4"",""5"",""4"",""6"",""6"",""4"",""4"",""6"",""5"",""4"",""6"",""6"",""4"",""4"",""5"",""6"",""5"",""4"",""4"",""6"",""5"",""5"",""6"",""5"",""4""]","1000","","","","","","",""
"","canvas-keyboard-response","67","201284","0.0-6.0-2.0-1.16","","","","","null","null","","","","","","","","","recognition","","[""6"",""6"",""5"",""4"",""5"",""6"",""4"",""5"",""5"",""6"",""5"",""4"",""5"",""4"",""6"",""6"",""4"",""4"",""6"",""5"",""4"",""6"",""6"",""4"",""4"",""5"",""6"",""5"",""4"",""4"",""6"",""5"",""5"",""6"",""5"",""4""]","1000","","","","","","",""
"","canvas-keyboard-response","68","202641","0.0-6.0-2.0-2.16","","","","","350","4","","[""rect"",""ring_1""]","","","","","","","","","","","[{""x"":815,""y"":431,""t"":4},{""x"":780,""y"":402,""t"":39},{""x"":803,""y"":416,""t"":72},{""x"":770,""y"":389,""t"":106},{""x"":780,""y"":391,""t"":140},{""x"":789,""y"":389,""t"":174},{""x"":744,""y"":394,""t"":208},{""x"":770,""y"":397,""t"":242},{""x"":723,""y"":399,""t"":276},{""x"":682,""y"":380,""t"":310}]","{""#container"":{""x"":410,""y"":54.390625,""width"":1100,""height"":1000,""top"":54.390625,""right"":1510,""bottom"":1054.390625,""left"":410}}","2","rect","4","true","[{""x"":250,""y"":500,""width"":80,""height"":80,""top"":460,""right"":290,""bottom"":540,""left"":210},{""x"":850,""y"":500,""width"":80,""height"":80,""top"":460,""right"":890,""bottom"":540,""left"":810}]"
"","canvas-keyboard-response","69","203649","0.0-6.0-2.0-0.17","","","","","null","null","","","","","","","","","recognition","","[""6"",""6"",""5"",""4"",""5"",""6"",""4"",""5"",""5"",""6"",""5"",""4"",""5"",""4"",""6"",""6"",""4"",""4"",""6"",""5"",""4"",""6"",""6"",""4"",""4"",""5"",""6"",""5"",""4"",""4"",""6"",""5"",""5"",""6"",""5"",""4""]","1000","","","","","","",""
"","canvas-keyboard-response","70","203755","0.0-6.0-2.0-1.17","","","","","null","null","","","","","","","","","recognition","","[""6"",""6"",""5"",""4"",""5"",""6"",""4"",""5"",""5"",""6"",""5"",""4"",""5"",""4"",""6"",""6"",""4"",""4"",""6"",""5"",""4"",""6"",""6"",""4"",""4"",""5"",""6"",""5"",""4"",""4"",""6"",""5"",""5"",""6"",""5"",""4""]","1000","","","","","","",""
"","canvas-keyboard-response","71","205161","0.0-6.0-2.0-2.17","","","","","399","4","","[""triangle"",""ring_1""]","","","","","","","","","","","[{""x"":731,""y"":421,""t"":4},{""x"":727,""y"":416,""t"":39},{""x"":765,""y"":413,""t"":72},{""x"":816,""y"":413,""t"":106},{""x"":855,""y"":444,""t"":140},{""x"":885,""y"":481,""t"":174},{""x"":862,""y"":463,""t"":207},{""x"":887,""y"":506,""t"":242},{""x"":866,""y"":490,""t"":275},{""x"":815,""y"":434,""t"":309},{""x"":786,""y"":408,""t"":344},{""x"":752,""y"":390,""t"":378}]","{""#container"":{""x"":410,""y"":54.390625,""width"":1100,""height"":1000,""top"":54.390625,""right"":1510,""bottom"":1054.390625,""left"":410}}","2","triangle","4","true","[{""x"":250,""y"":500,""width"":92,""height"":92,""top"":454,""right"":296,""bottom"":546,""left"":204},{""x"":850,""y"":500,""width"":80,""height"":80,""top"":460,""right"":890,""bottom"":540,""left"":810}]"
"","canvas-keyboard-response","72","206169","0.0-6.0-2.0-0.18","","","","","null","null","","","","","","","","","recognition","","[""6"",""6"",""5"",""4"",""5"",""6"",""4"",""5"",""5"",""6"",""5"",""4"",""5"",""4"",""6"",""6"",""4"",""4"",""6"",""5"",""4"",""6"",""6"",""4"",""4"",""5"",""6"",""5"",""4"",""4"",""6"",""5"",""5"",""6"",""5"",""4""]","1000","","","","","","",""
"","canvas-keyboard-response","73","206276","0.0-6.0-2.0-1.18","","","","","null","null","","","","","","","","","recognition","","[""6"",""6"",""5"",""4"",""5"",""6"",""4"",""5"",""5"",""6"",""5"",""4"",""5"",""4"",""6"",""6"",""4"",""4"",""6"",""5"",""4"",""6"",""6"",""4"",""4"",""5"",""6"",""5"",""4"",""4"",""6"",""5"",""5"",""6"",""5"",""4""]","1000","","","","","","",""
"","canvas-keyboard-response","74","207690","0.0-6.0-2.0-2.18","","","","","405","6","","[""triangle"",""ring_1""]","","","","","","","","","","","[{""x"":748,""y"":423,""t"":4},{""x"":757,""y"":456,""t"":39},{""x"":769,""y"":474,""t"":72},{""x"":780,""y"":489,""t"":104},{""x"":763,""y"":478,""t"":140},{""x"":731,""y"":454,""t"":173},{""x"":762,""y"":450,""t"":208},{""x"":762,""y"":447,""t"":241},{""x"":806,""y"":468,""t"":276},{""x"":900,""y"":470,""t"":310},{""x"":986,""y"":479,""t"":344},{""x"":1015,""y"":496,""t"":378}]","{""#container"":{""x"":410,""y"":54.390625,""width"":1100,""height"":1000,""top"":54.390625,""right"":1510,""bottom"":1054.390625,""left"":410}}","2","ring_1","6","true","[{""x"":250,""y"":500,""width"":92,""height"":92,""top"":454,""right"":296,""bottom"":546,""left"":204},{""x"":850,""y"":500,""width"":80,""height"":80,""top"":460,""right"":890,""bottom"":540,""left"":810}]"
"","canvas-keyboard-response","75","208697","0.0-6.0-2.0-0.19","","","","","null","null","","","","","","","","","recognition","","[""6"",""6"",""5"",""4"",""5"",""6"",""4"",""5"",""5"",""6"",""5"",""4"",""5"",""4"",""6"",""6"",""4"",""4"",""6"",""5"",""4"",""6"",""6"",""4"",""4"",""5"",""6"",""5"",""4"",""4"",""6"",""5"",""5"",""6"",""5"",""4""]","1000","","","","","","",""
"","canvas-keyboard-response","76","208806","0.0-6.0-2.0-1.19","","","","","null","null","","","","","","","","","recognition","","[""6"",""6"",""5"",""4"",""5"",""6"",""4"",""5"",""5"",""6"",""5"",""4"",""5"",""4"",""6"",""6"",""4"",""4"",""6"",""5"",""4"",""6"",""6"",""4"",""4"",""5"",""6"",""5"",""4"",""4"",""6"",""5"",""5"",""6"",""5"",""4""]","1000","","","","","","",""
"","canvas-keyboard-response","77","210410","0.0-6.0-2.0-2.19","","","","","595","5","","[""rect"",""triangle_1""]","","","","","","","","","","","[{""x"":1012,""y"":517,""t"":4},{""x"":979,""y"":479,""t"":38},{""x"":961,""y"":488,""t"":73},{""x"":937,""y"":477,""t"":105},{""x"":950,""y"":487,""t"":140},{""x"":932,""y"":480,""t"":173},{""x"":923,""y"":500,""t"":207},{""x"":906,""y"":503,""t"":242},{""x"":853,""y"":495,""t"":275},{""x"":814,""y"":479,""t"":310},{""x"":771,""y"":464,""t"":344},{""x"":740,""y"":467,""t"":376},{""x"":731,""y"":461,""t"":413},{""x"":695,""y"":460,""t"":446},{""x"":656,""y"":477,""t"":479},{""x"":656,""y"":483,""t"":515},{""x"":684,""y"":489,""t"":547}]","{""#container"":{""x"":410,""y"":54.390625,""width"":1100,""height"":1000,""top"":54.390625,""right"":1510,""bottom"":1054.390625,""left"":410}}","2","ring_1","5","true","[{""x"":250,""y"":500,""width"":80,""height"":80,""top"":460,""right"":290,""bottom"":540,""left"":210},{""x"":850,""y"":500,""width"":92,""height"":92,""top"":454,""right"":896,""bottom"":546,""left"":804}]"
"","canvas-keyboard-response","78","211417","0.0-6.0-2.0-0.20","","","","","null","null","","","","","","","","","recognition","","[""6"",""6"",""5"",""4"",""5"",""6"",""4"",""5"",""5"",""6"",""5"",""4"",""5"",""4"",""6"",""6"",""4"",""4"",""6"",""5"",""4"",""6"",""6"",""4"",""4"",""5"",""6"",""5"",""4"",""4"",""6"",""5"",""5"",""6"",""5"",""4""]","1000","","","","","","",""
"","canvas-keyboard-response","79","211525","0.0-6.0-2.0-1.20","","","","","null","null","","","","","","","","","recognition","","[""6"",""6"",""5"",""4"",""5"",""6"",""4"",""5"",""5"",""6"",""5"",""4"",""5"",""4"",""6"",""6"",""4"",""4"",""6"",""5"",""4"",""6"",""6"",""4"",""4"",""5"",""6"",""5"",""4"",""4"",""6"",""5"",""5"",""6"",""5"",""4""]","1000","","","","","","",""
"","canvas-keyboard-response","80","212937","0.0-6.0-2.0-2.20","","","","","404","4","","[""circle"",""triangle_1""]","","","","","","","","","","","[{""x"":752,""y"":550,""t"":4},{""x"":780,""y"":526,""t"":38},{""x"":798,""y"":459,""t"":73},{""x"":810,""y"":461,""t"":106},{""x"":799,""y"":448,""t"":140},{""x"":801,""y"":443,""t"":175},{""x"":778,""y"":431,""t"":207},{""x"":782,""y"":397,""t"":241},{""x"":793,""y"":368,""t"":275},{""x"":777,""y"":389,""t"":310},{""x"":720,""y"":399,""t"":344},{""x"":695,""y"":386,""t"":378}]","{""#container"":{""x"":410,""y"":54.390625,""width"":1100,""height"":1000,""top"":54.390625,""right"":1510,""bottom"":1054.390625,""left"":410}}","2","circle","4","true","[{""x"":250,""y"":500,""width"":80,""height"":80,""top"":460,""right"":290,""bottom"":540,""left"":210},{""x"":850,""y"":500,""width"":92,""height"":92,""top"":454,""right"":896,""bottom"":546,""left"":804}]"
"","canvas-keyboard-response","81","213945","0.0-6.0-2.0-0.21","","","","","null","null","","","","","","","","","recognition","","[""6"",""6"",""5"",""4"",""5"",""6"",""4"",""5"",""5"",""6"",""5"",""4"",""5"",""4"",""6"",""6"",""4"",""4"",""6"",""5"",""4"",""6"",""6"",""4"",""4"",""5"",""6"",""5"",""4"",""4"",""6"",""5"",""5"",""6"",""5"",""4""]","1000","","","","","","",""
"","canvas-keyboard-response","82","214052","0.0-6.0-2.0-1.21","","","","","null","null","","","","","","","","","recognition","","[""6"",""6"",""5"",""4"",""5"",""6"",""4"",""5"",""5"",""6"",""5"",""4"",""5"",""4"",""6"",""6"",""4"",""4"",""6"",""5"",""4"",""6"",""6"",""4"",""4"",""5"",""6"",""5"",""4"",""4"",""6"",""5"",""5"",""6"",""5"",""4""]","1000","","","","","","",""
"","canvas-keyboard-response","83","215478","0.0-6.0-2.0-2.21","","","","","418","6","","[""rect_1"",""triangle""]","","","","","","","","","","","[{""x"":737,""y"":403,""t"":4},{""x"":778,""y"":386,""t"":39},{""x"":801,""y"":402,""t"":71},{""x"":826,""y"":420,""t"":106},{""x"":877,""y"":465,""t"":140},{""x"":899,""y"":497,""t"":174},{""x"":900,""y"":478,""t"":207},{""x"":882,""y"":486,""t"":241},{""x"":897,""y"":501,""t"":276},{""x"":940,""y"":510,""t"":309},{""x"":992,""y"":517,""t"":343},{""x"":1009,""y"":525,""t"":378}]","{""#container"":{""x"":410,""y"":54.390625,""width"":1100,""height"":1000,""top"":54.390625,""right"":1510,""bottom"":1054.390625,""left"":410}}","2","triangle","6","true","[{""x"":250,""y"":500,""width"":80,""height"":80,""top"":460,""right"":290,""bottom"":540,""left"":210},{""x"":850,""y"":500,""width"":92,""height"":92,""top"":454,""right"":896,""bottom"":546,""left"":804}]"
"","canvas-keyboard-response","84","216485","0.0-6.0-2.0-0.22","","","","","null","null","","","","","","","","","recognition","","[""6"",""6"",""5"",""4"",""5"",""6"",""4"",""5"",""5"",""6"",""5"",""4"",""5"",""4"",""6"",""6"",""4"",""4"",""6"",""5"",""4"",""6"",""6"",""4"",""4"",""5"",""6"",""5"",""4"",""4"",""6"",""5"",""5"",""6"",""5"",""4""]","1000","","","","","","",""
"","canvas-keyboard-response","85","216593","0.0-6.0-2.0-1.22","","","","","null","null","","","","","","","","","recognition","","[""6"",""6"",""5"",""4"",""5"",""6"",""4"",""5"",""5"",""6"",""5"",""4"",""5"",""4"",""6"",""6"",""4"",""4"",""6"",""5"",""4"",""6"",""6"",""4"",""4"",""5"",""6"",""5"",""4"",""4"",""6"",""5"",""5"",""6"",""5"",""4""]","1000","","","","","","",""
"","canvas-keyboard-response","86","217993","0.0-6.0-2.0-2.22","","","","","384","6","","[""triangle_1"",""rect""]","","","","","","","","","","","[{""x"":1035,""y"":528,""t"":4},{""x"":1014,""y"":554,""t"":38},{""x"":964,""y"":542,""t"":72},{""x"":948,""y"":527,""t"":106},{""x"":911,""y"":548,""t"":139},{""x"":874,""y"":553,""t"":173},{""x"":840,""y"":581,""t"":207},{""x"":852,""y"":589,""t"":242},{""x"":844,""y"":589,""t"":276},{""x"":927,""y"":601,""t"":310},{""x"":1003,""y"":606,""t"":343}]","{""#container"":{""x"":410,""y"":54.390625,""width"":1100,""height"":1000,""top"":54.390625,""right"":1510,""bottom"":1054.390625,""left"":410}}","2","rect","6","true","[{""x"":250,""y"":500,""width"":92,""height"":92,""top"":454,""right"":296,""bottom"":546,""left"":204},{""x"":850,""y"":500,""width"":80,""height"":80,""top"":460,""right"":890,""bottom"":540,""left"":810}]"
"","canvas-keyboard-response","87","219001","0.0-6.0-2.0-0.23","","","","","null","null","","","","","","","","","recognition","","[""6"",""6"",""5"",""4"",""5"",""6"",""4"",""5"",""5"",""6"",""5"",""4"",""5"",""4"",""6"",""6"",""4"",""4"",""6"",""5"",""4"",""6"",""6"",""4"",""4"",""5"",""6"",""5"",""4"",""4"",""6"",""5"",""5"",""6"",""5"",""4""]","1000","","","","","","",""
"","canvas-keyboard-response","88","219108","0.0-6.0-2.0-1.23","","","","","null","null","","","","","","","","","recognition","","[""6"",""6"",""5"",""4"",""5"",""6"",""4"",""5"",""5"",""6"",""5"",""4"",""5"",""4"",""6"",""6"",""4"",""4"",""6"",""5"",""4"",""6"",""6"",""4"",""4"",""5"",""6"",""5"",""4"",""4"",""6"",""5"",""5"",""6"",""5"",""4""]","1000","","","","","","",""
"","canvas-keyboard-response","89","220499","0.0-6.0-2.0-2.23","","","","","383","4","","[""rect_1"",""triangle""]","","","","","","","","","","","[{""x"":991,""y"":611,""t"":4},{""x"":976,""y"":618,""t"":38},{""x"":947,""y"":620,""t"":73},{""x"":917,""y"":625,""t"":105},{""x"":869,""y"":616,""t"":139},{""x"":832,""y"":634,""t"":174},{""x"":841,""y"":640,""t"":208},{""x"":851,""y"":635,""t"":242},{""x"":807,""y"":615,""t"":276},{""x"":731,""y"":601,""t"":309},{""x"":669,""y"":590,""t"":342}]","{""#container"":{""x"":410,""y"":54.390625,""width"":1100,""height"":1000,""top"":54.390625,""right"":1510,""bottom"":1054.390625,""left"":410}}","2","rect_1","4","true","[{""x"":250,""y"":500,""width"":80,""height"":80,""top"":460,""right"":290,""bottom"":540,""left"":210},{""x"":850,""y"":500,""width"":92,""height"":92,""top"":454,""right"":896,""bottom"":546,""left"":804}]"
"","canvas-keyboard-response","90","221505","0.0-6.0-2.0-0.24","","","","","null","null","","","","","","","","","recognition","","[""6"",""6"",""5"",""4"",""5"",""6"",""4"",""5"",""5"",""6"",""5"",""4"",""5"",""4"",""6"",""6"",""4"",""4"",""6"",""5"",""4"",""6"",""6"",""4"",""4"",""5"",""6"",""5"",""4"",""4"",""6"",""5"",""5"",""6"",""5"",""4""]","1000","","","","","","",""
"","canvas-keyboard-response","91","221610","0.0-6.0-2.0-1.24","","","","","null","null","","","","","","","","","recognition","","[""6"",""6"",""5"",""4"",""5"",""6"",""4"",""5"",""5"",""6"",""5"",""4"",""5"",""4"",""6"",""6"",""4"",""4"",""6"",""5"",""4"",""6"",""6"",""4"",""4"",""5"",""6"",""5"",""4"",""4"",""6"",""5"",""5"",""6"",""5"",""4""]","1000","","","","","","",""
"","canvas-keyboard-response","92","223020","0.0-6.0-2.0-2.24","","","","","401","4","","[""triangle"",""ring_1""]","","","","","","","","","","","[{""x"":681,""y"":509,""t"":4},{""x"":675,""y"":464,""t"":39},{""x"":736,""y"":482,""t"":72},{""x"":736,""y"":445,""t"":106},{""x"":800,""y"":421,""t"":140},{""x"":787,""y"":422,""t"":174},{""x"":790,""y"":421,""t"":208},{""x"":829,""y"":431,""t"":239},{""x"":822,""y"":410,""t"":276},{""x"":879,""y"":410,""t"":309},{""x"":1003,""y"":386,""t"":344},{""x"":1063,""y"":405,""t"":377}]","{""#container"":{""x"":410,""y"":54.390625,""width"":1100,""height"":1000,""top"":54.390625,""right"":1510,""bottom"":1054.390625,""left"":410}}","2","triangle","4","true","[{""x"":250,""y"":500,""width"":92,""height"":92,""top"":454,""right"":296,""bottom"":546,""left"":204},{""x"":850,""y"":500,""width"":80,""height"":80,""top"":460,""right"":890,""bottom"":540,""left"":810}]"
"","canvas-keyboard-response","93","224027","0.0-6.0-2.0-0.25","","","","","null","null","","","","","","","","","recognition","","[""6"",""6"",""5"",""4"",""5"",""6"",""4"",""5"",""5"",""6"",""5"",""4"",""5"",""4"",""6"",""6"",""4"",""4"",""6"",""5"",""4"",""6"",""6"",""4"",""4"",""5"",""6"",""5"",""4"",""4"",""6"",""5"",""5"",""6"",""5"",""4""]","1000","","","","","","",""
"","canvas-keyboard-response","94","224135","0.0-6.0-2.0-1.25","","","","","null","null","","","","","","","","","recognition","","[""6"",""6"",""5"",""4"",""5"",""6"",""4"",""5"",""5"",""6"",""5"",""4"",""5"",""4"",""6"",""6"",""4"",""4"",""6"",""5"",""4"",""6"",""6"",""4"",""4"",""5"",""6"",""5"",""4"",""4"",""6"",""5"",""5"",""6"",""5"",""4""]","1000","","","","","","",""
"","canvas-keyboard-response","95","225705","0.0-6.0-2.0-2.25","","","","","562","5","","[""rect_1"",""triangle""]","","","","","","","","","","","[{""x"":1042,""y"":418,""t"":4},{""x"":1003,""y"":430,""t"":42},{""x"":972,""y"":428,""t"":73},{""x"":881,""y"":428,""t"":106},{""x"":873,""y"":448,""t"":140},{""x"":846,""y"":451,""t"":173},{""x"":828,""y"":444,""t"":208},{""x"":799,""y"":431,""t"":241},{""x"":788,""y"":431,""t"":276},{""x"":748,""y"":468,""t"":309},{""x"":784,""y"":471,""t"":344},{""x"":742,""y"":478,""t"":377},{""x"":698,""y"":459,""t"":413},{""x"":689,""y"":450,""t"":446},{""x"":646,""y"":461,""t"":480},{""x"":665,""y"":474,""t"":513}]","{""#container"":{""x"":410,""y"":54.390625,""width"":1100,""height"":1000,""top"":54.390625,""right"":1510,""bottom"":1054.390625,""left"":410}}","2","ring_1","5","true","[{""x"":250,""y"":500,""width"":80,""height"":80,""top"":460,""right"":290,""bottom"":540,""left"":210},{""x"":850,""y"":500,""width"":92,""height"":92,""top"":454,""right"":896,""bottom"":546,""left"":804}]"
"","canvas-keyboard-response","96","226712","0.0-6.0-2.0-0.26","","","","","null","null","","","","","","","","","recognition","","[""6"",""6"",""5"",""4"",""5"",""6"",""4"",""5"",""5"",""6"",""5"",""4"",""5"",""4"",""6"",""6"",""4"",""4"",""6"",""5"",""4"",""6"",""6"",""4"",""4"",""5"",""6"",""5"",""4"",""4"",""6"",""5"",""5"",""6"",""5"",""4""]","1000","","","","","","",""
"","canvas-keyboard-response","97","226819","0.0-6.0-2.0-1.26","","","","","null","null","","","","","","","","","recognition","","[""6"",""6"",""5"",""4"",""5"",""6"",""4"",""5"",""5"",""6"",""5"",""4"",""5"",""4"",""6"",""6"",""4"",""4"",""6"",""5"",""4"",""6"",""6"",""4"",""4"",""5"",""6"",""5"",""4"",""4"",""6"",""5"",""5"",""6"",""5"",""4""]","1000","","","","","","",""
"","canvas-keyboard-response","98","228266","0.0-6.0-2.0-2.26","","","","","438","6","","[""rect"",""triangle_1""]","","","","","","","","","","","[{""x"":677,""y"":479,""t"":5},{""x"":726,""y"":498,""t"":40},{""x"":719,""y"":534,""t"":72},{""x"":744,""y"":507,""t"":106},{""x"":733,""y"":492,""t"":140},{""x"":750,""y"":485,""t"":172},{""x"":818,""y"":485,""t"":208},{""x"":785,""y"":480,""t"":242},{""x"":838,""y"":492,""t"":275},{""x"":945,""y"":456,""t"":310},{""x"":1073,""y"":445,""t"":343},{""x"":1155,""y"":417,""t"":377},{""x"":1208,""y"":389,""t"":412}]","{""#container"":{""x"":410,""y"":54.390625,""width"":1100,""height"":1000,""top"":54.390625,""right"":1510,""bottom"":1054.390625,""left"":410}}","2","triangle_1","6","true","[{""x"":250,""y"":500,""width"":80,""height"":80,""top"":460,""right"":290,""bottom"":540,""left"":210},{""x"":850,""y"":500,""width"":92,""height"":92,""top"":454,""right"":896,""bottom"":546,""left"":804}]"
"","canvas-keyboard-response","99","229273","0.0-6.0-2.0-0.27","","","","","null","null","","","","","","","","","recognition","","[""6"",""6"",""5"",""4"",""5"",""6"",""4"",""5"",""5"",""6"",""5"",""4"",""5"",""4"",""6"",""6"",""4"",""4"",""6"",""5"",""4"",""6"",""6"",""4"",""4"",""5"",""6"",""5"",""4"",""4"",""6"",""5"",""5"",""6"",""5"",""4""]","1000","","","","","","",""
"","canvas-keyboard-response","100","229380","0.0-6.0-2.0-1.27","","","","","null","null","","","","","","","","","recognition","","[""6"",""6"",""5"",""4"",""5"",""6"",""4"",""5"",""5"",""6"",""5"",""4"",""5"",""4"",""6"",""6"",""4"",""4"",""6"",""5"",""4"",""6"",""6"",""4"",""4"",""5"",""6"",""5"",""4"",""4"",""6"",""5"",""5"",""6"",""5"",""4""]","1000","","","","","","",""
"","canvas-keyboard-response","101","230943","0.0-6.0-2.0-2.27","","","","","554","5","","[""triangle_1"",""circle""]","","","","","","","","","","","[{""x"":1136,""y"":348,""t"":4},{""x"":1071,""y"":361,""t"":40},{""x"":1020,""y"":392,""t"":72},{""x"":1022,""y"":395,""t"":106},{""x"":1003,""y"":414,""t"":140},{""x"":968,""y"":468,""t"":174},{""x"":931,""y"":466,""t"":209},{""x"":903,""y"":488,""t"":242},{""x"":911,""y"":525,""t"":277},{""x"":994,""y"":494,""t"":310},{""x"":1049,""y"":477,""t"":343},{""x"":1096,""y"":462,""t"":376},{""x"":1116,""y"":422,""t"":412},{""x"":1174,""y"":411,""t"":446},{""x"":1162,""y"":378,""t"":480},{""x"":1226,""y"":381,""t"":514}]","{""#container"":{""x"":410,""y"":54.390625,""width"":1100,""height"":1000,""top"":54.390625,""right"":1510,""bottom"":1054.390625,""left"":410}}","2","rect","5","true","[{""x"":250,""y"":500,""width"":92,""height"":92,""top"":454,""right"":296,""bottom"":546,""left"":204},{""x"":850,""y"":500,""width"":80,""height"":80,""top"":460,""right"":890,""bottom"":540,""left"":810}]"
"","canvas-keyboard-response","102","231952","0.0-6.0-2.0-0.28","","","","","null","null","","","","","","","","","recognition","","[""6"",""6"",""5"",""4"",""5"",""6"",""4"",""5"",""5"",""6"",""5"",""4"",""5"",""4"",""6"",""6"",""4"",""4"",""6"",""5"",""4"",""6"",""6"",""4"",""4"",""5"",""6"",""5"",""4"",""4"",""6"",""5"",""5"",""6"",""5"",""4""]","1000","","","","","","",""
"","canvas-keyboard-response","103","232061","0.0-6.0-2.0-1.28","","","","","null","null","","","","","","","","","recognition","","[""6"",""6"",""5"",""4"",""5"",""6"",""4"",""5"",""5"",""6"",""5"",""4"",""5"",""4"",""6"",""6"",""4"",""4"",""6"",""5"",""4"",""6"",""6"",""4"",""4"",""5"",""6"",""5"",""4"",""4"",""6"",""5"",""5"",""6"",""5"",""4""]","1000","","","","","","",""
"","canvas-keyboard-response","104","233451","0.0-6.0-2.0-2.28","","","","","383","4","","[""ring_1"",""rect""]","","","","","","","","","","","[{""x"":1086,""y"":422,""t"":4},{""x"":1019,""y"":447,""t"":39},{""x"":939,""y"":466,""t"":72},{""x"":873,""y"":481,""t"":103},{""x"":868,""y"":488,""t"":140},{""x"":837,""y"":496,""t"":174},{""x"":812,""y"":515,""t"":208},{""x"":836,""y"":513,""t"":242},{""x"":784,""y"":516,""t"":276},{""x"":705,""y"":506,""t"":309},{""x"":625,""y"":477,""t"":343}]","{""#container"":{""x"":410,""y"":54.390625,""width"":1100,""height"":1000,""top"":54.390625,""right"":1510,""bottom"":1054.390625,""left"":410}}","2","ring_1","4","true","[{""x"":250,""y"":500,""width"":80,""height"":80,""top"":460,""right"":290,""bottom"":540,""left"":210},{""x"":850,""y"":500,""width"":80,""height"":80,""top"":460,""right"":890,""bottom"":540,""left"":810}]"
"","canvas-keyboard-response","105","234458","0.0-6.0-2.0-0.29","","","","","null","null","","","","","","","","","recognition","","[""6"",""6"",""5"",""4"",""5"",""6"",""4"",""5"",""5"",""6"",""5"",""4"",""5"",""4"",""6"",""6"",""4"",""4"",""6"",""5"",""4"",""6"",""6"",""4"",""4"",""5"",""6"",""5"",""4"",""4"",""6"",""5"",""5"",""6"",""5"",""4""]","1000","","","","","","",""
"","canvas-keyboard-response","106","234566","0.0-6.0-2.0-1.29","","","","","null","null","","","","","","","","","recognition","","[""6"",""6"",""5"",""4"",""5"",""6"",""4"",""5"",""5"",""6"",""5"",""4"",""5"",""4"",""6"",""6"",""4"",""4"",""6"",""5"",""4"",""6"",""6"",""4"",""4"",""5"",""6"",""5"",""4"",""4"",""6"",""5"",""5"",""6"",""5"",""4""]","1000","","","","","","",""
"","canvas-keyboard-response","107","235946","0.0-6.0-2.0-2.29","","","","","370","4","","[""triangle_1"",""circle""]","","","","","","","","","","","[{""x"":597,""y"":441,""t"":4},{""x"":681,""y"":469,""t"":39},{""x"":703,""y"":496,""t"":71},{""x"":690,""y"":488,""t"":105},{""x"":702,""y"":476,""t"":139},{""x"":716,""y"":456,""t"":174},{""x"":710,""y"":453,""t"":207},{""x"":711,""y"":472,""t"":242},{""x"":717,""y"":465,""t"":275},{""x"":700,""y"":486,""t"":310},{""x"":650,""y"":467,""t"":343}]","{""#container"":{""x"":410,""y"":54.390625,""width"":1100,""height"":1000,""top"":54.390625,""right"":1510,""bottom"":1054.390625,""left"":410}}","2","triangle_1","4","true","[{""x"":250,""y"":500,""width"":92,""height"":92,""top"":454,""right"":296,""bottom"":546,""left"":204},{""x"":850,""y"":500,""width"":80,""height"":80,""top"":460,""right"":890,""bottom"":540,""left"":810}]"
"","canvas-keyboard-response","108","236953","0.0-6.0-2.0-0.30","","","","","null","null","","","","","","","","","recognition","","[""6"",""6"",""5"",""4"",""5"",""6"",""4"",""5"",""5"",""6"",""5"",""4"",""5"",""4"",""6"",""6"",""4"",""4"",""6"",""5"",""4"",""6"",""6"",""4"",""4"",""5"",""6"",""5"",""4"",""4"",""6"",""5"",""5"",""6"",""5"",""4""]","1000","","","","","","",""
"","canvas-keyboard-response","109","237059","0.0-6.0-2.0-1.30","","","","","null","null","","","","","","","","","recognition","","[""6"",""6"",""5"",""4"",""5"",""6"",""4"",""5"",""5"",""6"",""5"",""4"",""5"",""4"",""6"",""6"",""4"",""4"",""6"",""5"",""4"",""6"",""6"",""4"",""4"",""5"",""6"",""5"",""4"",""4"",""6"",""5"",""5"",""6"",""5"",""4""]","1000","","","","","","",""
"","canvas-keyboard-response","110","238451","0.0-6.0-2.0-2.30","","","","","383","6","","[""circle"",""rect_1""]","","","","","","","","","","","[{""x"":651,""y"":472,""t"":4},{""x"":648,""y"":484,""t"":38},{""x"":661,""y"":501,""t"":72},{""x"":690,""y"":514,""t"":106},{""x"":741,""y"":538,""t"":139},{""x"":716,""y"":533,""t"":174},{""x"":722,""y"":553,""t"":207},{""x"":728,""y"":569,""t"":240},{""x"":770,""y"":587,""t"":277},{""x"":917,""y"":597,""t"":310},{""x"":1007,""y"":595,""t"":344}]","{""#container"":{""x"":410,""y"":54.390625,""width"":1100,""height"":1000,""top"":54.390625,""right"":1510,""bottom"":1054.390625,""left"":410}}","2","rect_1","6","true","[{""x"":250,""y"":500,""width"":80,""height"":80,""top"":460,""right"":290,""bottom"":540,""left"":210},{""x"":850,""y"":500,""width"":80,""height"":80,""top"":460,""right"":890,""bottom"":540,""left"":810}]"
"","canvas-keyboard-response","111","239458","0.0-6.0-2.0-0.31","","","","","null","null","","","","","","","","","recognition","","[""6"",""6"",""5"",""4"",""5"",""6"",""4"",""5"",""5"",""6"",""5"",""4"",""5"",""4"",""6"",""6"",""4"",""4"",""6"",""5"",""4"",""6"",""6"",""4"",""4"",""5"",""6"",""5"",""4"",""4"",""6"",""5"",""5"",""6"",""5"",""4""]","1000","","","","","","",""
"","canvas-keyboard-response","112","239565","0.0-6.0-2.0-1.31","","","","","null","null","","","","","","","","","recognition","","[""6"",""6"",""5"",""4"",""5"",""6"",""4"",""5"",""5"",""6"",""5"",""4"",""5"",""4"",""6"",""6"",""4"",""4"",""6"",""5"",""4"",""6"",""6"",""4"",""4"",""5"",""6"",""5"",""4"",""4"",""6"",""5"",""5"",""6"",""5"",""4""]","1000","","","","","","",""
"","canvas-keyboard-response","113","240972","0.0-6.0-2.0-2.31","","","","","399","5","","[""triangle"",""ring_1""]","","","","","","","","","","","[{""x"":1057,""y"":594,""t"":4},{""x"":1006,""y"":564,""t"":38},{""x"":976,""y"":547,""t"":72},{""x"":968,""y"":531,""t"":106},{""x"":998,""y"":542,""t"":140},{""x"":987,""y"":527,""t"":174},{""x"":983,""y"":524,""t"":207},{""x"":971,""y"":523,""t"":241},{""x"":931,""y"":528,""t"":276},{""x"":890,""y"":523,""t"":310},{""x"":900,""y"":514,""t"":344},{""x"":975,""y"":537,""t"":378}]","{""#container"":{""x"":410,""y"":54.390625,""width"":1100,""height"":1000,""top"":54.390625,""right"":1510,""bottom"":1054.390625,""left"":410}}","2","rect_1","5","true","[{""x"":250,""y"":500,""width"":92,""height"":92,""top"":454,""right"":296,""bottom"":546,""left"":204},{""x"":850,""y"":500,""width"":80,""height"":80,""top"":460,""right"":890,""bottom"":540,""left"":810}]"
"","canvas-keyboard-response","114","241980","0.0-6.0-2.0-0.32","","","","","null","null","","","","","","","","","recognition","","[""6"",""6"",""5"",""4"",""5"",""6"",""4"",""5"",""5"",""6"",""5"",""4"",""5"",""4"",""6"",""6"",""4"",""4"",""6"",""5"",""4"",""6"",""6"",""4"",""4"",""5"",""6"",""5"",""4"",""4"",""6"",""5"",""5"",""6"",""5"",""4""]","1000","","","","","","",""
"","canvas-keyboard-response","115","242087","0.0-6.0-2.0-1.32","","","","","null","null","","","","","","","","","recognition","","[""6"",""6"",""5"",""4"",""5"",""6"",""4"",""5"",""5"",""6"",""5"",""4"",""5"",""4"",""6"",""6"",""4"",""4"",""6"",""5"",""4"",""6"",""6"",""4"",""4"",""5"",""6"",""5"",""4"",""4"",""6"",""5"",""5"",""6"",""5"",""4""]","1000","","","","","","",""
"","canvas-keyboard-response","116","243563","0.0-6.0-2.0-2.32","","","","","467","5","","[""rect_1"",""triangle""]","","","","","","","","","","","[{""x"":931,""y"":518,""t"":4},{""x"":882,""y"":480,""t"":38},{""x"":871,""y"":487,""t"":73},{""x"":849,""y"":478,""t"":106},{""x"":861,""y"":508,""t"":140},{""x"":837,""y"":539,""t"":174},{""x"":864,""y"":555,""t"":208},{""x"":865,""y"":576,""t"":242},{""x"":807,""y"":577,""t"":276},{""x"":756,""y"":551,""t"":309},{""x"":735,""y"":583,""t"":344},{""x"":719,""y"":609,""t"":376},{""x"":694,""y"":646,""t"":411},{""x"":668,""y"":611,""t"":446}]","{""#container"":{""x"":410,""y"":54.390625,""width"":1100,""height"":1000,""top"":54.390625,""right"":1510,""bottom"":1054.390625,""left"":410}}","2","circle","5","true","[{""x"":250,""y"":500,""width"":80,""height"":80,""top"":460,""right"":290,""bottom"":540,""left"":210},{""x"":850,""y"":500,""width"":92,""height"":92,""top"":454,""right"":896,""bottom"":546,""left"":804}]"
"","canvas-keyboard-response","117","244572","0.0-6.0-2.0-0.33","","","","","null","null","","","","","","","","","recognition","","[""6"",""6"",""5"",""4"",""5"",""6"",""4"",""5"",""5"",""6"",""5"",""4"",""5"",""4"",""6"",""6"",""4"",""4"",""6"",""5"",""4"",""6"",""6"",""4"",""4"",""5"",""6"",""5"",""4"",""4"",""6"",""5"",""5"",""6"",""5"",""4""]","1000","","","","","","",""
"","canvas-keyboard-response","118","244680","0.0-6.0-2.0-1.33","","","","","null","null","","","","","","","","","recognition","","[""6"",""6"",""5"",""4"",""5"",""6"",""4"",""5"",""5"",""6"",""5"",""4"",""5"",""4"",""6"",""6"",""4"",""4"",""6"",""5"",""4"",""6"",""6"",""4"",""4"",""5"",""6"",""5"",""4"",""4"",""6"",""5"",""5"",""6"",""5"",""4""]","1000","","","","","","",""
"","canvas-keyboard-response","119","246138","0.0-6.0-2.0-2.33","","","","","452","6","","[""triangle_1"",""circle""]","","","","","","","","","","","[{""x"":666,""y"":576,""t"":4},{""x"":666,""y"":565,""t"":39},{""x"":693,""y"":571,""t"":72},{""x"":693,""y"":548,""t"":106},{""x"":728,""y"":568,""t"":140},{""x"":733,""y"":557,""t"":174},{""x"":726,""y"":547,""t"":208},{""x"":761,""y"":550,""t"":241},{""x"":746,""y"":543,""t"":276},{""x"":867,""y"":513,""t"":310},{""x"":971,""y"":509,""t"":344},{""x"":1065,""y"":512,""t"":378},{""x"":1149,""y"":533,""t"":412}]","{""#container"":{""x"":410,""y"":54.390625,""width"":1100,""height"":1000,""top"":54.390625,""right"":1510,""bottom"":1054.390625,""left"":410}}","2","circle","6","true","[{""x"":250,""y"":500,""width"":92,""height"":92,""top"":454,""right"":296,""bottom"":546,""left"":204},{""x"":850,""y"":500,""width"":80,""height"":80,""top"":460,""right"":890,""bottom"":540,""left"":810}]"
"","canvas-keyboard-response","120","247144","0.0-6.0-2.0-0.34","","","","","null","null","","","","","","","","","recognition","","[""6"",""6"",""5"",""4"",""5"",""6"",""4"",""5"",""5"",""6"",""5"",""4"",""5"",""4"",""6"",""6"",""4"",""4"",""6"",""5"",""4"",""6"",""6"",""4"",""4"",""5"",""6"",""5"",""4"",""4"",""6"",""5"",""5"",""6"",""5"",""4""]","1000","","","","","","",""
"","canvas-keyboard-response","121","247262","0.0-6.0-2.0-1.34","","","","","null","null","","","","","","","","","recognition","","[""6"",""6"",""5"",""4"",""5"",""6"",""4"",""5"",""5"",""6"",""5"",""4"",""5"",""4"",""6"",""6"",""4"",""4"",""6"",""5"",""4"",""6"",""6"",""4"",""4"",""5"",""6"",""5"",""4"",""4"",""6"",""5"",""5"",""6"",""5"",""4""]","1000","","","","","","",""
"","canvas-keyboard-response","122","248713","0.0-6.0-2.0-2.34","","","","","442","5","","[""triangle_1"",""rect""]","","","","","","","","","","","[{""x"":1194,""y"":547,""t"":4},{""x"":1127,""y"":536,""t"":42},{""x"":1090,""y"":549,""t"":73},{""x"":1039,""y"":540,""t"":106},{""x"":992,""y"":534,""t"":140},{""x"":996,""y"":548,""t"":174},{""x"":956,""y"":552,""t"":208},{""x"":946,""y"":517,""t"":243},{""x"":960,""y"":493,""t"":276},{""x"":972,""y"":505,""t"":310},{""x"":942,""y"":492,""t"":344},{""x"":941,""y"":506,""t"":378},{""x"":841,""y"":518,""t"":412}]","{""#container"":{""x"":410,""y"":54.390625,""width"":1100,""height"":1000,""top"":54.390625,""right"":1510,""bottom"":1054.390625,""left"":410}}","2","circle","5","true","[{""x"":250,""y"":500,""width"":92,""height"":92,""top"":454,""right"":296,""bottom"":546,""left"":204},{""x"":850,""y"":500,""width"":80,""height"":80,""top"":460,""right"":890,""bottom"":540,""left"":810}]"
"","canvas-keyboard-response","123","249721","0.0-6.0-2.0-0.35","","","","","null","null","","","","","","","","","recognition","","[""6"",""6"",""5"",""4"",""5"",""6"",""4"",""5"",""5"",""6"",""5"",""4"",""5"",""4"",""6"",""6"",""4"",""4"",""6"",""5"",""4"",""6"",""6"",""4"",""4"",""5"",""6"",""5"",""4"",""4"",""6"",""5"",""5"",""6"",""5"",""4""]","1000","","","","","","",""
"","canvas-keyboard-response","124","249827","0.0-6.0-2.0-1.35","","","","","null","null","","","","","","","","","recognition","","[""6"",""6"",""5"",""4"",""5"",""6"",""4"",""5"",""5"",""6"",""5"",""4"",""5"",""4"",""6"",""6"",""4"",""4"",""6"",""5"",""4"",""6"",""6"",""4"",""4"",""5"",""6"",""5"",""4"",""4"",""6"",""5"",""5"",""6"",""5"",""4""]","1000","","","","","","",""
"","canvas-keyboard-response","125","251206","0.0-6.0-2.0-2.35","","","","","369","4","","[""rect"",""ring_1""]","","","","","","","","","","","[{""x"":811,""y"":496,""t"":4},{""x"":829,""y"":488,""t"":41},{""x"":810,""y"":484,""t"":72},{""x"":730,""y"":469,""t"":106},{""x"":702,""y"":492,""t"":142},{""x"":692,""y"":500,""t"":172},{""x"":692,""y"":503,""t"":210},{""x"":695,""y"":506,""t"":239},{""x"":716,""y"":521,""t"":276},{""x"":715,""y"":520,""t"":310},{""x"":679,""y"":529,""t"":344}]","{""#container"":{""x"":410,""y"":54.390625,""width"":1100,""height"":1000,""top"":54.390625,""right"":1510,""bottom"":1054.390625,""left"":410}}","2","rect","4","true","[{""x"":250,""y"":500,""width"":80,""height"":80,""top"":460,""right"":290,""bottom"":540,""left"":210},{""x"":850,""y"":500,""width"":80,""height"":80,""top"":460,""right"":890,""bottom"":540,""left"":810}]"
"true","fullscreen","126","251707","0.0-7.0","","","","","","","","","","","","","","","","","","","","","","","","",""
"","html-button-response","127","256562","0.0-8.0","","","","","4854","0","","
         <p>实验结束!</p>
         <p>点击下载数据。</p>
","","","","","","","","","","","","","","","","",""
