"success","trial_type","trial_index","time_elapsed","internal_node_id","timeout","failed_images","failed_audio","failed_video","rt","response","question_order","stimulus","load_time","raw_gaze","percent_in_roi","average_offset","validation_points","samples_per_sec","task","phase","ans","ISI","type","size","webgazer_data","webgazer_targets","target","response_answer","correct","webgazer_targets_data"
"true","fullscreen","0","1800","0.0-0.0","","","","","","","","","","","","","","","","","","","","","","","","","",""
"true","preload","1","1806","0.0-1.0","false","[]","[]","[]","","","","","","","","","","","","","","","","","","","","","",""
"","survey-text","2","4688","0.0-2.0-0.0","","","","","2881","{""name"":""wfy"",""age"":""24""}","","","","","","","","","","","","","","","","","","","",""
"","survey-multi-choice","3","6601","0.0-2.0-1.0","","","","","1912","{""sex"":""男""}","[0]","","","","","","","","","","","","","","","","","","",""
"","html-keyboard-response","4","7462","0.0-3.0","","","","","859"," ","","<p>实验说明：该实验根据颜色和形状各有两组，每组实验开始前会有一个眼动校准。</p><p>按""space""键继续。</p>","","","","","","","","","","","","","","","","","",""
"","webgazer-init-camera","5","10882","0.0-4.0","","","","","","","","","733","","","","","","","","","","","","","","","","",""
"","html-button-response","6","11903","0.0-5.0-0.0","","","","","1019","0","","
        <p>现在，眼动追踪器将经过校准，将你眼睛的图像从网络摄像头转换到你屏幕上的某个位置。</p>
        <p>为此，需要单击一系列点。</p>
        <p>保持头不动，点击每一个出现的点。当点击它的时候，看着这个点。</p>
      ","","","","","","","","","","","","","","","","","",""
"","webgazer-calibrate","7","22471","0.0-5.0-1.0","","","","","","","","","","","","","","","","","","","","","","","","","",""
"","html-button-response","8","23585","0.0-5.0-2.0","","","","","1113","0","","
        <p>展示眼球追踪的准确性</p>
        <p>保持头不动，当每个点出现时，移动眼睛聚焦在它上面。</p>
        <p>不需要点击点。移动眼睛看这些点。</p>
      ","","","","","","","","","","","","","","","","","",""
"","webgazer-validate","9","41324","0.0-5.0-3.0","","","","","","","","","","[[{""x"":469,""y"":506,""dx"":-22,""dy"":225,""t"":1021},{""x"":482,""y"":504,""dx"":-9,""dy"":223,""t"":1058},{""x"":498,""y"":532,""dx"":7,""dy"":251,""t"":1088},{""x"":501,""y"":509,""dx"":10,""dy"":228,""t"":1123},{""x"":495,""y"":494,""dx"":4,""dy"":213,""t"":1157},{""x"":511,""y"":519,""dx"":20,""dy"":238,""t"":1193},{""x"":492,""y"":524,""dx"":1,""dy"":243,""t"":1226},{""x"":527,""y"":558,""dx"":36,""dy"":277,""t"":1260},{""x"":498,""y"":551,""dx"":7,""dy"":270,""t"":1295},{""x"":497,""y"":511,""dx"":6,""dy"":230,""t"":1328},{""x"":495,""y"":479,""dx"":4,""dy"":198,""t"":1362},{""x"":492,""y"":506,""dx"":1,""dy"":225,""t"":1396},{""x"":509,""y"":521,""dx"":18,""dy"":240,""t"":1429},{""x"":509,""y"":552,""dx"":18,""dy"":271,""t"":1463},{""x"":492,""y"":545,""dx"":1,""dy"":264,""t"":1496},{""x"":497,""y"":532,""dx"":6,""dy"":251,""t"":1533},{""x"":508,""y"":500,""dx"":17,""dy"":219,""t"":1565},{""x"":513,""y"":483,""dx"":22,""dy"":202,""t"":1599},{""x"":499,""y"":486,""dx"":8,""dy"":205,""t"":1635},{""x"":472,""y"":477,""dx"":-19,""dy"":196,""t"":1667},{""x"":464,""y"":459,""dx"":-27,""dy"":178,""t"":1702},{""x"":447,""y"":456,""dx"":-44,""dy"":175,""t"":1737},{""x"":444,""y"":439,""dx"":-47,""dy"":158,""t"":1770},{""x"":427,""y"":417,""dx"":-64,""dy"":136,""t"":1803},{""x"":420,""y"":393,""dx"":-71,""dy"":112,""t"":1839},{""x"":431,""y"":399,""dx"":-60,""dy"":118,""t"":1871},{""x"":439,""y"":403,""dx"":-52,""dy"":122,""t"":1905},{""x"":454,""y"":429,""dx"":-37,""dy"":148,""t"":1941},{""x"":426,""y"":468,""dx"":-65,""dy"":187,""t"":1974},{""x"":424,""y"":520,""dx"":-67,""dy"":239,""t"":2007},{""x"":420,""y"":557,""dx"":-71,""dy"":276,""t"":2043},{""x"":402,""y"":586,""dx"":-89,""dy"":305,""t"":2075},{""x"":422,""y"":598,""dx"":-69,""dy"":317,""t"":2109},{""x"":447,""y"":605,""dx"":-44,""dy"":324,""t"":2145},{""x"":472,""y"":643,""dx"":-19,""dy"":362,""t"":2177},{""x"":476,""y"":653,""dx"":-15,""dy"":372,""t"":2211},{""x"":470,""y"":628,""dx"":-21,""dy"":347,""t"":2247},{""x"":480,""y"":636,""dx"":-11,""dy"":355,""t"":2280},{""x"":515,""y"":636,""dx"":24,""dy"":355,""t"":2314},{""x"":582,""y"":676,""dx"":91,""dy"":395,""t"":2349},{""x"":573,""y"":634,""dx"":82,""dy"":353,""t"":2381},{""x"":549,""y"":603,""dx"":58,""dy"":322,""t"":2415},{""x"":541,""y"":607,""dx"":50,""dy"":326,""t"":2451},{""x"":510,""y"":573,""dx"":19,""dy"":292,""t"":2483},{""x"":521,""y"":538,""dx"":30,""dy"":257,""t"":2517},{""x"":519,""y"":530,""dx"":28,""dy"":249,""t"":2553},{""x"":479,""y"":487,""dx"":-12,""dy"":206,""t"":2585},{""x"":463,""y"":469,""dx"":-28,""dy"":188,""t"":2619},{""x"":436,""y"":466,""dx"":-55,""dy"":185,""t"":2655},{""x"":426,""y"":487,""dx"":-65,""dy"":206,""t"":2688},{""x"":485,""y"":535,""dx"":-6,""dy"":254,""t"":2721},{""x"":490,""y"":553,""dx"":-1,""dy"":272,""t"":2757},{""x"":477,""y"":547,""dx"":-14,""dy"":266,""t"":2789},{""x"":473,""y"":535,""dx"":-18,""dy"":254,""t"":2823},{""x"":501,""y"":556,""dx"":10,""dy"":275,""t"":2859},{""x"":491,""y"":553,""dx"":0,""dy"":272,""t"":2891},{""x"":475,""y"":549,""dx"":-16,""dy"":268,""t"":2925},{""x"":473,""y"":551,""dx"":-18,""dy"":270,""t"":2961}],[{""x"":1536,""y"":403,""dx"":85,""dy"":122,""t"":4015},{""x"":1527,""y"":410,""dx"":76,""dy"":129,""t"":4048},{""x"":1525,""y"":432,""dx"":74,""dy"":151,""t"":4082},{""x"":1516,""y"":433,""dx"":65,""dy"":152,""t"":4117},{""x"":1508,""y"":437,""dx"":57,""dy"":156,""t"":4149},{""x"":1511,""y"":460,""dx"":60,""dy"":179,""t"":4184},{""x"":1507,""y"":449,""dx"":56,""dy"":168,""t"":4219},{""x"":1505,""y"":436,""dx"":54,""dy"":155,""t"":4252},{""x"":1508,""y"":439,""dx"":57,""dy"":158,""t"":4286},{""x"":1512,""y"":443,""dx"":61,""dy"":162,""t"":4321},{""x"":1498,""y"":416,""dx"":47,""dy"":135,""t"":4353},{""x"":1494,""y"":412,""dx"":43,""dy"":131,""t"":4387},{""x"":1495,""y"":425,""dx"":44,""dy"":144,""t"":4423},{""x"":1502,""y"":433,""dx"":51,""dy"":152,""t"":4456},{""x"":1503,""y"":452,""dx"":52,""dy"":171,""t"":4489},{""x"":1503,""y"":441,""dx"":52,""dy"":160,""t"":4525},{""x"":1508,""y"":447,""dx"":57,""dy"":166,""t"":4557},{""x"":1503,""y"":449,""dx"":52,""dy"":168,""t"":4591},{""x"":1490,""y"":422,""dx"":39,""dy"":141,""t"":4627},{""x"":1495,""y"":417,""dx"":44,""dy"":136,""t"":4660},{""x"":1498,""y"":411,""dx"":47,""dy"":130,""t"":4693},{""x"":1481,""y"":407,""dx"":30,""dy"":126,""t"":4727},{""x"":1482,""y"":420,""dx"":31,""dy"":139,""t"":4763},{""x"":1481,""y"":421,""dx"":30,""dy"":140,""t"":4796},{""x"":1481,""y"":406,""dx"":30,""dy"":125,""t"":4829},{""x"":1494,""y"":409,""dx"":43,""dy"":128,""t"":4865},{""x"":1506,""y"":404,""dx"":55,""dy"":123,""t"":4897},{""x"":1504,""y"":404,""dx"":53,""dy"":123,""t"":4931},{""x"":1507,""y"":402,""dx"":56,""dy"":121,""t"":4967},{""x"":1502,""y"":417,""dx"":51,""dy"":136,""t"":4999},{""x"":1501,""y"":402,""dx"":50,""dy"":121,""t"":5033},{""x"":1510,""y"":402,""dx"":59,""dy"":121,""t"":5069},{""x"":1517,""y"":403,""dx"":66,""dy"":122,""t"":5100},{""x"":1513,""y"":397,""dx"":62,""dy"":116,""t"":5135},{""x"":1503,""y"":393,""dx"":52,""dy"":112,""t"":5169},{""x"":1502,""y"":398,""dx"":51,""dy"":117,""t"":5205},{""x"":1495,""y"":379,""dx"":44,""dy"":98,""t"":5237},{""x"":1486,""y"":363,""dx"":35,""dy"":82,""t"":5271},{""x"":1491,""y"":364,""dx"":40,""dy"":83,""t"":5307},{""x"":1487,""y"":354,""dx"":36,""dy"":73,""t"":5339},{""x"":1490,""y"":341,""dx"":39,""dy"":60,""t"":5373},{""x"":1490,""y"":344,""dx"":39,""dy"":63,""t"":5409},{""x"":1470,""y"":336,""dx"":19,""dy"":55,""t"":5441},{""x"":1475,""y"":352,""dx"":24,""dy"":71,""t"":5475},{""x"":1468,""y"":345,""dx"":17,""dy"":64,""t"":5511},{""x"":1466,""y"":353,""dx"":15,""dy"":72,""t"":5543},{""x"":1464,""y"":371,""dx"":13,""dy"":90,""t"":5577},{""x"":1462,""y"":375,""dx"":11,""dy"":94,""t"":5613},{""x"":1467,""y"":386,""dx"":16,""dy"":105,""t"":5645},{""x"":1477,""y"":390,""dx"":26,""dy"":109,""t"":5679},{""x"":1477,""y"":401,""dx"":26,""dy"":120,""t"":5715},{""x"":1469,""y"":394,""dx"":18,""dy"":113,""t"":5747},{""x"":1468,""y"":388,""dx"":17,""dy"":107,""t"":5781},{""x"":1468,""y"":396,""dx"":17,""dy"":115,""t"":5817},{""x"":1463,""y"":387,""dx"":12,""dy"":106,""t"":5849},{""x"":1439,""y"":364,""dx"":-12,""dy"":83,""t"":5883},{""x"":1442,""y"":367,""dx"":-9,""dy"":86,""t"":5919},{""x"":1424,""y"":336,""dx"":-27,""dy"":55,""t"":5951},{""x"":1422,""y"":328,""dx"":-29,""dy"":47,""t"":5985}],[{""x"":1070,""y"":576,""dx"":99,""dy"":25,""t"":7007},{""x"":1060,""y"":562,""dx"":89,""dy"":11,""t"":7040},{""x"":1049,""y"":552,""dx"":78,""dy"":1,""t"":7073},{""x"":1042,""y"":558,""dx"":71,""dy"":7,""t"":7109},{""x"":1050,""y"":564,""dx"":79,""dy"":13,""t"":7141},{""x"":1049,""y"":544,""dx"":78,""dy"":-7,""t"":7175},{""x"":1052,""y"":532,""dx"":81,""dy"":-19,""t"":7211},{""x"":1063,""y"":532,""dx"":92,""dy"":-19,""t"":7243},{""x"":1073,""y"":542,""dx"":102,""dy"":-9,""t"":7277},{""x"":1073,""y"":531,""dx"":102,""dy"":-20,""t"":7313},{""x"":1080,""y"":546,""dx"":109,""dy"":-5,""t"":7345},{""x"":1090,""y"":552,""dx"":119,""dy"":1,""t"":7379},{""x"":1101,""y"":561,""dx"":130,""dy"":10,""t"":7415},{""x"":1103,""y"":554,""dx"":132,""dy"":3,""t"":7447},{""x"":1109,""y"":557,""dx"":138,""dy"":6,""t"":7481},{""x"":1130,""y"":562,""dx"":159,""dy"":11,""t"":7517},{""x"":1091,""y"":595,""dx"":120,""dy"":44,""t"":7549},{""x"":1117,""y"":601,""dx"":146,""dy"":50,""t"":7583},{""x"":1118,""y"":601,""dx"":147,""dy"":50,""t"":7619},{""x"":1139,""y"":600,""dx"":168,""dy"":49,""t"":7651},{""x"":1144,""y"":594,""dx"":173,""dy"":43,""t"":7686},{""x"":1146,""y"":591,""dx"":175,""dy"":40,""t"":7721},{""x"":1163,""y"":605,""dx"":192,""dy"":54,""t"":7754},{""x"":1169,""y"":603,""dx"":198,""dy"":52,""t"":7787},{""x"":1171,""y"":607,""dx"":200,""dy"":56,""t"":7823},{""x"":1165,""y"":612,""dx"":194,""dy"":61,""t"":7855},{""x"":1159,""y"":616,""dx"":188,""dy"":65,""t"":7889},{""x"":1149,""y"":631,""dx"":178,""dy"":80,""t"":7924},{""x"":1144,""y"":693,""dx"":173,""dy"":142,""t"":7959},{""x"":1129,""y"":713,""dx"":158,""dy"":162,""t"":7991},{""x"":1105,""y"":731,""dx"":134,""dy"":180,""t"":8025},{""x"":1088,""y"":742,""dx"":117,""dy"":191,""t"":8061},{""x"":1063,""y"":749,""dx"":92,""dy"":198,""t"":8093},{""x"":1030,""y"":739,""dx"":59,""dy"":188,""t"":8127},{""x"":1010,""y"":741,""dx"":39,""dy"":190,""t"":8163},{""x"":1006,""y"":757,""dx"":35,""dy"":206,""t"":8195},{""x"":996,""y"":763,""dx"":25,""dy"":212,""t"":8229},{""x"":983,""y"":765,""dx"":12,""dy"":214,""t"":8265},{""x"":973,""y"":765,""dx"":2,""dy"":214,""t"":8296},{""x"":1027,""y"":744,""dx"":56,""dy"":193,""t"":8331},{""x"":999,""y"":731,""dx"":28,""dy"":180,""t"":8365},{""x"":990,""y"":726,""dx"":19,""dy"":175,""t"":8402},{""x"":978,""y"":726,""dx"":7,""dy"":175,""t"":8433},{""x"":957,""y"":708,""dx"":-14,""dy"":157,""t"":8467},{""x"":951,""y"":711,""dx"":-20,""dy"":160,""t"":8503},{""x"":939,""y"":714,""dx"":-32,""dy"":163,""t"":8535},{""x"":940,""y"":718,""dx"":-31,""dy"":167,""t"":8569},{""x"":951,""y"":720,""dx"":-20,""dy"":169,""t"":8604},{""x"":949,""y"":723,""dx"":-22,""dy"":172,""t"":8637},{""x"":1007,""y"":722,""dx"":36,""dy"":171,""t"":8671},{""x"":1005,""y"":697,""dx"":34,""dy"":146,""t"":8707},{""x"":980,""y"":679,""dx"":9,""dy"":128,""t"":8739},{""x"":976,""y"":697,""dx"":5,""dy"":146,""t"":8773},{""x"":967,""y"":712,""dx"":-4,""dy"":161,""t"":8809},{""x"":1011,""y"":713,""dx"":40,""dy"":162,""t"":8841},{""x"":1002,""y"":719,""dx"":31,""dy"":168,""t"":8875},{""x"":1045,""y"":714,""dx"":74,""dy"":163,""t"":8911},{""x"":1052,""y"":727,""dx"":81,""dy"":176,""t"":8943},{""x"":1082,""y"":722,""dx"":111,""dy"":171,""t"":8977}],[{""x"":459,""y"":711,""dx"":-32,""dy"":-110,""t"":10031},{""x"":479,""y"":711,""dx"":-12,""dy"":-110,""t"":10065},{""x"":468,""y"":699,""dx"":-23,""dy"":-122,""t"":10101},{""x"":485,""y"":712,""dx"":-6,""dy"":-109,""t"":10133},{""x"":493,""y"":702,""dx"":2,""dy"":-119,""t"":10167},{""x"":488,""y"":717,""dx"":-3,""dy"":-104,""t"":10204},{""x"":500,""y"":711,""dx"":9,""dy"":-110,""t"":10235},{""x"":497,""y"":733,""dx"":6,""dy"":-88,""t"":10269},{""x"":502,""y"":751,""dx"":11,""dy"":-70,""t"":10305},{""x"":506,""y"":765,""dx"":15,""dy"":-56,""t"":10337},{""x"":508,""y"":770,""dx"":17,""dy"":-51,""t"":10371},{""x"":540,""y"":772,""dx"":49,""dy"":-49,""t"":10407},{""x"":574,""y"":785,""dx"":83,""dy"":-36,""t"":10439},{""x"":590,""y"":791,""dx"":99,""dy"":-30,""t"":10473},{""x"":610,""y"":808,""dx"":119,""dy"":-13,""t"":10509},{""x"":590,""y"":798,""dx"":99,""dy"":-23,""t"":10541},{""x"":566,""y"":789,""dx"":75,""dy"":-32,""t"":10575},{""x"":572,""y"":783,""dx"":81,""dy"":-38,""t"":10611},{""x"":579,""y"":773,""dx"":88,""dy"":-48,""t"":10644},{""x"":637,""y"":803,""dx"":146,""dy"":-18,""t"":10678},{""x"":644,""y"":805,""dx"":153,""dy"":-16,""t"":10713},{""x"":641,""y"":804,""dx"":150,""dy"":-17,""t"":10745},{""x"":643,""y"":803,""dx"":152,""dy"":-18,""t"":10780},{""x"":627,""y"":787,""dx"":136,""dy"":-34,""t"":10815},{""x"":606,""y"":767,""dx"":115,""dy"":-54,""t"":10848},{""x"":587,""y"":758,""dx"":96,""dy"":-63,""t"":10882},{""x"":561,""y"":746,""dx"":70,""dy"":-75,""t"":10917},{""x"":554,""y"":746,""dx"":63,""dy"":-75,""t"":10949},{""x"":554,""y"":765,""dx"":63,""dy"":-56,""t"":10983},{""x"":572,""y"":771,""dx"":81,""dy"":-50,""t"":11019},{""x"":591,""y"":772,""dx"":100,""dy"":-49,""t"":11052},{""x"":612,""y"":778,""dx"":121,""dy"":-43,""t"":11085},{""x"":629,""y"":785,""dx"":138,""dy"":-36,""t"":11121},{""x"":627,""y"":782,""dx"":136,""dy"":-39,""t"":11153},{""x"":630,""y"":785,""dx"":139,""dy"":-36,""t"":11186},{""x"":631,""y"":777,""dx"":140,""dy"":-44,""t"":11221},{""x"":609,""y"":780,""dx"":118,""dy"":-41,""t"":11257},{""x"":607,""y"":772,""dx"":116,""dy"":-49,""t"":11289},{""x"":617,""y"":787,""dx"":126,""dy"":-34,""t"":11323},{""x"":602,""y"":786,""dx"":111,""dy"":-35,""t"":11359},{""x"":593,""y"":806,""dx"":102,""dy"":-15,""t"":11391},{""x"":571,""y"":802,""dx"":80,""dy"":-19,""t"":11425},{""x"":564,""y"":805,""dx"":73,""dy"":-16,""t"":11461},{""x"":557,""y"":814,""dx"":66,""dy"":-7,""t"":11493},{""x"":555,""y"":821,""dx"":64,""dy"":0,""t"":11527},{""x"":574,""y"":823,""dx"":83,""dy"":2,""t"":11561},{""x"":558,""y"":823,""dx"":67,""dy"":2,""t"":11595},{""x"":581,""y"":824,""dx"":90,""dy"":3,""t"":11631},{""x"":600,""y"":819,""dx"":109,""dy"":-2,""t"":11663},{""x"":612,""y"":825,""dx"":121,""dy"":4,""t"":11698},{""x"":580,""y"":812,""dx"":89,""dy"":-9,""t"":11733},{""x"":606,""y"":824,""dx"":115,""dy"":3,""t"":11766},{""x"":604,""y"":826,""dx"":113,""dy"":5,""t"":11800},{""x"":596,""y"":832,""dx"":105,""dy"":11,""t"":11835},{""x"":576,""y"":816,""dx"":85,""dy"":-5,""t"":11867},{""x"":571,""y"":820,""dx"":80,""dy"":-1,""t"":11901},{""x"":557,""y"":809,""dx"":66,""dy"":-12,""t"":11936},{""x"":548,""y"":800,""dx"":57,""dy"":-21,""t"":11971}],[{""x"":1488,""y"":810,""dx"":37,""dy"":-11,""t"":13025},{""x"":1493,""y"":825,""dx"":42,""dy"":4,""t"":13057},{""x"":1483,""y"":819,""dx"":32,""dy"":-2,""t"":13091},{""x"":1502,""y"":858,""dx"":51,""dy"":37,""t"":13125},{""x"":1492,""y"":869,""dx"":41,""dy"":48,""t"":13161},{""x"":1490,""y"":881,""dx"":39,""dy"":60,""t"":13192},{""x"":1465,""y"":858,""dx"":14,""dy"":37,""t"":13227},{""x"":1466,""y"":871,""dx"":15,""dy"":50,""t"":13261},{""x"":1459,""y"":877,""dx"":8,""dy"":56,""t"":13297},{""x"":1433,""y"":856,""dx"":-18,""dy"":35,""t"":13329},{""x"":1447,""y"":866,""dx"":-4,""dy"":45,""t"":13363},{""x"":1439,""y"":827,""dx"":-12,""dy"":6,""t"":13399},{""x"":1438,""y"":813,""dx"":-13,""dy"":-8,""t"":13431},{""x"":1436,""y"":802,""dx"":-15,""dy"":-19,""t"":13465},{""x"":1436,""y"":793,""dx"":-15,""dy"":-28,""t"":13499},{""x"":1430,""y"":796,""dx"":-21,""dy"":-25,""t"":13535},{""x"":1446,""y"":816,""dx"":-5,""dy"":-5,""t"":13567},{""x"":1435,""y"":822,""dx"":-16,""dy"":1,""t"":13601},{""x"":1441,""y"":831,""dx"":-10,""dy"":10,""t"":13637},{""x"":1450,""y"":849,""dx"":-1,""dy"":28,""t"":13669},{""x"":1448,""y"":855,""dx"":-3,""dy"":34,""t"":13703},{""x"":1460,""y"":839,""dx"":9,""dy"":18,""t"":13739},{""x"":1467,""y"":849,""dx"":16,""dy"":28,""t"":13772},{""x"":1462,""y"":842,""dx"":11,""dy"":21,""t"":13805},{""x"":1447,""y"":818,""dx"":-4,""dy"":-3,""t"":13841},{""x"":1433,""y"":790,""dx"":-18,""dy"":-31,""t"":13873},{""x"":1410,""y"":793,""dx"":-41,""dy"":-28,""t"":13907},{""x"":1418,""y"":816,""dx"":-33,""dy"":-5,""t"":13943},{""x"":1427,""y"":832,""dx"":-24,""dy"":11,""t"":13976},{""x"":1438,""y"":838,""dx"":-13,""dy"":17,""t"":14009},{""x"":1455,""y"":852,""dx"":4,""dy"":31,""t"":14045},{""x"":1473,""y"":875,""dx"":22,""dy"":54,""t"":14077},{""x"":1490,""y"":872,""dx"":39,""dy"":51,""t"":14111},{""x"":1499,""y"":877,""dx"":48,""dy"":56,""t"":14147},{""x"":1495,""y"":881,""dx"":44,""dy"":60,""t"":14179},{""x"":1486,""y"":884,""dx"":35,""dy"":63,""t"":14213},{""x"":1441,""y"":857,""dx"":-10,""dy"":36,""t"":14249},{""x"":1424,""y"":862,""dx"":-27,""dy"":41,""t"":14282},{""x"":1413,""y"":857,""dx"":-38,""dy"":36,""t"":14316},{""x"":1395,""y"":861,""dx"":-56,""dy"":40,""t"":14351},{""x"":1385,""y"":847,""dx"":-66,""dy"":26,""t"":14384},{""x"":1393,""y"":838,""dx"":-58,""dy"":17,""t"":14417},{""x"":1410,""y"":832,""dx"":-41,""dy"":11,""t"":14453},{""x"":1439,""y"":835,""dx"":-12,""dy"":14,""t"":14485},{""x"":1456,""y"":812,""dx"":5,""dy"":-9,""t"":14519},{""x"":1472,""y"":810,""dx"":21,""dy"":-11,""t"":14555},{""x"":1476,""y"":814,""dx"":25,""dy"":-7,""t"":14587},{""x"":1486,""y"":826,""dx"":35,""dy"":5,""t"":14621},{""x"":1488,""y"":829,""dx"":37,""dy"":8,""t"":14657},{""x"":1489,""y"":831,""dx"":38,""dy"":10,""t"":14688},{""x"":1475,""y"":832,""dx"":24,""dy"":11,""t"":14723},{""x"":1445,""y"":841,""dx"":-6,""dy"":20,""t"":14757},{""x"":1419,""y"":849,""dx"":-32,""dy"":28,""t"":14790},{""x"":1415,""y"":852,""dx"":-36,""dy"":31,""t"":14827},{""x"":1404,""y"":855,""dx"":-47,""dy"":34,""t"":14859},{""x"":1396,""y"":855,""dx"":-55,""dy"":34,""t"":14893},{""x"":1384,""y"":852,""dx"":-67,""dy"":31,""t"":14929},{""x"":1376,""y"":857,""dx"":-75,""dy"":36,""t"":14961},{""x"":1395,""y"":859,""dx"":-56,""dy"":38,""t"":14995}]]","[22.413793103448278,100,76.27118644067797,100,100]","[{""x"":-9.96551724137931,""y"":247.67241379310346,""r"":78.93237250074407},{""x"":38.6271186440678,""y"":118.42372881355932,""r"":35.45032251297665},{""x"":84.2542372881356,""y"":102.59322033898304,""r"":103.27719621888303},{""x"":81.24137931034483,""y"":-39.258620689655174,""r"":64.4561566026143},{""x"":-4.338983050847458,""y"":19.93220338983051,""r"":38.12002695489151}]","[[25,25],[75,25],[50,50],[25,75],[75,75]]","29.42","validate","","","","","","","","","","",""
"","html-button-response","10","42171","0.0-5.0-4.0-0.0-0.0","","","","","845","0","","
          <p>校准的精度较低。</p>
          <p>请重新校准.</p>
          <p>在下一个屏幕上，注视圆点并单击它们。<p>
        ","","","","","","","","recalibration","","","","","","","","","",""
"","webgazer-calibrate","11","51830","0.0-5.0-4.0-0.0-1.0","","","","","","","","","","","","","","","","recalibration","","","","","","","","","",""
"","html-button-response","12","52812","0.0-5.0-4.0-0.0-2.0","","","","","982","0","","
        <p>展示眼球追踪的准确性</p>
        <p>保持头不动，当每个点出现时，移动眼睛聚焦在它上面。</p>
        <p>不需要点击点。移动眼睛看这些点。</p>
      ","","","","","","","","recalibration","","","","","","","","","",""
"","webgazer-validate","13","69837","0.0-5.0-4.0-0.0-3.0","","","","","","","","","","[[{""x"":472,""y"":333,""dx"":-19,""dy"":52,""t"":1021},{""x"":481,""y"":319,""dx"":-10,""dy"":38,""t"":1057},{""x"":477,""y"":356,""dx"":-14,""dy"":75,""t"":1089},{""x"":480,""y"":348,""dx"":-11,""dy"":67,""t"":1123},{""x"":478,""y"":352,""dx"":-13,""dy"":71,""t"":1157},{""x"":467,""y"":356,""dx"":-24,""dy"":75,""t"":1193},{""x"":456,""y"":362,""dx"":-35,""dy"":81,""t"":1225},{""x"":469,""y"":354,""dx"":-22,""dy"":73,""t"":1259},{""x"":476,""y"":328,""dx"":-15,""dy"":47,""t"":1295},{""x"":476,""y"":303,""dx"":-15,""dy"":22,""t"":1327},{""x"":469,""y"":290,""dx"":-22,""dy"":9,""t"":1362},{""x"":476,""y"":272,""dx"":-15,""dy"":-9,""t"":1397},{""x"":469,""y"":302,""dx"":-22,""dy"":21,""t"":1429},{""x"":458,""y"":332,""dx"":-33,""dy"":51,""t"":1463},{""x"":469,""y"":353,""dx"":-22,""dy"":72,""t"":1497},{""x"":480,""y"":357,""dx"":-11,""dy"":76,""t"":1533},{""x"":489,""y"":360,""dx"":-2,""dy"":79,""t"":1565},{""x"":490,""y"":375,""dx"":-1,""dy"":94,""t"":1600},{""x"":488,""y"":375,""dx"":-3,""dy"":94,""t"":1634},{""x"":485,""y"":366,""dx"":-6,""dy"":85,""t"":1669},{""x"":492,""y"":356,""dx"":1,""dy"":75,""t"":1702},{""x"":482,""y"":338,""dx"":-9,""dy"":57,""t"":1736},{""x"":472,""y"":327,""dx"":-19,""dy"":46,""t"":1771},{""x"":475,""y"":293,""dx"":-16,""dy"":12,""t"":1803},{""x"":473,""y"":306,""dx"":-18,""dy"":25,""t"":1837},{""x"":472,""y"":319,""dx"":-19,""dy"":38,""t"":1871},{""x"":460,""y"":358,""dx"":-31,""dy"":77,""t"":1907},{""x"":446,""y"":334,""dx"":-45,""dy"":53,""t"":1939},{""x"":467,""y"":294,""dx"":-24,""dy"":13,""t"":1973},{""x"":484,""y"":266,""dx"":-7,""dy"":-15,""t"":2009},{""x"":469,""y"":281,""dx"":-22,""dy"":0,""t"":2043},{""x"":482,""y"":296,""dx"":-9,""dy"":15,""t"":2075},{""x"":484,""y"":277,""dx"":-7,""dy"":-4,""t"":2111},{""x"":475,""y"":321,""dx"":-16,""dy"":40,""t"":2143},{""x"":466,""y"":347,""dx"":-25,""dy"":66,""t"":2177},{""x"":443,""y"":339,""dx"":-48,""dy"":58,""t"":2213},{""x"":458,""y"":417,""dx"":-33,""dy"":136,""t"":2246},{""x"":466,""y"":438,""dx"":-25,""dy"":157,""t"":2279},{""x"":476,""y"":459,""dx"":-15,""dy"":178,""t"":2315},{""x"":487,""y"":462,""dx"":-4,""dy"":181,""t"":2347},{""x"":482,""y"":430,""dx"":-9,""dy"":149,""t"":2381},{""x"":496,""y"":410,""dx"":5,""dy"":129,""t"":2417},{""x"":488,""y"":417,""dx"":-3,""dy"":136,""t"":2449},{""x"":496,""y"":447,""dx"":5,""dy"":166,""t"":2484},{""x"":491,""y"":452,""dx"":0,""dy"":171,""t"":2519},{""x"":488,""y"":500,""dx"":-3,""dy"":219,""t"":2551},{""x"":486,""y"":527,""dx"":-5,""dy"":246,""t"":2585},{""x"":483,""y"":575,""dx"":-8,""dy"":294,""t"":2621},{""x"":496,""y"":637,""dx"":5,""dy"":356,""t"":2653},{""x"":497,""y"":669,""dx"":6,""dy"":388,""t"":2688},{""x"":479,""y"":653,""dx"":-12,""dy"":372,""t"":2723},{""x"":472,""y"":683,""dx"":-19,""dy"":402,""t"":2754},{""x"":472,""y"":611,""dx"":-19,""dy"":330,""t"":2789},{""x"":469,""y"":566,""dx"":-22,""dy"":285,""t"":2823},{""x"":485,""y"":551,""dx"":-6,""dy"":270,""t"":2859},{""x"":495,""y"":462,""dx"":4,""dy"":181,""t"":2891},{""x"":480,""y"":420,""dx"":-11,""dy"":139,""t"":2925},{""x"":474,""y"":466,""dx"":-17,""dy"":185,""t"":2961},{""x"":481,""y"":404,""dx"":-10,""dy"":123,""t"":2993}],[{""x"":1487,""y"":316,""dx"":36,""dy"":35,""t"":4014},{""x"":1480,""y"":323,""dx"":29,""dy"":42,""t"":4047},{""x"":1473,""y"":323,""dx"":22,""dy"":42,""t"":4083},{""x"":1476,""y"":344,""dx"":25,""dy"":63,""t"":4115},{""x"":1464,""y"":327,""dx"":13,""dy"":46,""t"":4150},{""x"":1450,""y"":295,""dx"":-1,""dy"":14,""t"":4185},{""x"":1449,""y"":326,""dx"":-2,""dy"":45,""t"":4217},{""x"":1443,""y"":307,""dx"":-8,""dy"":26,""t"":4251},{""x"":1451,""y"":299,""dx"":0,""dy"":18,""t"":4287},{""x"":1450,""y"":323,""dx"":-1,""dy"":42,""t"":4320},{""x"":1445,""y"":293,""dx"":-6,""dy"":12,""t"":4354},{""x"":1438,""y"":237,""dx"":-13,""dy"":-44,""t"":4389},{""x"":1441,""y"":210,""dx"":-10,""dy"":-71,""t"":4422},{""x"":1440,""y"":192,""dx"":-11,""dy"":-89,""t"":4456},{""x"":1449,""y"":242,""dx"":-2,""dy"":-39,""t"":4491},{""x"":1444,""y"":250,""dx"":-7,""dy"":-31,""t"":4524},{""x"":1436,""y"":276,""dx"":-15,""dy"":-5,""t"":4557},{""x"":1439,""y"":290,""dx"":-12,""dy"":9,""t"":4593},{""x"":1452,""y"":302,""dx"":1,""dy"":21,""t"":4625},{""x"":1446,""y"":311,""dx"":-5,""dy"":30,""t"":4659},{""x"":1442,""y"":321,""dx"":-9,""dy"":40,""t"":4695},{""x"":1431,""y"":326,""dx"":-20,""dy"":45,""t"":4727},{""x"":1414,""y"":295,""dx"":-37,""dy"":14,""t"":4761},{""x"":1415,""y"":301,""dx"":-36,""dy"":20,""t"":4795},{""x"":1404,""y"":260,""dx"":-47,""dy"":-21,""t"":4831},{""x"":1401,""y"":239,""dx"":-50,""dy"":-42,""t"":4864},{""x"":1404,""y"":280,""dx"":-47,""dy"":-1,""t"":4898},{""x"":1420,""y"":331,""dx"":-31,""dy"":50,""t"":4934},{""x"":1417,""y"":329,""dx"":-34,""dy"":48,""t"":4965},{""x"":1421,""y"":359,""dx"":-30,""dy"":78,""t"":4999},{""x"":1419,""y"":366,""dx"":-32,""dy"":85,""t"":5035},{""x"":1426,""y"":358,""dx"":-25,""dy"":77,""t"":5067},{""x"":1427,""y"":347,""dx"":-24,""dy"":66,""t"":5102},{""x"":1434,""y"":385,""dx"":-17,""dy"":104,""t"":5135},{""x"":1432,""y"":394,""dx"":-19,""dy"":113,""t"":5172},{""x"":1439,""y"":382,""dx"":-12,""dy"":101,""t"":5204},{""x"":1438,""y"":421,""dx"":-13,""dy"":140,""t"":5237},{""x"":1442,""y"":421,""dx"":-9,""dy"":140,""t"":5273},{""x"":1450,""y"":409,""dx"":-1,""dy"":128,""t"":5305},{""x"":1449,""y"":372,""dx"":-2,""dy"":91,""t"":5340},{""x"":1451,""y"":387,""dx"":0,""dy"":106,""t"":5375},{""x"":1463,""y"":361,""dx"":12,""dy"":80,""t"":5407},{""x"":1452,""y"":350,""dx"":1,""dy"":69,""t"":5441},{""x"":1450,""y"":380,""dx"":-1,""dy"":99,""t"":5477},{""x"":1457,""y"":389,""dx"":6,""dy"":108,""t"":5509},{""x"":1446,""y"":373,""dx"":-5,""dy"":92,""t"":5544},{""x"":1447,""y"":360,""dx"":-4,""dy"":79,""t"":5579},{""x"":1448,""y"":351,""dx"":-3,""dy"":70,""t"":5611},{""x"":1438,""y"":284,""dx"":-13,""dy"":3,""t"":5645},{""x"":1450,""y"":301,""dx"":-1,""dy"":20,""t"":5681},{""x"":1457,""y"":329,""dx"":6,""dy"":48,""t"":5713},{""x"":1460,""y"":359,""dx"":9,""dy"":78,""t"":5747},{""x"":1465,""y"":366,""dx"":14,""dy"":85,""t"":5783},{""x"":1459,""y"":350,""dx"":8,""dy"":69,""t"":5815},{""x"":1466,""y"":352,""dx"":15,""dy"":71,""t"":5849},{""x"":1470,""y"":305,""dx"":19,""dy"":24,""t"":5885},{""x"":1474,""y"":299,""dx"":23,""dy"":18,""t"":5917},{""x"":1478,""y"":352,""dx"":27,""dy"":71,""t"":5952},{""x"":1483,""y"":371,""dx"":32,""dy"":90,""t"":5987}],[{""x"":1029,""y"":661,""dx"":58,""dy"":110,""t"":7007},{""x"":1025,""y"":663,""dx"":54,""dy"":112,""t"":7039},{""x"":1022,""y"":663,""dx"":51,""dy"":112,""t"":7072},{""x"":1022,""y"":719,""dx"":51,""dy"":168,""t"":7107},{""x"":1033,""y"":699,""dx"":62,""dy"":148,""t"":7143},{""x"":1045,""y"":679,""dx"":74,""dy"":128,""t"":7175},{""x"":1023,""y"":703,""dx"":52,""dy"":152,""t"":7209},{""x"":1036,""y"":742,""dx"":65,""dy"":191,""t"":7245},{""x"":1045,""y"":715,""dx"":74,""dy"":164,""t"":7277},{""x"":1053,""y"":698,""dx"":82,""dy"":147,""t"":7311},{""x"":1061,""y"":710,""dx"":90,""dy"":159,""t"":7347},{""x"":1059,""y"":707,""dx"":88,""dy"":156,""t"":7379},{""x"":1084,""y"":669,""dx"":113,""dy"":118,""t"":7414},{""x"":1079,""y"":639,""dx"":108,""dy"":88,""t"":7449},{""x"":1095,""y"":595,""dx"":124,""dy"":44,""t"":7481},{""x"":1084,""y"":594,""dx"":113,""dy"":43,""t"":7516},{""x"":1100,""y"":588,""dx"":129,""dy"":37,""t"":7551},{""x"":1107,""y"":571,""dx"":136,""dy"":20,""t"":7584},{""x"":1110,""y"":536,""dx"":139,""dy"":-15,""t"":7617},{""x"":1109,""y"":541,""dx"":138,""dy"":-10,""t"":7654},{""x"":1108,""y"":526,""dx"":137,""dy"":-25,""t"":7685},{""x"":1070,""y"":543,""dx"":99,""dy"":-8,""t"":7719},{""x"":1007,""y"":553,""dx"":36,""dy"":2,""t"":7755},{""x"":1019,""y"":564,""dx"":48,""dy"":13,""t"":7788},{""x"":988,""y"":565,""dx"":17,""dy"":14,""t"":7821},{""x"":985,""y"":569,""dx"":14,""dy"":18,""t"":7857},{""x"":1021,""y"":542,""dx"":50,""dy"":-9,""t"":7889},{""x"":1020,""y"":534,""dx"":49,""dy"":-17,""t"":7924},{""x"":1017,""y"":592,""dx"":46,""dy"":41,""t"":7957},{""x"":1039,""y"":578,""dx"":68,""dy"":27,""t"":7993},{""x"":1044,""y"":568,""dx"":73,""dy"":17,""t"":8025},{""x"":1053,""y"":538,""dx"":82,""dy"":-13,""t"":8059},{""x"":1010,""y"":512,""dx"":39,""dy"":-39,""t"":8095},{""x"":1001,""y"":531,""dx"":30,""dy"":-20,""t"":8128},{""x"":1005,""y"":559,""dx"":34,""dy"":8,""t"":8162},{""x"":1014,""y"":598,""dx"":43,""dy"":47,""t"":8197},{""x"":1022,""y"":589,""dx"":51,""dy"":38,""t"":8229},{""x"":1024,""y"":654,""dx"":53,""dy"":103,""t"":8264},{""x"":1037,""y"":670,""dx"":66,""dy"":119,""t"":8297},{""x"":1063,""y"":669,""dx"":92,""dy"":118,""t"":8333},{""x"":1092,""y"":662,""dx"":121,""dy"":111,""t"":8365},{""x"":1112,""y"":592,""dx"":141,""dy"":41,""t"":8399},{""x"":1127,""y"":535,""dx"":156,""dy"":-16,""t"":8433},{""x"":1130,""y"":543,""dx"":159,""dy"":-8,""t"":8469},{""x"":1113,""y"":524,""dx"":142,""dy"":-27,""t"":8501},{""x"":1115,""y"":552,""dx"":144,""dy"":1,""t"":8535},{""x"":1114,""y"":555,""dx"":143,""dy"":4,""t"":8571},{""x"":1103,""y"":575,""dx"":132,""dy"":24,""t"":8603},{""x"":1108,""y"":566,""dx"":137,""dy"":15,""t"":8637},{""x"":1100,""y"":591,""dx"":129,""dy"":40,""t"":8671},{""x"":1083,""y"":594,""dx"":112,""dy"":43,""t"":8708},{""x"":1070,""y"":631,""dx"":99,""dy"":80,""t"":8739},{""x"":1067,""y"":644,""dx"":96,""dy"":93,""t"":8773},{""x"":1075,""y"":662,""dx"":104,""dy"":111,""t"":8809},{""x"":1107,""y"":720,""dx"":136,""dy"":169,""t"":8841},{""x"":1091,""y"":708,""dx"":120,""dy"":157,""t"":8875},{""x"":1095,""y"":682,""dx"":124,""dy"":131,""t"":8912},{""x"":1086,""y"":663,""dx"":115,""dy"":112,""t"":8943},{""x"":1072,""y"":670,""dx"":101,""dy"":119,""t"":8977}],[{""x"":512,""y"":811,""dx"":21,""dy"":-10,""t"":10031},{""x"":506,""y"":820,""dx"":15,""dy"":-1,""t"":10065},{""x"":488,""y"":819,""dx"":-3,""dy"":-2,""t"":10101},{""x"":472,""y"":824,""dx"":-19,""dy"":3,""t"":10133},{""x"":464,""y"":807,""dx"":-27,""dy"":-14,""t"":10167},{""x"":440,""y"":820,""dx"":-51,""dy"":-1,""t"":10203},{""x"":429,""y"":813,""dx"":-62,""dy"":-8,""t"":10235},{""x"":422,""y"":807,""dx"":-69,""dy"":-14,""t"":10269},{""x"":419,""y"":817,""dx"":-72,""dy"":-4,""t"":10304},{""x"":427,""y"":809,""dx"":-64,""dy"":-12,""t"":10339},{""x"":440,""y"":789,""dx"":-51,""dy"":-32,""t"":10371},{""x"":456,""y"":791,""dx"":-35,""dy"":-30,""t"":10405},{""x"":456,""y"":740,""dx"":-35,""dy"":-81,""t"":10441},{""x"":463,""y"":740,""dx"":-28,""dy"":-81,""t"":10474},{""x"":483,""y"":730,""dx"":-8,""dy"":-91,""t"":10507},{""x"":492,""y"":735,""dx"":1,""dy"":-86,""t"":10543},{""x"":495,""y"":748,""dx"":4,""dy"":-73,""t"":10575},{""x"":497,""y"":745,""dx"":6,""dy"":-76,""t"":10609},{""x"":497,""y"":741,""dx"":6,""dy"":-80,""t"":10645},{""x"":506,""y"":748,""dx"":15,""dy"":-73,""t"":10677},{""x"":513,""y"":719,""dx"":22,""dy"":-102,""t"":10711},{""x"":504,""y"":727,""dx"":13,""dy"":-94,""t"":10747},{""x"":512,""y"":723,""dx"":21,""dy"":-98,""t"":10779},{""x"":516,""y"":704,""dx"":25,""dy"":-117,""t"":10813},{""x"":507,""y"":700,""dx"":16,""dy"":-121,""t"":10849},{""x"":517,""y"":699,""dx"":26,""dy"":-122,""t"":10881},{""x"":522,""y"":708,""dx"":31,""dy"":-113,""t"":10915},{""x"":527,""y"":704,""dx"":36,""dy"":-117,""t"":10951},{""x"":533,""y"":702,""dx"":42,""dy"":-119,""t"":10983},{""x"":532,""y"":704,""dx"":41,""dy"":-117,""t"":11018},{""x"":538,""y"":691,""dx"":47,""dy"":-130,""t"":11053},{""x"":534,""y"":690,""dx"":43,""dy"":-131,""t"":11085},{""x"":524,""y"":677,""dx"":33,""dy"":-144,""t"":11119},{""x"":519,""y"":680,""dx"":28,""dy"":-141,""t"":11155},{""x"":523,""y"":722,""dx"":32,""dy"":-99,""t"":11187},{""x"":525,""y"":725,""dx"":34,""dy"":-96,""t"":11221},{""x"":522,""y"":727,""dx"":31,""dy"":-94,""t"":11257},{""x"":512,""y"":726,""dx"":21,""dy"":-95,""t"":11289},{""x"":511,""y"":748,""dx"":20,""dy"":-73,""t"":11324},{""x"":504,""y"":749,""dx"":13,""dy"":-72,""t"":11359},{""x"":499,""y"":749,""dx"":8,""dy"":-72,""t"":11392},{""x"":497,""y"":728,""dx"":6,""dy"":-93,""t"":11426},{""x"":495,""y"":710,""dx"":4,""dy"":-111,""t"":11459},{""x"":487,""y"":711,""dx"":-4,""dy"":-110,""t"":11495},{""x"":482,""y"":713,""dx"":-9,""dy"":-108,""t"":11528},{""x"":469,""y"":724,""dx"":-22,""dy"":-97,""t"":11562},{""x"":468,""y"":720,""dx"":-23,""dy"":-101,""t"":11595},{""x"":467,""y"":737,""dx"":-24,""dy"":-84,""t"":11631},{""x"":473,""y"":740,""dx"":-18,""dy"":-81,""t"":11663},{""x"":485,""y"":740,""dx"":-6,""dy"":-81,""t"":11697},{""x"":483,""y"":729,""dx"":-8,""dy"":-92,""t"":11733},{""x"":476,""y"":758,""dx"":-15,""dy"":-63,""t"":11765},{""x"":482,""y"":781,""dx"":-9,""dy"":-40,""t"":11799},{""x"":488,""y"":804,""dx"":-3,""dy"":-17,""t"":11835},{""x"":494,""y"":822,""dx"":3,""dy"":1,""t"":11868},{""x"":491,""y"":826,""dx"":0,""dy"":5,""t"":11902},{""x"":488,""y"":785,""dx"":-3,""dy"":-36,""t"":11936},{""x"":483,""y"":756,""dx"":-8,""dy"":-65,""t"":11968}],[{""x"":1482,""y"":877,""dx"":31,""dy"":56,""t"":13025},{""x"":1481,""y"":853,""dx"":30,""dy"":32,""t"":13057},{""x"":1454,""y"":817,""dx"":3,""dy"":-4,""t"":13092},{""x"":1433,""y"":801,""dx"":-18,""dy"":-20,""t"":13127},{""x"":1404,""y"":789,""dx"":-47,""dy"":-32,""t"":13159},{""x"":1407,""y"":751,""dx"":-44,""dy"":-70,""t"":13193},{""x"":1391,""y"":725,""dx"":-60,""dy"":-96,""t"":13227},{""x"":1372,""y"":698,""dx"":-79,""dy"":-123,""t"":13263},{""x"":1374,""y"":654,""dx"":-77,""dy"":-167,""t"":13295},{""x"":1367,""y"":608,""dx"":-84,""dy"":-213,""t"":13329},{""x"":1363,""y"":647,""dx"":-88,""dy"":-174,""t"":13365},{""x"":1354,""y"":662,""dx"":-97,""dy"":-159,""t"":13397},{""x"":1358,""y"":674,""dx"":-93,""dy"":-147,""t"":13431},{""x"":1362,""y"":686,""dx"":-89,""dy"":-135,""t"":13465},{""x"":1354,""y"":662,""dx"":-97,""dy"":-159,""t"":13501},{""x"":1355,""y"":703,""dx"":-96,""dy"":-118,""t"":13534},{""x"":1357,""y"":738,""dx"":-94,""dy"":-83,""t"":13567},{""x"":1368,""y"":744,""dx"":-83,""dy"":-77,""t"":13601},{""x"":1365,""y"":772,""dx"":-86,""dy"":-49,""t"":13638},{""x"":1362,""y"":780,""dx"":-89,""dy"":-41,""t"":13669},{""x"":1377,""y"":795,""dx"":-74,""dy"":-26,""t"":13703},{""x"":1384,""y"":760,""dx"":-67,""dy"":-61,""t"":13739},{""x"":1407,""y"":787,""dx"":-44,""dy"":-34,""t"":13771},{""x"":1412,""y"":763,""dx"":-39,""dy"":-58,""t"":13805},{""x"":1398,""y"":754,""dx"":-53,""dy"":-67,""t"":13841},{""x"":1386,""y"":746,""dx"":-65,""dy"":-75,""t"":13873},{""x"":1376,""y"":738,""dx"":-75,""dy"":-83,""t"":13907},{""x"":1379,""y"":781,""dx"":-72,""dy"":-40,""t"":13942},{""x"":1395,""y"":805,""dx"":-56,""dy"":-16,""t"":13977},{""x"":1392,""y"":720,""dx"":-59,""dy"":-101,""t"":14009},{""x"":1389,""y"":709,""dx"":-62,""dy"":-112,""t"":14043},{""x"":1383,""y"":639,""dx"":-68,""dy"":-182,""t"":14079},{""x"":1382,""y"":664,""dx"":-69,""dy"":-157,""t"":14111},{""x"":1379,""y"":683,""dx"":-72,""dy"":-138,""t"":14145},{""x"":1367,""y"":701,""dx"":-84,""dy"":-120,""t"":14181},{""x"":1376,""y"":681,""dx"":-75,""dy"":-140,""t"":14213},{""x"":1396,""y"":713,""dx"":-55,""dy"":-108,""t"":14247},{""x"":1390,""y"":718,""dx"":-61,""dy"":-103,""t"":14283},{""x"":1409,""y"":768,""dx"":-42,""dy"":-53,""t"":14315},{""x"":1421,""y"":779,""dx"":-30,""dy"":-42,""t"":14349},{""x"":1421,""y"":752,""dx"":-30,""dy"":-69,""t"":14385},{""x"":1413,""y"":732,""dx"":-38,""dy"":-89,""t"":14417},{""x"":1419,""y"":744,""dx"":-32,""dy"":-77,""t"":14451},{""x"":1416,""y"":746,""dx"":-35,""dy"":-75,""t"":14487},{""x"":1416,""y"":790,""dx"":-35,""dy"":-31,""t"":14519},{""x"":1414,""y"":815,""dx"":-37,""dy"":-6,""t"":14553},{""x"":1420,""y"":820,""dx"":-31,""dy"":-1,""t"":14589},{""x"":1435,""y"":836,""dx"":-16,""dy"":15,""t"":14621},{""x"":1441,""y"":863,""dx"":-10,""dy"":42,""t"":14656},{""x"":1455,""y"":881,""dx"":4,""dy"":60,""t"":14691},{""x"":1450,""y"":896,""dx"":-1,""dy"":75,""t"":14723},{""x"":1445,""y"":908,""dx"":-6,""dy"":87,""t"":14757},{""x"":1440,""y"":884,""dx"":-11,""dy"":63,""t"":14791},{""x"":1457,""y"":891,""dx"":6,""dy"":70,""t"":14828},{""x"":1441,""y"":859,""dx"":-10,""dy"":38,""t"":14859},{""x"":1427,""y"":853,""dx"":-24,""dy"":32,""t"":14893},{""x"":1399,""y"":837,""dx"":-52,""dy"":16,""t"":14929},{""x"":1397,""y"":830,""dx"":-54,""dy"":9,""t"":14961},{""x"":1396,""y"":837,""dx"":-55,""dy"":16,""t"":14995}]]","[83.05084745762711,100,96.61016949152543,100,98.30508474576271]","[{""x"":-13.983050847457626,""y"":117.32203389830508,""r"":67.74517752468579},{""x"":-5.372881355932203,""y"":46.13559322033898,""r"":39.957877850283666},{""x"":90.49152542372882,""y"":62.813559322033896,""r"":67.24018485298421},{""x"":-0.20689655172413793,""y"":-72.51724137931035,""r"":57.24241134440874},{""x"":-49.932203389830505,""y"":-56.271186440677965,""r"":58.42373127209605}]","[[25,25],[75,25],[50,50],[25,75],[75,75]]","29.42","validate","recalibration","","","","","","","","","",""
"","html-keyboard-response","14","71547","0.0-6.0-0.0","","","","","1710"," ","","<p>识别实验（两个刺激物）：每个试验都以 500 毫秒的固定时间开始，然后会有一个 500 毫秒的fixation，接下来是100毫秒的单个项目展示，500毫秒的空白间隔后，会呈现一个两个项目的阵列。</p> <p>实验要求：记忆单个项目，并在多个项目阵列中快速找到，左边按数字键盘的 "" 4 "" ,右边按 "" 6 "" ,不存在或者不记得的选择 "" 5 ""。</p><p>按""space""键继续。</p>","","","","","","","","","","","","","","","","","",""
"","html-keyboard-response","15","72655","0.0-6.0-1.0","","","","","606"," ","","<p>要求：记忆项目的颜色。</p><p>按"" ""键继续，实验开始。</p>","","","","","","","","","","","","","","","","","",""
"","canvas-keyboard-response","16","73672","0.0-6.0-2.0-0.0","","","","","null","null","","","","","","","","","recognition","","[""6"",""4"",""4"",""6"",""5"",""4"",""5"",""5"",""6"",""5"",""5"",""4"",""6"",""6"",""6"",""5"",""4"",""4"",""4"",""5"",""6"",""5"",""6"",""5"",""4"",""5"",""4"",""6"",""6"",""5"",""4"",""5"",""4"",""6"",""4"",""6""]","1500","color","2","","","","","",""
"","canvas-keyboard-response","17","73779","0.0-6.0-2.0-1.0","","","","","null","null","","","","","","","","","recognition","","[""6"",""4"",""4"",""6"",""5"",""4"",""5"",""5"",""6"",""5"",""5"",""4"",""6"",""6"",""6"",""5"",""4"",""4"",""4"",""5"",""6"",""5"",""6"",""5"",""4"",""5"",""4"",""6"",""6"",""5"",""4"",""5"",""4"",""6"",""4"",""6""]","1500","color","2","","","","","",""
"","canvas-keyboard-response","18","75759","0.0-6.0-2.0-2.0","","","","","467","6","","[""blue"",""green""]","","","","","","","","","","","","","[{""x"":664,""y"":761,""t"":1},{""x"":726,""y"":772,""t"":37},{""x"":838,""y"":804,""t"":69},{""x"":934,""y"":796,""t"":103},{""x"":999,""y"":848,""t"":137},{""x"":1049,""y"":879,""t"":173},{""x"":1042,""y"":875,""t"":205},{""x"":1075,""y"":874,""t"":239},{""x"":1077,""y"":895,""t"":275},{""x"":1105,""y"":907,""t"":312},{""x"":1140,""y"":911,""t"":341},{""x"":1167,""y"":907,""t"":378},{""x"":1194,""y"":935,""t"":424},{""x"":1216,""y"":926,""t"":444}]","{""#container"":{""x"":410,""y"":129.390625,""width"":1100,""height"":850,""top"":129.390625,""right"":1510,""bottom"":979.390625,""left"":410}}","green","6","true","[{""x"":250,""y"":425,""width"":80,""height"":80,""top"":385,""right"":290,""bottom"":465,""left"":210},{""x"":850,""y"":425,""width"":80,""height"":80,""top"":385,""right"":890,""bottom"":465,""left"":810}]"
"","canvas-keyboard-response","19","76786","0.0-6.0-2.0-0.1","","","","","null","null","","","","","","","","","recognition","","[""6"",""4"",""4"",""6"",""5"",""4"",""5"",""5"",""6"",""5"",""5"",""4"",""6"",""6"",""6"",""5"",""4"",""4"",""4"",""5"",""6"",""5"",""6"",""5"",""4"",""5"",""4"",""6"",""6"",""5"",""4"",""5"",""4"",""6"",""4"",""6""]","1500","color","2","","","","","",""
"","canvas-keyboard-response","20","76892","0.0-6.0-2.0-1.1","","","","","null","null","","","","","","","","","recognition","","[""6"",""4"",""4"",""6"",""5"",""4"",""5"",""5"",""6"",""5"",""5"",""4"",""6"",""6"",""6"",""5"",""4"",""4"",""4"",""5"",""6"",""5"",""6"",""5"",""4"",""5"",""4"",""6"",""6"",""5"",""4"",""5"",""4"",""6"",""4"",""6""]","1500","color","2","","","","","",""
"","canvas-keyboard-response","21","78763","0.0-6.0-2.0-2.1","","","","","358","4","","[""blue"",""red""]","","","","","","","","","","","","","[{""x"":1194,""y"":902,""t"":2},{""x"":1170,""y"":879,""t"":35},{""x"":1144,""y"":869,""t"":69},{""x"":1122,""y"":862,""t"":105},{""x"":1098,""y"":837,""t"":137},{""x"":1067,""y"":801,""t"":172},{""x"":1066,""y"":795,""t"":207},{""x"":1068,""y"":813,""t"":239},{""x"":1064,""y"":852,""t"":273},{""x"":1072,""y"":888,""t"":318},{""x"":1059,""y"":905,""t"":341}]","{""#container"":{""x"":410,""y"":129.390625,""width"":1100,""height"":850,""top"":129.390625,""right"":1510,""bottom"":979.390625,""left"":410}}","blue_1","4","true","[{""x"":250,""y"":425,""width"":80,""height"":80,""top"":385,""right"":290,""bottom"":465,""left"":210},{""x"":850,""y"":425,""width"":80,""height"":80,""top"":385,""right"":890,""bottom"":465,""left"":810}]"
"","canvas-keyboard-response","22","79791","0.0-6.0-2.0-0.2","","","","","null","null","","","","","","","","","recognition","","[""6"",""4"",""4"",""6"",""5"",""4"",""5"",""5"",""6"",""5"",""5"",""4"",""6"",""6"",""6"",""5"",""4"",""4"",""4"",""5"",""6"",""5"",""6"",""5"",""4"",""5"",""4"",""6"",""6"",""5"",""4"",""5"",""4"",""6"",""4"",""6""]","1500","color","2","","","","","",""
"","canvas-keyboard-response","23","79896","0.0-6.0-2.0-1.2","","","","","null","null","","","","","","","","","recognition","","[""6"",""4"",""4"",""6"",""5"",""4"",""5"",""5"",""6"",""5"",""5"",""4"",""6"",""6"",""6"",""5"",""4"",""4"",""4"",""5"",""6"",""5"",""6"",""5"",""4"",""5"",""4"",""6"",""6"",""5"",""4"",""5"",""4"",""6"",""4"",""6""]","1500","color","2","","","","","",""
"","canvas-keyboard-response","24","81778","0.0-6.0-2.0-2.2","","","","","374","4","","[""red"",""green""]","","","","","","","","","","","","","[{""x"":1058,""y"":904,""t"":1},{""x"":1070,""y"":887,""t"":37},{""x"":1066,""y"":855,""t"":69},{""x"":1052,""y"":822,""t"":103},{""x"":1036,""y"":811,""t"":139},{""x"":1027,""y"":804,""t"":172},{""x"":1018,""y"":772,""t"":205},{""x"":1016,""y"":784,""t"":241},{""x"":1023,""y"":776,""t"":273},{""x"":938,""y"":785,""t"":315},{""x"":872,""y"":802,""t"":341}]","{""#container"":{""x"":410,""y"":129.390625,""width"":1100,""height"":850,""top"":129.390625,""right"":1510,""bottom"":979.390625,""left"":410}}","red_1","4","true","[{""x"":250,""y"":425,""width"":80,""height"":80,""top"":385,""right"":290,""bottom"":465,""left"":210},{""x"":850,""y"":425,""width"":80,""height"":80,""top"":385,""right"":890,""bottom"":465,""left"":810}]"
"","canvas-keyboard-response","25","82806","0.0-6.0-2.0-0.3","","","","","null","null","","","","","","","","","recognition","","[""6"",""4"",""4"",""6"",""5"",""4"",""5"",""5"",""6"",""5"",""5"",""4"",""6"",""6"",""6"",""5"",""4"",""4"",""4"",""5"",""6"",""5"",""6"",""5"",""4"",""5"",""4"",""6"",""6"",""5"",""4"",""5"",""4"",""6"",""4"",""6""]","1500","color","2","","","","","",""
"","canvas-keyboard-response","26","82912","0.0-6.0-2.0-1.3","","","","","null","null","","","","","","","","","recognition","","[""6"",""4"",""4"",""6"",""5"",""4"",""5"",""5"",""6"",""5"",""5"",""4"",""6"",""6"",""6"",""5"",""4"",""4"",""4"",""5"",""6"",""5"",""6"",""5"",""4"",""5"",""4"",""6"",""6"",""5"",""4"",""5"",""4"",""6"",""4"",""6""]","1500","color","2","","","","","",""
"","canvas-keyboard-response","27","84840","0.0-6.0-2.0-2.3","","","","","419","6","","[""green"",""red""]","","","","","","","","","","","","","[{""x"":876,""y"":780,""t"":3},{""x"":868,""y"":768,""t"":36},{""x"":858,""y"":739,""t"":69},{""x"":853,""y"":719,""t"":104},{""x"":839,""y"":686,""t"":139},{""x"":828,""y"":659,""t"":171},{""x"":837,""y"":665,""t"":206},{""x"":895,""y"":698,""t"":240},{""x"":923,""y"":745,""t"":275},{""x"":981,""y"":822,""t"":316},{""x"":1082,""y"":895,""t"":342},{""x"":1164,""y"":961,""t"":381}]","{""#container"":{""x"":410,""y"":129.390625,""width"":1100,""height"":850,""top"":129.390625,""right"":1510,""bottom"":979.390625,""left"":410}}","red","6","true","[{""x"":250,""y"":425,""width"":80,""height"":80,""top"":385,""right"":290,""bottom"":465,""left"":210},{""x"":850,""y"":425,""width"":80,""height"":80,""top"":385,""right"":890,""bottom"":465,""left"":810}]"
"","canvas-keyboard-response","28","85872","0.0-6.0-2.0-0.4","","","","","null","null","","","","","","","","","recognition","","[""6"",""4"",""4"",""6"",""5"",""4"",""5"",""5"",""6"",""5"",""5"",""4"",""6"",""6"",""6"",""5"",""4"",""4"",""4"",""5"",""6"",""5"",""6"",""5"",""4"",""5"",""4"",""6"",""6"",""5"",""4"",""5"",""4"",""6"",""4"",""6""]","1500","color","2","","","","","",""
"","canvas-keyboard-response","29","85977","0.0-6.0-2.0-1.4","","","","","null","null","","","","","","","","","recognition","","[""6"",""4"",""4"",""6"",""5"",""4"",""5"",""5"",""6"",""5"",""5"",""4"",""6"",""6"",""6"",""5"",""4"",""4"",""4"",""5"",""6"",""5"",""6"",""5"",""4"",""5"",""4"",""6"",""6"",""5"",""4"",""5"",""4"",""6"",""4"",""6""]","1500","color","2","","","","","",""
"","canvas-keyboard-response","30","87976","0.0-6.0-2.0-2.4","","","","","486","5","","[""blue"",""green""]","","","","","","","","","","","","","[{""x"":1209,""y"":1003,""t"":1},{""x"":1204,""y"":964,""t"":37},{""x"":1183,""y"":930,""t"":69},{""x"":1156,""y"":906,""t"":103},{""x"":1120,""y"":909,""t"":139},{""x"":1110,""y"":914,""t"":171},{""x"":1109,""y"":919,""t"":205},{""x"":1070,""y"":908,""t"":239},{""x"":1064,""y"":916,""t"":275},{""x"":1042,""y"":927,""t"":315},{""x"":999,""y"":902,""t"":341},{""x"":914,""y"":882,""t"":381},{""x"":858,""y"":892,""t"":409},{""x"":800,""y"":857,""t"":443}]","{""#container"":{""x"":410,""y"":129.390625,""width"":1100,""height"":850,""top"":129.390625,""right"":1510,""bottom"":979.390625,""left"":410}}","red","5","true","[{""x"":250,""y"":425,""width"":80,""height"":80,""top"":385,""right"":290,""bottom"":465,""left"":210},{""x"":850,""y"":425,""width"":80,""height"":80,""top"":385,""right"":890,""bottom"":465,""left"":810}]"
"","canvas-keyboard-response","31","88999","0.0-6.0-2.0-0.5","","","","","null","null","","","","","","","","","recognition","","[""6"",""4"",""4"",""6"",""5"",""4"",""5"",""5"",""6"",""5"",""5"",""4"",""6"",""6"",""6"",""5"",""4"",""4"",""4"",""5"",""6"",""5"",""6"",""5"",""4"",""5"",""4"",""6"",""6"",""5"",""4"",""5"",""4"",""6"",""4"",""6""]","1500","color","2","","","","","",""
"","canvas-keyboard-response","32","89104","0.0-6.0-2.0-1.5","","","","","null","null","","","","","","","","","recognition","","[""6"",""4"",""4"",""6"",""5"",""4"",""5"",""5"",""6"",""5"",""5"",""4"",""6"",""6"",""6"",""5"",""4"",""4"",""4"",""5"",""6"",""5"",""6"",""5"",""4"",""5"",""4"",""6"",""6"",""5"",""4"",""5"",""4"",""6"",""4"",""6""]","1500","color","2","","","","","",""
"","canvas-keyboard-response","33","91009","0.0-6.0-2.0-2.5","","","","","387","4","","[""green"",""red""]","","","","","","","","","","","","","[{""x"":820,""y"":829,""t"":2},{""x"":865,""y"":798,""t"":35},{""x"":881,""y"":862,""t"":69},{""x"":900,""y"":842,""t"":105},{""x"":905,""y"":861,""t"":137},{""x"":920,""y"":913,""t"":171},{""x"":966,""y"":867,""t"":207},{""x"":996,""y"":842,""t"":239},{""x"":1021,""y"":821,""t"":273},{""x"":1013,""y"":842,""t"":316},{""x"":943,""y"":804,""t"":343}]","{""#container"":{""x"":410,""y"":129.390625,""width"":1100,""height"":850,""top"":129.390625,""right"":1510,""bottom"":979.390625,""left"":410}}","green_1","4","true","[{""x"":250,""y"":425,""width"":80,""height"":80,""top"":385,""right"":290,""bottom"":465,""left"":210},{""x"":850,""y"":425,""width"":80,""height"":80,""top"":385,""right"":890,""bottom"":465,""left"":810}]"
"","canvas-keyboard-response","34","92021","0.0-6.0-2.0-0.6","","","","","null","null","","","","","","","","","recognition","","[""6"",""4"",""4"",""6"",""5"",""4"",""5"",""5"",""6"",""5"",""5"",""4"",""6"",""6"",""6"",""5"",""4"",""4"",""4"",""5"",""6"",""5"",""6"",""5"",""4"",""5"",""4"",""6"",""6"",""5"",""4"",""5"",""4"",""6"",""4"",""6""]","1500","color","2","","","","","",""
"","canvas-keyboard-response","35","92127","0.0-6.0-2.0-1.6","","","","","null","null","","","","","","","","","recognition","","[""6"",""4"",""4"",""6"",""5"",""4"",""5"",""5"",""6"",""5"",""5"",""4"",""6"",""6"",""6"",""5"",""4"",""4"",""4"",""5"",""6"",""5"",""6"",""5"",""4"",""5"",""4"",""6"",""6"",""5"",""4"",""5"",""4"",""6"",""4"",""6""]","1500","color","2","","","","","",""
"","canvas-keyboard-response","36","94096","0.0-6.0-2.0-2.6","","","","","455","5","","[""green"",""red""]","","","","","","","","","","","","","[{""x"":888,""y"":812,""t"":1},{""x"":875,""y"":792,""t"":37},{""x"":868,""y"":829,""t"":69},{""x"":872,""y"":819,""t"":103},{""x"":889,""y"":820,""t"":138},{""x"":902,""y"":787,""t"":171},{""x"":914,""y"":766,""t"":205},{""x"":914,""y"":742,""t"":241},{""x"":916,""y"":741,""t"":273},{""x"":927,""y"":735,""t"":314},{""x"":937,""y"":738,""t"":343},{""x"":945,""y"":715,""t"":378},{""x"":956,""y"":722,""t"":409}]","{""#container"":{""x"":410,""y"":129.390625,""width"":1100,""height"":850,""top"":129.390625,""right"":1510,""bottom"":979.390625,""left"":410}}","blue_1","5","true","[{""x"":250,""y"":425,""width"":80,""height"":80,""top"":385,""right"":290,""bottom"":465,""left"":210},{""x"":850,""y"":425,""width"":80,""height"":80,""top"":385,""right"":890,""bottom"":465,""left"":810}]"
"","canvas-keyboard-response","37","95104","0.0-6.0-2.0-0.7","","","","","null","null","","","","","","","","","recognition","","[""6"",""4"",""4"",""6"",""5"",""4"",""5"",""5"",""6"",""5"",""5"",""4"",""6"",""6"",""6"",""5"",""4"",""4"",""4"",""5"",""6"",""5"",""6"",""5"",""4"",""5"",""4"",""6"",""6"",""5"",""4"",""5"",""4"",""6"",""4"",""6""]","1500","color","2","","","","","",""
"","canvas-keyboard-response","38","95210","0.0-6.0-2.0-1.7","","","","","null","null","","","","","","","","","recognition","","[""6"",""4"",""4"",""6"",""5"",""4"",""5"",""5"",""6"",""5"",""5"",""4"",""6"",""6"",""6"",""5"",""4"",""4"",""4"",""5"",""6"",""5"",""6"",""5"",""4"",""5"",""4"",""6"",""6"",""5"",""4"",""5"",""4"",""6"",""4"",""6""]","1500","color","2","","","","","",""
"","canvas-keyboard-response","39","97209","0.0-6.0-2.0-2.7","","","","","483","5","","[""blue"",""red""]","","","","","","","","","","","","","[{""x"":959,""y"":728,""t"":2},{""x"":958,""y"":781,""t"":35},{""x"":957,""y"":796,""t"":69},{""x"":950,""y"":808,""t"":105},{""x"":941,""y"":829,""t"":137},{""x"":945,""y"":842,""t"":171},{""x"":955,""y"":900,""t"":205},{""x"":969,""y"":978,""t"":241},{""x"":963,""y"":998,""t"":273},{""x"":963,""y"":986,""t"":314},{""x"":946,""y"":969,""t"":343},{""x"":918,""y"":932,""t"":379},{""x"":879,""y"":937,""t"":409},{""x"":848,""y"":900,""t"":460}]","{""#container"":{""x"":410,""y"":129.390625,""width"":1100,""height"":850,""top"":129.390625,""right"":1510,""bottom"":979.390625,""left"":410}}","green_1","5","true","[{""x"":250,""y"":425,""width"":80,""height"":80,""top"":385,""right"":290,""bottom"":465,""left"":210},{""x"":850,""y"":425,""width"":80,""height"":80,""top"":385,""right"":890,""bottom"":465,""left"":810}]"
"","canvas-keyboard-response","40","98234","0.0-6.0-2.0-0.8","","","","","null","null","","","","","","","","","recognition","","[""6"",""4"",""4"",""6"",""5"",""4"",""5"",""5"",""6"",""5"",""5"",""4"",""6"",""6"",""6"",""5"",""4"",""4"",""4"",""5"",""6"",""5"",""6"",""5"",""4"",""5"",""4"",""6"",""6"",""5"",""4"",""5"",""4"",""6"",""4"",""6""]","1500","color","2","","","","","",""
"","canvas-keyboard-response","41","98340","0.0-6.0-2.0-1.8","","","","","null","null","","","","","","","","","recognition","","[""6"",""4"",""4"",""6"",""5"",""4"",""5"",""5"",""6"",""5"",""5"",""4"",""6"",""6"",""6"",""5"",""4"",""4"",""4"",""5"",""6"",""5"",""6"",""5"",""4"",""5"",""4"",""6"",""6"",""5"",""4"",""5"",""4"",""6"",""4"",""6""]","1500","color","2","","","","","",""
"","canvas-keyboard-response","42","100280","0.0-6.0-2.0-2.8","","","","","433","6","","[""blue"",""green""]","","","","","","","","","","","","","[{""x"":845,""y"":820,""t"":1},{""x"":849,""y"":795,""t"":37},{""x"":863,""y"":753,""t"":69},{""x"":892,""y"":734,""t"":103},{""x"":900,""y"":732,""t"":139},{""x"":912,""y"":736,""t"":171},{""x"":924,""y"":726,""t"":205},{""x"":939,""y"":718,""t"":241},{""x"":948,""y"":729,""t"":273},{""x"":987,""y"":747,""t"":317},{""x"":1031,""y"":770,""t"":341},{""x"":1058,""y"":840,""t"":381},{""x"":1036,""y"":882,""t"":409}]","{""#container"":{""x"":410,""y"":129.390625,""width"":1100,""height"":850,""top"":129.390625,""right"":1510,""bottom"":979.390625,""left"":410}}","green_1","6","true","[{""x"":250,""y"":425,""width"":80,""height"":80,""top"":385,""right"":290,""bottom"":465,""left"":210},{""x"":850,""y"":425,""width"":80,""height"":80,""top"":385,""right"":890,""bottom"":465,""left"":810}]"
"","canvas-keyboard-response","43","101307","0.0-6.0-2.0-0.9","","","","","null","null","","","","","","","","","recognition","","[""6"",""4"",""4"",""6"",""5"",""4"",""5"",""5"",""6"",""5"",""5"",""4"",""6"",""6"",""6"",""5"",""4"",""4"",""4"",""5"",""6"",""5"",""6"",""5"",""4"",""5"",""4"",""6"",""6"",""5"",""4"",""5"",""4"",""6"",""4"",""6""]","1500","color","2","","","","","",""
"","canvas-keyboard-response","44","101412","0.0-6.0-2.0-1.9","","","","","null","null","","","","","","","","","recognition","","[""6"",""4"",""4"",""6"",""5"",""4"",""5"",""5"",""6"",""5"",""5"",""4"",""6"",""6"",""6"",""5"",""4"",""4"",""4"",""5"",""6"",""5"",""6"",""5"",""4"",""5"",""4"",""6"",""6"",""5"",""4"",""5"",""4"",""6"",""4"",""6""]","1500","color","2","","","","","",""
"","canvas-keyboard-response","45","103364","0.0-6.0-2.0-2.9","","","","","446","5","","[""blue"",""green""]","","","","","","","","","","","","","[{""x"":1016,""y"":864,""t"":1},{""x"":991,""y"":847,""t"":37},{""x"":984,""y"":857,""t"":68},{""x"":968,""y"":833,""t"":103},{""x"":962,""y"":799,""t"":137},{""x"":961,""y"":783,""t"":174},{""x"":956,""y"":788,""t"":205},{""x"":949,""y"":827,""t"":239},{""x"":939,""y"":807,""t"":275},{""x"":931,""y"":823,""t"":315},{""x"":929,""y"":827,""t"":341},{""x"":937,""y"":826,""t"":376},{""x"":926,""y"":826,""t"":411}]","{""#container"":{""x"":410,""y"":129.390625,""width"":1100,""height"":850,""top"":129.390625,""right"":1510,""bottom"":979.390625,""left"":410}}","red","5","true","[{""x"":250,""y"":425,""width"":80,""height"":80,""top"":385,""right"":290,""bottom"":465,""left"":210},{""x"":850,""y"":425,""width"":80,""height"":80,""top"":385,""right"":890,""bottom"":465,""left"":810}]"
"","canvas-keyboard-response","46","104393","0.0-6.0-2.0-0.10","","","","","null","null","","","","","","","","","recognition","","[""6"",""4"",""4"",""6"",""5"",""4"",""5"",""5"",""6"",""5"",""5"",""4"",""6"",""6"",""6"",""5"",""4"",""4"",""4"",""5"",""6"",""5"",""6"",""5"",""4"",""5"",""4"",""6"",""6"",""5"",""4"",""5"",""4"",""6"",""4"",""6""]","1500","color","2","","","","","",""
"","canvas-keyboard-response","47","104499","0.0-6.0-2.0-1.10","","","","","null","null","","","","","","","","","recognition","","[""6"",""4"",""4"",""6"",""5"",""4"",""5"",""5"",""6"",""5"",""5"",""4"",""6"",""6"",""6"",""5"",""4"",""4"",""4"",""5"",""6"",""5"",""6"",""5"",""4"",""5"",""4"",""6"",""6"",""5"",""4"",""5"",""4"",""6"",""4"",""6""]","1500","color","2","","","","","",""
"","canvas-keyboard-response","48","106504","0.0-6.0-2.0-2.10","","","","","499","5","","[""red"",""green""]","","","","","","","","","","","","","[{""x"":955,""y"":867,""t"":1},{""x"":973,""y"":906,""t"":36},{""x"":984,""y"":907,""t"":71},{""x"":1007,""y"":892,""t"":103},{""x"":991,""y"":883,""t"":137},{""x"":988,""y"":877,""t"":173},{""x"":967,""y"":871,""t"":205},{""x"":964,""y"":878,""t"":239},{""x"":976,""y"":892,""t"":275},{""x"":990,""y"":907,""t"":313},{""x"":982,""y"":885,""t"":342},{""x"":980,""y"":856,""t"":378},{""x"":985,""y"":865,""t"":422},{""x"":988,""y"":873,""t"":443},{""x"":1003,""y"":867,""t"":486}]","{""#container"":{""x"":410,""y"":129.390625,""width"":1100,""height"":850,""top"":129.390625,""right"":1510,""bottom"":979.390625,""left"":410}}","blue_1","5","true","[{""x"":250,""y"":425,""width"":80,""height"":80,""top"":385,""right"":290,""bottom"":465,""left"":210},{""x"":850,""y"":425,""width"":80,""height"":80,""top"":385,""right"":890,""bottom"":465,""left"":810}]"
"","canvas-keyboard-response","49","107524","0.0-6.0-2.0-0.11","","","","","null","null","","","","","","","","","recognition","","[""6"",""4"",""4"",""6"",""5"",""4"",""5"",""5"",""6"",""5"",""5"",""4"",""6"",""6"",""6"",""5"",""4"",""4"",""4"",""5"",""6"",""5"",""6"",""5"",""4"",""5"",""4"",""6"",""6"",""5"",""4"",""5"",""4"",""6"",""4"",""6""]","1500","color","2","","","","","",""
"","canvas-keyboard-response","50","107630","0.0-6.0-2.0-1.11","","","","","null","null","","","","","","","","","recognition","","[""6"",""4"",""4"",""6"",""5"",""4"",""5"",""5"",""6"",""5"",""5"",""4"",""6"",""6"",""6"",""5"",""4"",""4"",""4"",""5"",""6"",""5"",""6"",""5"",""4"",""5"",""4"",""6"",""6"",""5"",""4"",""5"",""4"",""6"",""4"",""6""]","1500","color","2","","","","","",""
"","canvas-keyboard-response","51","109491","0.0-6.0-2.0-2.11","","","","","354","4","","[""green"",""red""]","","","","","","","","","","","","","[{""x"":997,""y"":838,""t"":2},{""x"":1006,""y"":846,""t"":35},{""x"":1001,""y"":805,""t"":69},{""x"":1013,""y"":809,""t"":105},{""x"":1015,""y"":847,""t"":137},{""x"":1018,""y"":869,""t"":171},{""x"":1020,""y"":847,""t"":207},{""x"":1028,""y"":818,""t"":239},{""x"":1001,""y"":834,""t"":273},{""x"":1002,""y"":815,""t"":314},{""x"":989,""y"":793,""t"":341}]","{""#container"":{""x"":410,""y"":129.390625,""width"":1100,""height"":850,""top"":129.390625,""right"":1510,""bottom"":979.390625,""left"":410}}","green","4","true","[{""x"":250,""y"":425,""width"":80,""height"":80,""top"":385,""right"":290,""bottom"":465,""left"":210},{""x"":850,""y"":425,""width"":80,""height"":80,""top"":385,""right"":890,""bottom"":465,""left"":810}]"
"","canvas-keyboard-response","52","110510","0.0-6.0-2.0-0.12","","","","","null","null","","","","","","","","","recognition","","[""6"",""4"",""4"",""6"",""5"",""4"",""5"",""5"",""6"",""5"",""5"",""4"",""6"",""6"",""6"",""5"",""4"",""4"",""4"",""5"",""6"",""5"",""6"",""5"",""4"",""5"",""4"",""6"",""6"",""5"",""4"",""5"",""4"",""6"",""4"",""6""]","1500","color","2","","","","","",""
"","canvas-keyboard-response","53","110616","0.0-6.0-2.0-1.12","","","","","null","null","","","","","","","","","recognition","","[""6"",""4"",""4"",""6"",""5"",""4"",""5"",""5"",""6"",""5"",""5"",""4"",""6"",""6"",""6"",""5"",""4"",""4"",""4"",""5"",""6"",""5"",""6"",""5"",""4"",""5"",""4"",""6"",""6"",""5"",""4"",""5"",""4"",""6"",""4"",""6""]","1500","color","2","","","","","",""
"","canvas-keyboard-response","54","112524","0.0-6.0-2.0-2.12","","","","","389","6","","[""green"",""blue""]","","","","","","","","","","","","","[{""x"":948,""y"":800,""t"":1},{""x"":959,""y"":849,""t"":37},{""x"":929,""y"":867,""t"":69},{""x"":936,""y"":904,""t"":103},{""x"":922,""y"":924,""t"":139},{""x"":944,""y"":889,""t"":171},{""x"":944,""y"":909,""t"":206},{""x"":931,""y"":871,""t"":241},{""x"":939,""y"":823,""t"":273},{""x"":942,""y"":802,""t"":315},{""x"":967,""y"":782,""t"":343}]","{""#container"":{""x"":410,""y"":129.390625,""width"":1100,""height"":850,""top"":129.390625,""right"":1510,""bottom"":979.390625,""left"":410}}","blue","6","true","[{""x"":250,""y"":425,""width"":80,""height"":80,""top"":385,""right"":290,""bottom"":465,""left"":210},{""x"":850,""y"":425,""width"":80,""height"":80,""top"":385,""right"":890,""bottom"":465,""left"":810}]"
"","canvas-keyboard-response","55","113546","0.0-6.0-2.0-0.13","","","","","null","null","","","","","","","","","recognition","","[""6"",""4"",""4"",""6"",""5"",""4"",""5"",""5"",""6"",""5"",""5"",""4"",""6"",""6"",""6"",""5"",""4"",""4"",""4"",""5"",""6"",""5"",""6"",""5"",""4"",""5"",""4"",""6"",""6"",""5"",""4"",""5"",""4"",""6"",""4"",""6""]","1500","color","2","","","","","",""
"","canvas-keyboard-response","56","113652","0.0-6.0-2.0-1.13","","","","","null","null","","","","","","","","","recognition","","[""6"",""4"",""4"",""6"",""5"",""4"",""5"",""5"",""6"",""5"",""5"",""4"",""6"",""6"",""6"",""5"",""4"",""4"",""4"",""5"",""6"",""5"",""6"",""5"",""4"",""5"",""4"",""6"",""6"",""5"",""4"",""5"",""4"",""6"",""4"",""6""]","1500","color","2","","","","","",""
"","canvas-keyboard-response","57","115586","0.0-6.0-2.0-2.13","","","","","414","6","","[""green"",""blue""]","","","","","","","","","","","","","[{""x"":1012,""y"":802,""t"":1},{""x"":996,""y"":807,""t"":37},{""x"":996,""y"":772,""t"":69},{""x"":1002,""y"":783,""t"":103},{""x"":993,""y"":795,""t"":139},{""x"":1007,""y"":802,""t"":171},{""x"":1047,""y"":820,""t"":205},{""x"":1041,""y"":821,""t"":241},{""x"":1018,""y"":835,""t"":273},{""x"":991,""y"":822,""t"":313},{""x"":1005,""y"":845,""t"":343},{""x"":1049,""y"":875,""t"":375}]","{""#container"":{""x"":410,""y"":129.390625,""width"":1100,""height"":850,""top"":129.390625,""right"":1510,""bottom"":979.390625,""left"":410}}","blue_1","6","true","[{""x"":250,""y"":425,""width"":80,""height"":80,""top"":385,""right"":290,""bottom"":465,""left"":210},{""x"":850,""y"":425,""width"":80,""height"":80,""top"":385,""right"":890,""bottom"":465,""left"":810}]"
"","canvas-keyboard-response","58","116612","0.0-6.0-2.0-0.14","","","","","null","null","","","","","","","","","recognition","","[""6"",""4"",""4"",""6"",""5"",""4"",""5"",""5"",""6"",""5"",""5"",""4"",""6"",""6"",""6"",""5"",""4"",""4"",""4"",""5"",""6"",""5"",""6"",""5"",""4"",""5"",""4"",""6"",""6"",""5"",""4"",""5"",""4"",""6"",""4"",""6""]","1500","color","2","","","","","",""
"","canvas-keyboard-response","59","116718","0.0-6.0-2.0-1.14","","","","","null","null","","","","","","","","","recognition","","[""6"",""4"",""4"",""6"",""5"",""4"",""5"",""5"",""6"",""5"",""5"",""4"",""6"",""6"",""6"",""5"",""4"",""4"",""4"",""5"",""6"",""5"",""6"",""5"",""4"",""5"",""4"",""6"",""6"",""5"",""4"",""5"",""4"",""6"",""4"",""6""]","1500","color","2","","","","","",""
"","canvas-keyboard-response","60","118689","0.0-6.0-2.0-2.14","","","","","464","6","","[""blue"",""red""]","","","","","","","","","","","","","[{""x"":1080,""y"":901,""t"":1},{""x"":1079,""y"":902,""t"":37},{""x"":1094,""y"":899,""t"":69},{""x"":1086,""y"":907,""t"":103},{""x"":1115,""y"":880,""t"":139},{""x"":1086,""y"":867,""t"":171},{""x"":1095,""y"":841,""t"":206},{""x"":1083,""y"":823,""t"":241},{""x"":1097,""y"":825,""t"":273},{""x"":1119,""y"":831,""t"":312},{""x"":1172,""y"":860,""t"":341},{""x"":1197,""y"":886,""t"":378},{""x"":1228,""y"":910,""t"":423},{""x"":1266,""y"":947,""t"":444}]","{""#container"":{""x"":410,""y"":129.390625,""width"":1100,""height"":850,""top"":129.390625,""right"":1510,""bottom"":979.390625,""left"":410}}","red_1","6","true","[{""x"":250,""y"":425,""width"":80,""height"":80,""top"":385,""right"":290,""bottom"":465,""left"":210},{""x"":850,""y"":425,""width"":80,""height"":80,""top"":385,""right"":890,""bottom"":465,""left"":810}]"
"","canvas-keyboard-response","61","119709","0.0-6.0-2.0-0.15","","","","","null","null","","","","","","","","","recognition","","[""6"",""4"",""4"",""6"",""5"",""4"",""5"",""5"",""6"",""5"",""5"",""4"",""6"",""6"",""6"",""5"",""4"",""4"",""4"",""5"",""6"",""5"",""6"",""5"",""4"",""5"",""4"",""6"",""6"",""5"",""4"",""5"",""4"",""6"",""4"",""6""]","1500","color","2","","","","","",""
"","canvas-keyboard-response","62","119814","0.0-6.0-2.0-1.15","","","","","null","null","","","","","","","","","recognition","","[""6"",""4"",""4"",""6"",""5"",""4"",""5"",""5"",""6"",""5"",""5"",""4"",""6"",""6"",""6"",""5"",""4"",""4"",""4"",""5"",""6"",""5"",""6"",""5"",""4"",""5"",""4"",""6"",""6"",""5"",""4"",""5"",""4"",""6"",""4"",""6""]","1500","color","2","","","","","",""
"","canvas-keyboard-response","63","121862","0.0-6.0-2.0-2.15","","","","","537","5","","[""green"",""red""]","","","","","","","","","","","","","[{""x"":1223,""y"":909,""t"":2},{""x"":1195,""y"":866,""t"":35},{""x"":1157,""y"":832,""t"":69},{""x"":1129,""y"":835,""t"":103},{""x"":1082,""y"":816,""t"":140},{""x"":1051,""y"":791,""t"":171},{""x"":1018,""y"":808,""t"":205},{""x"":968,""y"":800,""t"":240},{""x"":942,""y"":793,""t"":273},{""x"":927,""y"":784,""t"":313},{""x"":911,""y"":783,""t"":343},{""x"":933,""y"":810,""t"":377},{""x"":1003,""y"":819,""t"":423},{""x"":1049,""y"":788,""t"":445},{""x"":1086,""y"":818,""t"":486},{""x"":1092,""y"":837,""t"":512}]","{""#container"":{""x"":410,""y"":129.390625,""width"":1100,""height"":850,""top"":129.390625,""right"":1510,""bottom"":979.390625,""left"":410}}","blue","5","true","[{""x"":250,""y"":425,""width"":80,""height"":80,""top"":385,""right"":290,""bottom"":465,""left"":210},{""x"":850,""y"":425,""width"":80,""height"":80,""top"":385,""right"":890,""bottom"":465,""left"":810}]"
"","canvas-keyboard-response","64","122885","0.0-6.0-2.0-0.16","","","","","null","null","","","","","","","","","recognition","","[""6"",""4"",""4"",""6"",""5"",""4"",""5"",""5"",""6"",""5"",""5"",""4"",""6"",""6"",""6"",""5"",""4"",""4"",""4"",""5"",""6"",""5"",""6"",""5"",""4"",""5"",""4"",""6"",""6"",""5"",""4"",""5"",""4"",""6"",""4"",""6""]","1500","color","2","","","","","",""
"","canvas-keyboard-response","65","122990","0.0-6.0-2.0-1.16","","","","","null","null","","","","","","","","","recognition","","[""6"",""4"",""4"",""6"",""5"",""4"",""5"",""5"",""6"",""5"",""5"",""4"",""6"",""6"",""6"",""5"",""4"",""4"",""4"",""5"",""6"",""5"",""6"",""5"",""4"",""5"",""4"",""6"",""6"",""5"",""4"",""5"",""4"",""6"",""4"",""6""]","1500","color","2","","","","","",""
"","canvas-keyboard-response","66","124891","0.0-6.0-2.0-2.16","","","","","393","4","","[""blue"",""green""]","","","","","","","","","","","","","[{""x"":1063,""y"":843,""t"":2},{""x"":1034,""y"":880,""t"":35},{""x"":1020,""y"":890,""t"":70},{""x"":988,""y"":870,""t"":105},{""x"":984,""y"":884,""t"":137},{""x"":981,""y"":837,""t"":171},{""x"":989,""y"":784,""t"":207},{""x"":1027,""y"":798,""t"":239},{""x"":1037,""y"":815,""t"":273},{""x"":1022,""y"":806,""t"":310},{""x"":997,""y"":816,""t"":354},{""x"":971,""y"":799,""t"":375}]","{""#container"":{""x"":410,""y"":129.390625,""width"":1100,""height"":850,""top"":129.390625,""right"":1510,""bottom"":979.390625,""left"":410}}","blue","4","true","[{""x"":250,""y"":425,""width"":80,""height"":80,""top"":385,""right"":290,""bottom"":465,""left"":210},{""x"":850,""y"":425,""width"":80,""height"":80,""top"":385,""right"":890,""bottom"":465,""left"":810}]"
"","canvas-keyboard-response","67","125919","0.0-6.0-2.0-0.17","","","","","null","null","","","","","","","","","recognition","","[""6"",""4"",""4"",""6"",""5"",""4"",""5"",""5"",""6"",""5"",""5"",""4"",""6"",""6"",""6"",""5"",""4"",""4"",""4"",""5"",""6"",""5"",""6"",""5"",""4"",""5"",""4"",""6"",""6"",""5"",""4"",""5"",""4"",""6"",""4"",""6""]","1500","color","2","","","","","",""
"","canvas-keyboard-response","68","126024","0.0-6.0-2.0-1.17","","","","","null","null","","","","","","","","","recognition","","[""6"",""4"",""4"",""6"",""5"",""4"",""5"",""5"",""6"",""5"",""5"",""4"",""6"",""6"",""6"",""5"",""4"",""4"",""4"",""5"",""6"",""5"",""6"",""5"",""4"",""5"",""4"",""6"",""6"",""5"",""4"",""5"",""4"",""6"",""4"",""6""]","1500","color","2","","","","","",""
"","canvas-keyboard-response","69","127928","0.0-6.0-2.0-2.17","","","","","392","4","","[""red"",""blue""]","","","","","","","","","","","","","[{""x"":962,""y"":821,""t"":2},{""x"":939,""y"":769,""t"":35},{""x"":927,""y"":745,""t"":69},{""x"":922,""y"":721,""t"":105},{""x"":919,""y"":692,""t"":137},{""x"":917,""y"":682,""t"":171},{""x"":928,""y"":653,""t"":207},{""x"":940,""y"":655,""t"":240},{""x"":939,""y"":660,""t"":274},{""x"":937,""y"":677,""t"":313},{""x"":956,""y"":642,""t"":341}]","{""#container"":{""x"":410,""y"":129.390625,""width"":1100,""height"":850,""top"":129.390625,""right"":1510,""bottom"":979.390625,""left"":410}}","red","4","true","[{""x"":250,""y"":425,""width"":80,""height"":80,""top"":385,""right"":290,""bottom"":465,""left"":210},{""x"":850,""y"":425,""width"":80,""height"":80,""top"":385,""right"":890,""bottom"":465,""left"":810}]"
"","canvas-keyboard-response","70","128955","0.0-6.0-2.0-0.18","","","","","null","null","","","","","","","","","recognition","","[""6"",""4"",""4"",""6"",""5"",""4"",""5"",""5"",""6"",""5"",""5"",""4"",""6"",""6"",""6"",""5"",""4"",""4"",""4"",""5"",""6"",""5"",""6"",""5"",""4"",""5"",""4"",""6"",""6"",""5"",""4"",""5"",""4"",""6"",""4"",""6""]","1500","color","2","","","","","",""
"","canvas-keyboard-response","71","129060","0.0-6.0-2.0-1.18","","","","","null","null","","","","","","","","","recognition","","[""6"",""4"",""4"",""6"",""5"",""4"",""5"",""5"",""6"",""5"",""5"",""4"",""6"",""6"",""6"",""5"",""4"",""4"",""4"",""5"",""6"",""5"",""6"",""5"",""4"",""5"",""4"",""6"",""6"",""5"",""4"",""5"",""4"",""6"",""4"",""6""]","1500","color","2","","","","","",""
"","canvas-keyboard-response","72","130950","0.0-6.0-2.0-2.18","","","","","379","4","","[""red"",""blue""]","","","","","","","","","","","","","[{""x"":939,""y"":670,""t"":3},{""x"":912,""y"":693,""t"":35},{""x"":925,""y"":686,""t"":70},{""x"":935,""y"":740,""t"":105},{""x"":944,""y"":762,""t"":138},{""x"":970,""y"":770,""t"":172},{""x"":978,""y"":789,""t"":207},{""x"":999,""y"":784,""t"":240},{""x"":981,""y"":759,""t"":273},{""x"":978,""y"":773,""t"":311},{""x"":960,""y"":825,""t"":342}]","{""#container"":{""x"":410,""y"":129.390625,""width"":1100,""height"":850,""top"":129.390625,""right"":1510,""bottom"":979.390625,""left"":410}}","red","4","true","[{""x"":250,""y"":425,""width"":80,""height"":80,""top"":385,""right"":290,""bottom"":465,""left"":210},{""x"":850,""y"":425,""width"":80,""height"":80,""top"":385,""right"":890,""bottom"":465,""left"":810}]"
"","canvas-keyboard-response","73","131964","0.0-6.0-2.0-0.19","","","","","null","null","","","","","","","","","recognition","","[""6"",""4"",""4"",""6"",""5"",""4"",""5"",""5"",""6"",""5"",""5"",""4"",""6"",""6"",""6"",""5"",""4"",""4"",""4"",""5"",""6"",""5"",""6"",""5"",""4"",""5"",""4"",""6"",""6"",""5"",""4"",""5"",""4"",""6"",""4"",""6""]","1500","color","2","","","","","",""
"","canvas-keyboard-response","74","132070","0.0-6.0-2.0-1.19","","","","","null","null","","","","","","","","","recognition","","[""6"",""4"",""4"",""6"",""5"",""4"",""5"",""5"",""6"",""5"",""5"",""4"",""6"",""6"",""6"",""5"",""4"",""4"",""4"",""5"",""6"",""5"",""6"",""5"",""4"",""5"",""4"",""6"",""6"",""5"",""4"",""5"",""4"",""6"",""4"",""6""]","1500","color","2","","","","","",""
"","canvas-keyboard-response","75","134214","0.0-6.0-2.0-2.19","","","","","636","5","","[""red"",""green""]","","","","","","","","","","","","","[{""x"":985,""y"":805,""t"":1},{""x"":990,""y"":777,""t"":37},{""x"":1003,""y"":762,""t"":69},{""x"":1025,""y"":763,""t"":103},{""x"":1034,""y"":791,""t"":139},{""x"":1030,""y"":834,""t"":171},{""x"":1025,""y"":870,""t"":205},{""x"":1019,""y"":924,""t"":239},{""x"":1034,""y"":927,""t"":275},{""x"":1013,""y"":919,""t"":308},{""x"":950,""y"":951,""t"":355},{""x"":930,""y"":927,""t"":375},{""x"":890,""y"":919,""t"":420},{""x"":875,""y"":930,""t"":444},{""x"":858,""y"":949,""t"":481},{""x"":846,""y"":965,""t"":510},{""x"":829,""y"":968,""t"":561},{""x"":808,""y"":998,""t"":579},{""x"":819,""y"":996,""t"":622}]","{""#container"":{""x"":410,""y"":129.390625,""width"":1100,""height"":850,""top"":129.390625,""right"":1510,""bottom"":979.390625,""left"":410}}","blue_1","5","true","[{""x"":250,""y"":425,""width"":80,""height"":80,""top"":385,""right"":290,""bottom"":465,""left"":210},{""x"":850,""y"":425,""width"":80,""height"":80,""top"":385,""right"":890,""bottom"":465,""left"":810}]"
"","canvas-keyboard-response","76","135231","0.0-6.0-2.0-0.20","","","","","null","null","","","","","","","","","recognition","","[""6"",""4"",""4"",""6"",""5"",""4"",""5"",""5"",""6"",""5"",""5"",""4"",""6"",""6"",""6"",""5"",""4"",""4"",""4"",""5"",""6"",""5"",""6"",""5"",""4"",""5"",""4"",""6"",""6"",""5"",""4"",""5"",""4"",""6"",""4"",""6""]","1500","color","2","","","","","",""
"","canvas-keyboard-response","77","135336","0.0-6.0-2.0-1.20","","","","","null","null","","","","","","","","","recognition","","[""6"",""4"",""4"",""6"",""5"",""4"",""5"",""5"",""6"",""5"",""5"",""4"",""6"",""6"",""6"",""5"",""4"",""4"",""4"",""5"",""6"",""5"",""6"",""5"",""4"",""5"",""4"",""6"",""6"",""5"",""4"",""5"",""4"",""6"",""4"",""6""]","1500","color","2","","","","","",""
"","canvas-keyboard-response","78","137269","0.0-6.0-2.0-2.20","","","","","423","6","","[""blue"",""green""]","","","","","","","","","","","","","[{""x"":899,""y"":957,""t"":2},{""x"":960,""y"":931,""t"":36},{""x"":1014,""y"":893,""t"":70},{""x"":1060,""y"":913,""t"":105},{""x"":1080,""y"":929,""t"":137},{""x"":1079,""y"":941,""t"":171},{""x"":1087,""y"":968,""t"":205},{""x"":1100,""y"":944,""t"":241},{""x"":1099,""y"":908,""t"":274},{""x"":1114,""y"":907,""t"":310},{""x"":1138,""y"":915,""t"":344},{""x"":1174,""y"":915,""t"":388},{""x"":1189,""y"":895,""t"":410}]","{""#container"":{""x"":410,""y"":129.390625,""width"":1100,""height"":850,""top"":129.390625,""right"":1510,""bottom"":979.390625,""left"":410}}","green_1","6","true","[{""x"":250,""y"":425,""width"":80,""height"":80,""top"":385,""right"":290,""bottom"":465,""left"":210},{""x"":850,""y"":425,""width"":80,""height"":80,""top"":385,""right"":890,""bottom"":465,""left"":810}]"
"","canvas-keyboard-response","79","138296","0.0-6.0-2.0-0.21","","","","","null","null","","","","","","","","","recognition","","[""6"",""4"",""4"",""6"",""5"",""4"",""5"",""5"",""6"",""5"",""5"",""4"",""6"",""6"",""6"",""5"",""4"",""4"",""4"",""5"",""6"",""5"",""6"",""5"",""4"",""5"",""4"",""6"",""6"",""5"",""4"",""5"",""4"",""6"",""4"",""6""]","1500","color","2","","","","","",""
"","canvas-keyboard-response","80","138401","0.0-6.0-2.0-1.21","","","","","null","null","","","","","","","","","recognition","","[""6"",""4"",""4"",""6"",""5"",""4"",""5"",""5"",""6"",""5"",""5"",""4"",""6"",""6"",""6"",""5"",""4"",""4"",""4"",""5"",""6"",""5"",""6"",""5"",""4"",""5"",""4"",""6"",""6"",""5"",""4"",""5"",""4"",""6"",""4"",""6""]","1500","color","2","","","","","",""
"","canvas-keyboard-response","81","140416","0.0-6.0-2.0-2.21","","","","","502","5","","[""green"",""red""]","","","","","","","","","","","","","[{""x"":1154,""y"":877,""t"":2},{""x"":1132,""y"":818,""t"":35},{""x"":1082,""y"":779,""t"":69},{""x"":1067,""y"":738,""t"":105},{""x"":1078,""y"":689,""t"":137},{""x"":1056,""y"":664,""t"":171},{""x"":1002,""y"":670,""t"":207},{""x"":1019,""y"":692,""t"":240},{""x"":1063,""y"":727,""t"":273},{""x"":1069,""y"":730,""t"":308},{""x"":1072,""y"":756,""t"":357},{""x"":1072,""y"":770,""t"":375},{""x"":1045,""y"":804,""t"":418},{""x"":1017,""y"":857,""t"":443},{""x"":983,""y"":899,""t"":482}]","{""#container"":{""x"":410,""y"":129.390625,""width"":1100,""height"":850,""top"":129.390625,""right"":1510,""bottom"":979.390625,""left"":410}}","blue_1","5","true","[{""x"":250,""y"":425,""width"":80,""height"":80,""top"":385,""right"":290,""bottom"":465,""left"":210},{""x"":850,""y"":425,""width"":80,""height"":80,""top"":385,""right"":890,""bottom"":465,""left"":810}]"
"","canvas-keyboard-response","82","141445","0.0-6.0-2.0-0.22","","","","","null","null","","","","","","","","","recognition","","[""6"",""4"",""4"",""6"",""5"",""4"",""5"",""5"",""6"",""5"",""5"",""4"",""6"",""6"",""6"",""5"",""4"",""4"",""4"",""5"",""6"",""5"",""6"",""5"",""4"",""5"",""4"",""6"",""6"",""5"",""4"",""5"",""4"",""6"",""4"",""6""]","1500","color","2","","","","","",""
"","canvas-keyboard-response","83","141551","0.0-6.0-2.0-1.22","","","","","null","null","","","","","","","","","recognition","","[""6"",""4"",""4"",""6"",""5"",""4"",""5"",""5"",""6"",""5"",""5"",""4"",""6"",""6"",""6"",""5"",""4"",""4"",""4"",""5"",""6"",""5"",""6"",""5"",""4"",""5"",""4"",""6"",""6"",""5"",""4"",""5"",""4"",""6"",""4"",""6""]","1500","color","2","","","","","",""
"","canvas-keyboard-response","84","143433","0.0-6.0-2.0-2.22","","","","","369","6","","[""green"",""red""]","","","","","","","","","","","","","[{""x"":987,""y"":876,""t"":1},{""x"":998,""y"":867,""t"":36},{""x"":987,""y"":864,""t"":71},{""x"":972,""y"":869,""t"":103},{""x"":965,""y"":864,""t"":137},{""x"":977,""y"":843,""t"":173},{""x"":979,""y"":847,""t"":206},{""x"":965,""y"":830,""t"":239},{""x"":958,""y"":831,""t"":280},{""x"":950,""y"":829,""t"":307},{""x"":992,""y"":881,""t"":355}]","{""#container"":{""x"":410,""y"":129.390625,""width"":1100,""height"":850,""top"":129.390625,""right"":1510,""bottom"":979.390625,""left"":410}}","red","6","true","[{""x"":250,""y"":425,""width"":80,""height"":80,""top"":385,""right"":290,""bottom"":465,""left"":210},{""x"":850,""y"":425,""width"":80,""height"":80,""top"":385,""right"":890,""bottom"":465,""left"":810}]"
"","canvas-keyboard-response","85","144461","0.0-6.0-2.0-0.23","","","","","null","null","","","","","","","","","recognition","","[""6"",""4"",""4"",""6"",""5"",""4"",""5"",""5"",""6"",""5"",""5"",""4"",""6"",""6"",""6"",""5"",""4"",""4"",""4"",""5"",""6"",""5"",""6"",""5"",""4"",""5"",""4"",""6"",""6"",""5"",""4"",""5"",""4"",""6"",""4"",""6""]","1500","color","2","","","","","",""
"","canvas-keyboard-response","86","144566","0.0-6.0-2.0-1.23","","","","","null","null","","","","","","","","","recognition","","[""6"",""4"",""4"",""6"",""5"",""4"",""5"",""5"",""6"",""5"",""5"",""4"",""6"",""6"",""6"",""5"",""4"",""4"",""4"",""5"",""6"",""5"",""6"",""5"",""4"",""5"",""4"",""6"",""6"",""5"",""4"",""5"",""4"",""6"",""4"",""6""]","1500","color","2","","","","","",""
"","canvas-keyboard-response","87","146548","0.0-6.0-2.0-2.23","","","","","463","5","","[""blue"",""red""]","","","","","","","","","","","","","[{""x"":997,""y"":840,""t"":2},{""x"":988,""y"":816,""t"":35},{""x"":991,""y"":824,""t"":70},{""x"":994,""y"":832,""t"":102},{""x"":990,""y"":796,""t"":139},{""x"":977,""y"":830,""t"":172},{""x"":1000,""y"":800,""t"":205},{""x"":990,""y"":831,""t"":240},{""x"":958,""y"":871,""t"":275},{""x"":955,""y"":873,""t"":311},{""x"":1002,""y"":852,""t"":342},{""x"":1064,""y"":829,""t"":389},{""x"":1117,""y"":807,""t"":410},{""x"":1157,""y"":787,""t"":451}]","{""#container"":{""x"":410,""y"":129.390625,""width"":1100,""height"":850,""top"":129.390625,""right"":1510,""bottom"":979.390625,""left"":410}}","green_1","5","true","[{""x"":250,""y"":425,""width"":80,""height"":80,""top"":385,""right"":290,""bottom"":465,""left"":210},{""x"":850,""y"":425,""width"":80,""height"":80,""top"":385,""right"":890,""bottom"":465,""left"":810}]"
"","canvas-keyboard-response","88","147564","0.0-6.0-2.0-0.24","","","","","null","null","","","","","","","","","recognition","","[""6"",""4"",""4"",""6"",""5"",""4"",""5"",""5"",""6"",""5"",""5"",""4"",""6"",""6"",""6"",""5"",""4"",""4"",""4"",""5"",""6"",""5"",""6"",""5"",""4"",""5"",""4"",""6"",""6"",""5"",""4"",""5"",""4"",""6"",""4"",""6""]","1500","color","2","","","","","",""
"","canvas-keyboard-response","89","147668","0.0-6.0-2.0-1.24","","","","","null","null","","","","","","","","","recognition","","[""6"",""4"",""4"",""6"",""5"",""4"",""5"",""5"",""6"",""5"",""5"",""4"",""6"",""6"",""6"",""5"",""4"",""4"",""4"",""5"",""6"",""5"",""6"",""5"",""4"",""5"",""4"",""6"",""6"",""5"",""4"",""5"",""4"",""6"",""4"",""6""]","1500","color","2","","","","","",""
"","canvas-keyboard-response","90","149595","0.0-6.0-2.0-2.24","","","","","416","4","","[""blue"",""green""]","","","","","","","","","","","","","[{""x"":1146,""y"":799,""t"":1},{""x"":1104,""y"":772,""t"":37},{""x"":1053,""y"":778,""t"":69},{""x"":1022,""y"":743,""t"":103},{""x"":1010,""y"":779,""t"":139},{""x"":1013,""y"":775,""t"":171},{""x"":1018,""y"":818,""t"":204},{""x"":1009,""y"":842,""t"":239},{""x"":976,""y"":838,""t"":275},{""x"":954,""y"":819,""t"":310},{""x"":952,""y"":811,""t"":341},{""x"":908,""y"":813,""t"":389}]","{""#container"":{""x"":410,""y"":129.390625,""width"":1100,""height"":850,""top"":129.390625,""right"":1510,""bottom"":979.390625,""left"":410}}","blue","4","true","[{""x"":250,""y"":425,""width"":80,""height"":80,""top"":385,""right"":290,""bottom"":465,""left"":210},{""x"":850,""y"":425,""width"":80,""height"":80,""top"":385,""right"":890,""bottom"":465,""left"":810}]"
"","canvas-keyboard-response","91","150614","0.0-6.0-2.0-0.25","","","","","null","null","","","","","","","","","recognition","","[""6"",""4"",""4"",""6"",""5"",""4"",""5"",""5"",""6"",""5"",""5"",""4"",""6"",""6"",""6"",""5"",""4"",""4"",""4"",""5"",""6"",""5"",""6"",""5"",""4"",""5"",""4"",""6"",""6"",""5"",""4"",""5"",""4"",""6"",""4"",""6""]","1500","color","2","","","","","",""
"","canvas-keyboard-response","92","150720","0.0-6.0-2.0-1.25","","","","","null","null","","","","","","","","","recognition","","[""6"",""4"",""4"",""6"",""5"",""4"",""5"",""5"",""6"",""5"",""5"",""4"",""6"",""6"",""6"",""5"",""4"",""4"",""4"",""5"",""6"",""5"",""6"",""5"",""4"",""5"",""4"",""6"",""6"",""5"",""4"",""5"",""4"",""6"",""4"",""6""]","1500","color","2","","","","","",""
"","canvas-keyboard-response","93","152631","0.0-6.0-2.0-2.25","","","","","403","5","","[""blue"",""green""]","","","","","","","","","","","","","[{""x"":902,""y"":794,""t"":1},{""x"":916,""y"":801,""t"":36},{""x"":953,""y"":747,""t"":71},{""x"":967,""y"":721,""t"":103},{""x"":977,""y"":690,""t"":137},{""x"":1011,""y"":636,""t"":173},{""x"":999,""y"":619,""t"":205},{""x"":1019,""y"":618,""t"":239},{""x"":1027,""y"":619,""t"":275},{""x"":1031,""y"":601,""t"":310},{""x"":1024,""y"":607,""t"":341},{""x"":1027,""y"":614,""t"":391}]","{""#container"":{""x"":410,""y"":129.390625,""width"":1100,""height"":850,""top"":129.390625,""right"":1510,""bottom"":979.390625,""left"":410}}","red","5","true","[{""x"":250,""y"":425,""width"":80,""height"":80,""top"":385,""right"":290,""bottom"":465,""left"":210},{""x"":850,""y"":425,""width"":80,""height"":80,""top"":385,""right"":890,""bottom"":465,""left"":810}]"
"","canvas-keyboard-response","94","153661","0.0-6.0-2.0-0.26","","","","","null","null","","","","","","","","","recognition","","[""6"",""4"",""4"",""6"",""5"",""4"",""5"",""5"",""6"",""5"",""5"",""4"",""6"",""6"",""6"",""5"",""4"",""4"",""4"",""5"",""6"",""5"",""6"",""5"",""4"",""5"",""4"",""6"",""6"",""5"",""4"",""5"",""4"",""6"",""4"",""6""]","1500","color","2","","","","","",""
"","canvas-keyboard-response","95","153767","0.0-6.0-2.0-1.26","","","","","null","null","","","","","","","","","recognition","","[""6"",""4"",""4"",""6"",""5"",""4"",""5"",""5"",""6"",""5"",""5"",""4"",""6"",""6"",""6"",""5"",""4"",""4"",""4"",""5"",""6"",""5"",""6"",""5"",""4"",""5"",""4"",""6"",""6"",""5"",""4"",""5"",""4"",""6"",""4"",""6""]","1500","color","2","","","","","",""
"","canvas-keyboard-response","96","155643","0.0-6.0-2.0-2.26","","","","","368","4","","[""blue"",""red""]","","","","","","","","","","","","","[{""x"":1011,""y"":660,""t"":1},{""x"":1000,""y"":691,""t"":36},{""x"":1014,""y"":727,""t"":71},{""x"":1005,""y"":756,""t"":103},{""x"":1011,""y"":763,""t"":137},{""x"":1005,""y"":766,""t"":173},{""x"":1015,""y"":788,""t"":204},{""x"":1009,""y"":802,""t"":239},{""x"":1014,""y"":828,""t"":273},{""x"":995,""y"":842,""t"":313},{""x"":980,""y"":812,""t"":341}]","{""#container"":{""x"":410,""y"":129.390625,""width"":1100,""height"":850,""top"":129.390625,""right"":1510,""bottom"":979.390625,""left"":410}}","blue_1","4","true","[{""x"":250,""y"":425,""width"":80,""height"":80,""top"":385,""right"":290,""bottom"":465,""left"":210},{""x"":850,""y"":425,""width"":80,""height"":80,""top"":385,""right"":890,""bottom"":465,""left"":810}]"
"","canvas-keyboard-response","97","156661","0.0-6.0-2.0-0.27","","","","","null","null","","","","","","","","","recognition","","[""6"",""4"",""4"",""6"",""5"",""4"",""5"",""5"",""6"",""5"",""5"",""4"",""6"",""6"",""6"",""5"",""4"",""4"",""4"",""5"",""6"",""5"",""6"",""5"",""4"",""5"",""4"",""6"",""6"",""5"",""4"",""5"",""4"",""6"",""4"",""6""]","1500","color","2","","","","","",""
"","canvas-keyboard-response","98","156766","0.0-6.0-2.0-1.27","","","","","null","null","","","","","","","","","recognition","","[""6"",""4"",""4"",""6"",""5"",""4"",""5"",""5"",""6"",""5"",""5"",""4"",""6"",""6"",""6"",""5"",""4"",""4"",""4"",""5"",""6"",""5"",""6"",""5"",""4"",""5"",""4"",""6"",""6"",""5"",""4"",""5"",""4"",""6"",""4"",""6""]","1500","color","2","","","","","",""
"","canvas-keyboard-response","99","158767","0.0-6.0-2.0-2.27","","","","","489","6","","[""blue"",""red""]","","","","","","","","","","","","","[{""x"":999,""y"":823,""t"":1},{""x"":997,""y"":797,""t"":37},{""x"":1012,""y"":836,""t"":70},{""x"":1021,""y"":842,""t"":104},{""x"":1025,""y"":825,""t"":139},{""x"":1024,""y"":834,""t"":171},{""x"":1037,""y"":806,""t"":205},{""x"":1056,""y"":798,""t"":240},{""x"":1063,""y"":791,""t"":274},{""x"":1073,""y"":776,""t"":310},{""x"":1081,""y"":829,""t"":341},{""x"":1110,""y"":874,""t"":391},{""x"":1128,""y"":920,""t"":409},{""x"":1146,""y"":943,""t"":453}]","{""#container"":{""x"":410,""y"":129.390625,""width"":1100,""height"":850,""top"":129.390625,""right"":1510,""bottom"":979.390625,""left"":410}}","red_1","6","true","[{""x"":250,""y"":425,""width"":80,""height"":80,""top"":385,""right"":290,""bottom"":465,""left"":210},{""x"":850,""y"":425,""width"":80,""height"":80,""top"":385,""right"":890,""bottom"":465,""left"":810}]"
"","canvas-keyboard-response","100","159794","0.0-6.0-2.0-0.28","","","","","null","null","","","","","","","","","recognition","","[""6"",""4"",""4"",""6"",""5"",""4"",""5"",""5"",""6"",""5"",""5"",""4"",""6"",""6"",""6"",""5"",""4"",""4"",""4"",""5"",""6"",""5"",""6"",""5"",""4"",""5"",""4"",""6"",""6"",""5"",""4"",""5"",""4"",""6"",""4"",""6""]","1500","color","2","","","","","",""
"","canvas-keyboard-response","101","159899","0.0-6.0-2.0-1.28","","","","","null","null","","","","","","","","","recognition","","[""6"",""4"",""4"",""6"",""5"",""4"",""5"",""5"",""6"",""5"",""5"",""4"",""6"",""6"",""6"",""5"",""4"",""4"",""4"",""5"",""6"",""5"",""6"",""5"",""4"",""5"",""4"",""6"",""6"",""5"",""4"",""5"",""4"",""6"",""4"",""6""]","1500","color","2","","","","","",""
"","canvas-keyboard-response","102","161897","0.0-6.0-2.0-2.28","","","","","483","6","","[""green"",""blue""]","","","","","","","","","","","","","[{""x"":1114,""y"":911,""t"":1},{""x"":1091,""y"":902,""t"":37},{""x"":1061,""y"":872,""t"":68},{""x"":1059,""y"":787,""t"":103},{""x"":1053,""y"":803,""t"":137},{""x"":1037,""y"":780,""t"":172},{""x"":1023,""y"":807,""t"":205},{""x"":1067,""y"":792,""t"":239},{""x"":1071,""y"":791,""t"":275},{""x"":1074,""y"":814,""t"":311},{""x"":1102,""y"":804,""t"":342},{""x"":1104,""y"":818,""t"":390},{""x"":1148,""y"":866,""t"":409},{""x"":1174,""y"":916,""t"":452}]","{""#container"":{""x"":410,""y"":129.390625,""width"":1100,""height"":850,""top"":129.390625,""right"":1510,""bottom"":979.390625,""left"":410}}","blue_1","6","true","[{""x"":250,""y"":425,""width"":80,""height"":80,""top"":385,""right"":290,""bottom"":465,""left"":210},{""x"":850,""y"":425,""width"":80,""height"":80,""top"":385,""right"":890,""bottom"":465,""left"":810}]"
"","canvas-keyboard-response","103","162926","0.0-6.0-2.0-0.29","","","","","null","null","","","","","","","","","recognition","","[""6"",""4"",""4"",""6"",""5"",""4"",""5"",""5"",""6"",""5"",""5"",""4"",""6"",""6"",""6"",""5"",""4"",""4"",""4"",""5"",""6"",""5"",""6"",""5"",""4"",""5"",""4"",""6"",""6"",""5"",""4"",""5"",""4"",""6"",""4"",""6""]","1500","color","2","","","","","",""
"","canvas-keyboard-response","104","163031","0.0-6.0-2.0-1.29","","","","","null","null","","","","","","","","","recognition","","[""6"",""4"",""4"",""6"",""5"",""4"",""5"",""5"",""6"",""5"",""5"",""4"",""6"",""6"",""6"",""5"",""4"",""4"",""4"",""5"",""6"",""5"",""6"",""5"",""4"",""5"",""4"",""6"",""6"",""5"",""4"",""5"",""4"",""6"",""4"",""6""]","1500","color","2","","","","","",""
"","canvas-keyboard-response","105","165088","0.0-6.0-2.0-2.29","","","","","549","5","","[""green"",""red""]","","","","","","","","","","","","","[{""x"":1174,""y"":903,""t"":1},{""x"":1126,""y"":797,""t"":37},{""x"":1123,""y"":748,""t"":70},{""x"":1106,""y"":688,""t"":104},{""x"":1101,""y"":633,""t"":139},{""x"":1083,""y"":627,""t"":172},{""x"":1072,""y"":581,""t"":206},{""x"":1078,""y"":596,""t"":241},{""x"":1063,""y"":580,""t"":273},{""x"":1057,""y"":614,""t"":308},{""x"":1053,""y"":592,""t"":357},{""x"":1052,""y"":600,""t"":375},{""x"":1050,""y"":606,""t"":417},{""x"":1061,""y"":633,""t"":443},{""x"":1065,""y"":597,""t"":477},{""x"":1037,""y"":570,""t"":526}]","{""#container"":{""x"":410,""y"":129.390625,""width"":1100,""height"":850,""top"":129.390625,""right"":1510,""bottom"":979.390625,""left"":410}}","blue","5","true","[{""x"":250,""y"":425,""width"":80,""height"":80,""top"":385,""right"":290,""bottom"":465,""left"":210},{""x"":850,""y"":425,""width"":80,""height"":80,""top"":385,""right"":890,""bottom"":465,""left"":810}]"
"","canvas-keyboard-response","106","166100","0.0-6.0-2.0-0.30","","","","","null","null","","","","","","","","","recognition","","[""6"",""4"",""4"",""6"",""5"",""4"",""5"",""5"",""6"",""5"",""5"",""4"",""6"",""6"",""6"",""5"",""4"",""4"",""4"",""5"",""6"",""5"",""6"",""5"",""4"",""5"",""4"",""6"",""6"",""5"",""4"",""5"",""4"",""6"",""4"",""6""]","1500","color","2","","","","","",""
"","canvas-keyboard-response","107","166206","0.0-6.0-2.0-1.30","","","","","null","null","","","","","","","","","recognition","","[""6"",""4"",""4"",""6"",""5"",""4"",""5"",""5"",""6"",""5"",""5"",""4"",""6"",""6"",""6"",""5"",""4"",""4"",""4"",""5"",""6"",""5"",""6"",""5"",""4"",""5"",""4"",""6"",""6"",""5"",""4"",""5"",""4"",""6"",""4"",""6""]","1500","color","2","","","","","",""
"","canvas-keyboard-response","108","168153","0.0-6.0-2.0-2.30","","","","","431","4","","[""green"",""red""]","","","","","","","","","","","","","[{""x"":993,""y"":536,""t"":1},{""x"":956,""y"":545,""t"":36},{""x"":937,""y"":593,""t"":69},{""x"":922,""y"":600,""t"":105},{""x"":929,""y"":628,""t"":137},{""x"":911,""y"":608,""t"":171},{""x"":940,""y"":647,""t"":207},{""x"":955,""y"":651,""t"":239},{""x"":963,""y"":676,""t"":276},{""x"":936,""y"":673,""t"":309},{""x"":921,""y"":613,""t"":355},{""x"":888,""y"":610,""t"":375}]","{""#container"":{""x"":410,""y"":129.390625,""width"":1100,""height"":850,""top"":129.390625,""right"":1510,""bottom"":979.390625,""left"":410}}","green_1","4","true","[{""x"":250,""y"":425,""width"":80,""height"":80,""top"":385,""right"":290,""bottom"":465,""left"":210},{""x"":850,""y"":425,""width"":80,""height"":80,""top"":385,""right"":890,""bottom"":465,""left"":810}]"
"","canvas-keyboard-response","109","169178","0.0-6.0-2.0-0.31","","","","","null","null","","","","","","","","","recognition","","[""6"",""4"",""4"",""6"",""5"",""4"",""5"",""5"",""6"",""5"",""5"",""4"",""6"",""6"",""6"",""5"",""4"",""4"",""4"",""5"",""6"",""5"",""6"",""5"",""4"",""5"",""4"",""6"",""6"",""5"",""4"",""5"",""4"",""6"",""4"",""6""]","1500","color","2","","","","","",""
"","canvas-keyboard-response","110","169283","0.0-6.0-2.0-1.31","","","","","null","null","","","","","","","","","recognition","","[""6"",""4"",""4"",""6"",""5"",""4"",""5"",""5"",""6"",""5"",""5"",""4"",""6"",""6"",""6"",""5"",""4"",""4"",""4"",""5"",""6"",""5"",""6"",""5"",""4"",""5"",""4"",""6"",""6"",""5"",""4"",""5"",""4"",""6"",""4"",""6""]","1500","color","2","","","","","",""
"","canvas-keyboard-response","111","171209","0.0-6.0-2.0-2.31","","","","","405","5","","[""blue"",""green""]","","","","","","","","","","","","","[{""x"":897,""y"":604,""t"":1},{""x"":887,""y"":572,""t"":36},{""x"":901,""y"":587,""t"":71},{""x"":898,""y"":551,""t"":103},{""x"":910,""y"":610,""t"":137},{""x"":905,""y"":573,""t"":173},{""x"":916,""y"":590,""t"":207},{""x"":942,""y"":616,""t"":239},{""x"":946,""y"":654,""t"":275},{""x"":954,""y"":691,""t"":309},{""x"":939,""y"":697,""t"":356},{""x"":930,""y"":686,""t"":375}]","{""#container"":{""x"":410,""y"":129.390625,""width"":1100,""height"":850,""top"":129.390625,""right"":1510,""bottom"":979.390625,""left"":410}}","red","5","true","[{""x"":250,""y"":425,""width"":80,""height"":80,""top"":385,""right"":290,""bottom"":465,""left"":210},{""x"":850,""y"":425,""width"":80,""height"":80,""top"":385,""right"":890,""bottom"":465,""left"":810}]"
"","canvas-keyboard-response","112","172228","0.0-6.0-2.0-0.32","","","","","null","null","","","","","","","","","recognition","","[""6"",""4"",""4"",""6"",""5"",""4"",""5"",""5"",""6"",""5"",""5"",""4"",""6"",""6"",""6"",""5"",""4"",""4"",""4"",""5"",""6"",""5"",""6"",""5"",""4"",""5"",""4"",""6"",""6"",""5"",""4"",""5"",""4"",""6"",""4"",""6""]","1500","color","2","","","","","",""
"","canvas-keyboard-response","113","172334","0.0-6.0-2.0-1.32","","","","","null","null","","","","","","","","","recognition","","[""6"",""4"",""4"",""6"",""5"",""4"",""5"",""5"",""6"",""5"",""5"",""4"",""6"",""6"",""6"",""5"",""4"",""4"",""4"",""5"",""6"",""5"",""6"",""5"",""4"",""5"",""4"",""6"",""6"",""5"",""4"",""5"",""4"",""6"",""4"",""6""]","1500","color","2","","","","","",""
"","canvas-keyboard-response","114","174303","0.0-6.0-2.0-2.32","","","","","449","4","","[""green"",""red""]","","","","","","","","","","","","","[{""x"":945,""y"":627,""t"":2},{""x"":942,""y"":654,""t"":35},{""x"":936,""y"":666,""t"":70},{""x"":946,""y"":703,""t"":104},{""x"":964,""y"":728,""t"":139},{""x"":990,""y"":734,""t"":172},{""x"":1004,""y"":763,""t"":206},{""x"":985,""y"":710,""t"":241},{""x"":995,""y"":741,""t"":274},{""x"":984,""y"":713,""t"":309},{""x"":981,""y"":714,""t"":357},{""x"":958,""y"":714,""t"":377},{""x"":936,""y"":694,""t"":418}]","{""#container"":{""x"":410,""y"":129.390625,""width"":1100,""height"":850,""top"":129.390625,""right"":1510,""bottom"":979.390625,""left"":410}}","green","4","true","[{""x"":250,""y"":425,""width"":80,""height"":80,""top"":385,""right"":290,""bottom"":465,""left"":210},{""x"":850,""y"":425,""width"":80,""height"":80,""top"":385,""right"":890,""bottom"":465,""left"":810}]"
"","canvas-keyboard-response","115","175326","0.0-6.0-2.0-0.33","","","","","null","null","","","","","","","","","recognition","","[""6"",""4"",""4"",""6"",""5"",""4"",""5"",""5"",""6"",""5"",""5"",""4"",""6"",""6"",""6"",""5"",""4"",""4"",""4"",""5"",""6"",""5"",""6"",""5"",""4"",""5"",""4"",""6"",""6"",""5"",""4"",""5"",""4"",""6"",""4"",""6""]","1500","color","2","","","","","",""
"","canvas-keyboard-response","116","175431","0.0-6.0-2.0-1.33","","","","","null","null","","","","","","","","","recognition","","[""6"",""4"",""4"",""6"",""5"",""4"",""5"",""5"",""6"",""5"",""5"",""4"",""6"",""6"",""6"",""5"",""4"",""4"",""4"",""5"",""6"",""5"",""6"",""5"",""4"",""5"",""4"",""6"",""6"",""5"",""4"",""5"",""4"",""6"",""4"",""6""]","1500","color","2","","","","","",""
"","canvas-keyboard-response","117","177414","0.0-6.0-2.0-2.33","","","","","468","6","","[""green"",""blue""]","","","","","","","","","","","","","[{""x"":953,""y"":690,""t"":1},{""x"":999,""y"":691,""t"":35},{""x"":1002,""y"":692,""t"":71},{""x"":1006,""y"":648,""t"":103},{""x"":1025,""y"":635,""t"":137},{""x"":1057,""y"":652,""t"":171},{""x"":1056,""y"":747,""t"":207},{""x"":1032,""y"":742,""t"":239},{""x"":1047,""y"":799,""t"":273},{""x"":1072,""y"":798,""t"":310},{""x"":1107,""y"":868,""t"":355},{""x"":1170,""y"":908,""t"":375},{""x"":1207,""y"":920,""t"":418},{""x"":1241,""y"":924,""t"":442}]","{""#container"":{""x"":410,""y"":129.390625,""width"":1100,""height"":850,""top"":129.390625,""right"":1510,""bottom"":979.390625,""left"":410}}","blue","6","true","[{""x"":250,""y"":425,""width"":80,""height"":80,""top"":385,""right"":290,""bottom"":465,""left"":210},{""x"":850,""y"":425,""width"":80,""height"":80,""top"":385,""right"":890,""bottom"":465,""left"":810}]"
"","canvas-keyboard-response","118","178436","0.0-6.0-2.0-0.34","","","","","null","null","","","","","","","","","recognition","","[""6"",""4"",""4"",""6"",""5"",""4"",""5"",""5"",""6"",""5"",""5"",""4"",""6"",""6"",""6"",""5"",""4"",""4"",""4"",""5"",""6"",""5"",""6"",""5"",""4"",""5"",""4"",""6"",""6"",""5"",""4"",""5"",""4"",""6"",""4"",""6""]","1500","color","2","","","","","",""
"","canvas-keyboard-response","119","178542","0.0-6.0-2.0-1.34","","","","","null","null","","","","","","","","","recognition","","[""6"",""4"",""4"",""6"",""5"",""4"",""5"",""5"",""6"",""5"",""5"",""4"",""6"",""6"",""6"",""5"",""4"",""4"",""4"",""5"",""6"",""5"",""6"",""5"",""4"",""5"",""4"",""6"",""6"",""5"",""4"",""5"",""4"",""6"",""4"",""6""]","1500","color","2","","","","","",""
"","canvas-keyboard-response","120","180407","0.0-6.0-2.0-2.34","","","","","353","4","","[""red"",""green""]","","","","","","","","","","","","","[{""x"":1174,""y"":970,""t"":1},{""x"":1152,""y"":952,""t"":36},{""x"":1090,""y"":937,""t"":71},{""x"":1083,""y"":923,""t"":103},{""x"":1047,""y"":916,""t"":136},{""x"":1044,""y"":886,""t"":171},{""x"":1029,""y"":867,""t"":207},{""x"":1023,""y"":809,""t"":239},{""x"":1008,""y"":794,""t"":274},{""x"":989,""y"":772,""t"":309}]","{""#container"":{""x"":410,""y"":129.390625,""width"":1100,""height"":850,""top"":129.390625,""right"":1510,""bottom"":979.390625,""left"":410}}","red_1","4","true","[{""x"":250,""y"":425,""width"":80,""height"":80,""top"":385,""right"":290,""bottom"":465,""left"":210},{""x"":850,""y"":425,""width"":80,""height"":80,""top"":385,""right"":890,""bottom"":465,""left"":810}]"
"","canvas-keyboard-response","121","181420","0.0-6.0-2.0-0.35","","","","","null","null","","","","","","","","","recognition","","[""6"",""4"",""4"",""6"",""5"",""4"",""5"",""5"",""6"",""5"",""5"",""4"",""6"",""6"",""6"",""5"",""4"",""4"",""4"",""5"",""6"",""5"",""6"",""5"",""4"",""5"",""4"",""6"",""6"",""5"",""4"",""5"",""4"",""6"",""4"",""6""]","1500","color","2","","","","","",""
"","canvas-keyboard-response","122","181526","0.0-6.0-2.0-1.35","","","","","null","null","","","","","","","","","recognition","","[""6"",""4"",""4"",""6"",""5"",""4"",""5"",""5"",""6"",""5"",""5"",""4"",""6"",""6"",""6"",""5"",""4"",""4"",""4"",""5"",""6"",""5"",""6"",""5"",""4"",""5"",""4"",""6"",""6"",""5"",""4"",""5"",""4"",""6"",""4"",""6""]","1500","color","2","","","","","",""
"","canvas-keyboard-response","123","183440","0.0-6.0-2.0-2.35","","","","","404","6","","[""blue"",""green""]","","","","","","","","","","","","","[{""x"":963,""y"":755,""t"":1},{""x"":958,""y"":741,""t"":35},{""x"":927,""y"":717,""t"":71},{""x"":913,""y"":723,""t"":103},{""x"":895,""y"":697,""t"":137},{""x"":895,""y"":716,""t"":173},{""x"":899,""y"":705,""t"":205},{""x"":914,""y"":738,""t"":239},{""x"":910,""y"":728,""t"":275},{""x"":905,""y"":719,""t"":310},{""x"":939,""y"":652,""t"":342},{""x"":977,""y"":649,""t"":391}]","{""#container"":{""x"":410,""y"":129.390625,""width"":1100,""height"":850,""top"":129.390625,""right"":1510,""bottom"":979.390625,""left"":410}}","green","6","true","[{""x"":250,""y"":425,""width"":80,""height"":80,""top"":385,""right"":290,""bottom"":465,""left"":210},{""x"":850,""y"":425,""width"":80,""height"":80,""top"":385,""right"":890,""bottom"":465,""left"":810}]"
"true","fullscreen","124","183941","0.0-7.0","","","","","","","","","","","","","","","","","","","","","","","","","",""
"","html-button-response","125","186287","0.0-8.0","","","","","2345","0","","
         <p>实验结束!</p>
         <p>点击下载数据。</p>
","","","","","","","","","","","","","","","","","",""
