success,trial_type,trial_index,time_elapsed,internal_node_id,timeout,failed_images,failed_audio,failed_video,rt,response,question_order,load_time,stimulus,raw_gaze,percent_in_roi,average_offset,validation_points,samples_per_sec,task,ans,ISI,shapeorcolor,size,webgazer_data,webgazer_targets,target,response_answer,correct,webgazer_targets_data
TRUE,fullscreen,0,3287,0.0-0.0,,,,,,,,,,,,,,,,,,,,,,,,,
TRUE,preload,1,3300,0.0-1.0,FALSE,[],[],[],,,,,,,,,,,,,,,,,,,,,
,survey-text,2,7365,0.0-2.0-0.0,,,,,4063,"{""name"":""范雨祥"",""age"":""22""}",,,,,,,,,,,,,,,,,,,
,survey-multi-choice,3,9269,0.0-2.0-1.0,,,,,1902,{"sex":"男"},[0],,,,,,,,,,,,,,,,,,
,webgazer-init-camera,4,16558,0.0-3.0,,,,,,,,2218,,,,,,,,,,,,,,,,,
,html-button-response,5,20749,0.0-4.0-0.0,,,,,4188,0,,,"
        <p>现在，眼动追踪器将经过校准，将你眼睛的图像从网络摄像头转换到你屏幕上的某个位置。</p>
        <p>为此，需要单击一系列点。</p>
        <p>保持头不动，点击每一个出现的点。当点击它的时候，看着这个点。</p>
      ",,,,,,,,,,,,,,,,
,webgazer-calibrate,6,38425,0.0-4.0-1.0,,,,,,,,,,,,,,,,,,,,,,,,,
,html-button-response,7,39780,0.0-4.0-2.0,,,,,1354,0,,,"
        <p>展示眼球追踪的准确性</p>
        <p>保持头不动，当每个点出现时，移动眼睛聚焦在它上面。</p>
        <p>不需要点击点。移动眼睛看这些点。</p>
      ",,,,,,,,,,,,,,,,
,webgazer-validate,8,59609,0.0-4.0-3.0,,,,,,,,,,"[[{""x"":446,""y"":357,""dx"":26.94246482849121,""dy"":116.56194114685059,""t"":989},{""x"":443,""y"":350,""dx"":23.94246482849121,""dy"":109.56194114685059,""t"":1023},{""x"":430,""y"":352,""dx"":10.942464828491211,""dy"":111.56194114685059,""t"":1056},{""x"":441,""y"":362,""dx"":21.94246482849121,""dy"":121.56194114685059,""t"":1089},{""x"":430,""y"":373,""dx"":10.942464828491211,""dy"":132.5619411468506,""t"":1127},{""x"":427,""y"":387,""dx"":7.942464828491211,""dy"":146.5619411468506,""t"":1158},{""x"":445,""y"":412,""dx"":25.94246482849121,""dy"":171.5619411468506,""t"":1192},{""x"":439,""y"":415,""dx"":19.94246482849121,""dy"":174.5619411468506,""t"":1227},{""x"":430,""y"":423,""dx"":10.942464828491211,""dy"":182.5619411468506,""t"":1259},{""x"":426,""y"":421,""dx"":6.942464828491211,""dy"":180.5619411468506,""t"":1292},{""x"":432,""y"":416,""dx"":12.942464828491211,""dy"":175.5619411468506,""t"":1329},{""x"":434,""y"":419,""dx"":14.942464828491211,""dy"":178.5619411468506,""t"":1367},{""x"":426,""y"":418,""dx"":6.942464828491211,""dy"":177.5619411468506,""t"":1400},{""x"":425,""y"":400,""dx"":5.942464828491211,""dy"":159.5619411468506,""t"":1432},{""x"":412,""y"":381,""dx"":-7.057535171508789,""dy"":140.5619411468506,""t"":1466},{""x"":434,""y"":360,""dx"":14.942464828491211,""dy"":119.56194114685059,""t"":1501},{""x"":455,""y"":338,""dx"":35.94246482849121,""dy"":97.56194114685059,""t"":1535},{""x"":465,""y"":332,""dx"":45.94246482849121,""dy"":91.56194114685059,""t"":1567},{""x"":480,""y"":328,""dx"":60.94246482849121,""dy"":87.56194114685059,""t"":1599},{""x"":490,""y"":331,""dx"":70.94246482849121,""dy"":90.56194114685059,""t"":1633},{""x"":508,""y"":358,""dx"":88.94246482849121,""dy"":117.56194114685059,""t"":1669},{""x"":503,""y"":377,""dx"":83.94246482849121,""dy"":136.5619411468506,""t"":1702},{""x"":510,""y"":406,""dx"":90.94246482849121,""dy"":165.5619411468506,""t"":1736},{""x"":531,""y"":422,""dx"":111.94246482849121,""dy"":181.5619411468506,""t"":1772},{""x"":540,""y"":421,""dx"":120.94246482849121,""dy"":180.5619411468506,""t"":1805},{""x"":535,""y"":434,""dx"":115.94246482849121,""dy"":193.5619411468506,""t"":1838},{""x"":498,""y"":415,""dx"":78.94246482849121,""dy"":174.5619411468506,""t"":1875},{""x"":492,""y"":411,""dx"":72.94246482849121,""dy"":170.5619411468506,""t"":1908},{""x"":477,""y"":439,""dx"":57.94246482849121,""dy"":198.5619411468506,""t"":1941},{""x"":490,""y"":452,""dx"":70.94246482849121,""dy"":211.5619411468506,""t"":1977},{""x"":460,""y"":433,""dx"":40.94246482849121,""dy"":192.5619411468506,""t"":2012},{""x"":485,""y"":451,""dx"":65.94246482849121,""dy"":210.5619411468506,""t"":2044},{""x"":486,""y"":473,""dx"":66.94246482849121,""dy"":232.5619411468506,""t"":2080},{""x"":467,""y"":458,""dx"":47.94246482849121,""dy"":217.5619411468506,""t"":2111},{""x"":455,""y"":429,""dx"":35.94246482849121,""dy"":188.5619411468506,""t"":2144},{""x"":448,""y"":394,""dx"":28.94246482849121,""dy"":153.5619411468506,""t"":2180},{""x"":431,""y"":360,""dx"":11.942464828491211,""dy"":119.56194114685059,""t"":2216},{""x"":424,""y"":371,""dx"":4.942464828491211,""dy"":130.5619411468506,""t"":2247},{""x"":415,""y"":387,""dx"":-4.057535171508789,""dy"":146.5619411468506,""t"":2281},{""x"":449,""y"":417,""dx"":29.94246482849121,""dy"":176.5619411468506,""t"":2346},{""x"":446,""y"":418,""dx"":26.94246482849121,""dy"":177.5619411468506,""t"":2364},{""x"":454,""y"":431,""dx"":34.94246482849121,""dy"":190.5619411468506,""t"":2400},{""x"":461,""y"":441,""dx"":41.94246482849121,""dy"":200.5619411468506,""t"":2417},{""x"":466,""y"":464,""dx"":46.94246482849121,""dy"":223.5619411468506,""t"":2450},{""x"":482,""y"":494,""dx"":62.94246482849121,""dy"":253.5619411468506,""t"":2485},{""x"":474,""y"":525,""dx"":54.94246482849121,""dy"":284.5619411468506,""t"":2519},{""x"":456,""y"":501,""dx"":36.94246482849121,""dy"":260.5619411468506,""t"":2552},{""x"":449,""y"":462,""dx"":29.94246482849121,""dy"":221.5619411468506,""t"":2586},{""x"":432,""y"":447,""dx"":12.942464828491211,""dy"":206.5619411468506,""t"":2622},{""x"":434,""y"":418,""dx"":14.942464828491211,""dy"":177.5619411468506,""t"":2655},{""x"":445,""y"":417,""dx"":25.94246482849121,""dy"":176.5619411468506,""t"":2689},{""x"":457,""y"":420,""dx"":37.94246482849121,""dy"":179.5619411468506,""t"":2723},{""x"":439,""y"":416,""dx"":19.94246482849121,""dy"":175.5619411468506,""t"":2756},{""x"":429,""y"":393,""dx"":9.942464828491211,""dy"":152.5619411468506,""t"":2792},{""x"":433,""y"":372,""dx"":13.942464828491211,""dy"":131.5619411468506,""t"":2828},{""x"":436,""y"":354,""dx"":16.94246482849121,""dy"":113.56194114685059,""t"":2857},{""x"":449,""y"":364,""dx"":29.94246482849121,""dy"":123.56194114685059,""t"":2894},{""x"":443,""y"":386,""dx"":23.94246482849121,""dy"":145.5619411468506,""t"":2925},{""x"":489,""y"":419,""dx"":69.94246482849121,""dy"":178.5619411468506,""t"":2962}],[{""x"":1336,""y"":421,""dx"":100.51766014099121,""dy"":180.5619411468506,""t"":3980},{""x"":1312,""y"":392,""dx"":76.51766014099121,""dy"":151.5619411468506,""t"":4015},{""x"":1280,""y"":367,""dx"":44.51766014099121,""dy"":126.56194114685059,""t"":4049},{""x"":1272,""y"":345,""dx"":36.51766014099121,""dy"":104.56194114685059,""t"":4082},{""x"":1259,""y"":330,""dx"":23.51766014099121,""dy"":89.56194114685059,""t"":4119},{""x"":1248,""y"":318,""dx"":12.517660140991211,""dy"":77.56194114685059,""t"":4150},{""x"":1233,""y"":309,""dx"":-2.482339859008789,""dy"":68.56194114685059,""t"":4184},{""x"":1208,""y"":298,""dx"":-27.48233985900879,""dy"":57.561941146850586,""t"":4219},{""x"":1227,""y"":306,""dx"":-8.482339859008789,""dy"":65.56194114685059,""t"":4252},{""x"":1218,""y"":293,""dx"":-17.48233985900879,""dy"":52.561941146850586,""t"":4287},{""x"":1224,""y"":283,""dx"":-11.482339859008789,""dy"":42.561941146850586,""t"":4321},{""x"":1230,""y"":291,""dx"":-5.482339859008789,""dy"":50.561941146850586,""t"":4354},{""x"":1229,""y"":313,""dx"":-6.482339859008789,""dy"":72.56194114685059,""t"":4388},{""x"":1222,""y"":313,""dx"":-13.482339859008789,""dy"":72.56194114685059,""t"":4424},{""x"":1217,""y"":314,""dx"":-18.48233985900879,""dy"":73.56194114685059,""t"":4459},{""x"":1230,""y"":322,""dx"":-5.482339859008789,""dy"":81.56194114685059,""t"":4493},{""x"":1247,""y"":326,""dx"":11.517660140991211,""dy"":85.56194114685059,""t"":4525},{""x"":1274,""y"":337,""dx"":38.51766014099121,""dy"":96.56194114685059,""t"":4560},{""x"":1293,""y"":359,""dx"":57.51766014099121,""dy"":118.56194114685059,""t"":4592},{""x"":1307,""y"":382,""dx"":71.51766014099121,""dy"":141.5619411468506,""t"":4626},{""x"":1302,""y"":387,""dx"":66.51766014099121,""dy"":146.5619411468506,""t"":4663},{""x"":1306,""y"":401,""dx"":70.51766014099121,""dy"":160.5619411468506,""t"":4694},{""x"":1305,""y"":431,""dx"":69.51766014099121,""dy"":190.5619411468506,""t"":4728},{""x"":1308,""y"":425,""dx"":72.51766014099121,""dy"":184.5619411468506,""t"":4764},{""x"":1311,""y"":445,""dx"":75.51766014099121,""dy"":204.5619411468506,""t"":4796},{""x"":1328,""y"":464,""dx"":92.51766014099121,""dy"":223.5619411468506,""t"":4829},{""x"":1338,""y"":463,""dx"":102.51766014099121,""dy"":222.5619411468506,""t"":4864},{""x"":1335,""y"":475,""dx"":99.51766014099121,""dy"":234.5619411468506,""t"":4900},{""x"":1328,""y"":482,""dx"":92.51766014099121,""dy"":241.5619411468506,""t"":4934},{""x"":1326,""y"":499,""dx"":90.51766014099121,""dy"":258.5619411468506,""t"":4968},{""x"":1291,""y"":467,""dx"":55.51766014099121,""dy"":226.5619411468506,""t"":5002},{""x"":1306,""y"":476,""dx"":70.51766014099121,""dy"":235.5619411468506,""t"":5034},{""x"":1328,""y"":480,""dx"":92.51766014099121,""dy"":239.5619411468506,""t"":5070},{""x"":1320,""y"":449,""dx"":84.51766014099121,""dy"":208.5619411468506,""t"":5107},{""x"":1308,""y"":445,""dx"":72.51766014099121,""dy"":204.5619411468506,""t"":5176},{""x"":1303,""y"":424,""dx"":67.51766014099121,""dy"":183.5619411468506,""t"":5215},{""x"":1300,""y"":407,""dx"":64.51766014099121,""dy"":166.5619411468506,""t"":5237},{""x"":1292,""y"":400,""dx"":56.51766014099121,""dy"":159.5619411468506,""t"":5274},{""x"":1277,""y"":381,""dx"":41.51766014099121,""dy"":140.5619411468506,""t"":5308},{""x"":1280,""y"":384,""dx"":44.51766014099121,""dy"":143.5619411468506,""t"":5344},{""x"":1289,""y"":374,""dx"":53.51766014099121,""dy"":133.5619411468506,""t"":5377},{""x"":1293,""y"":409,""dx"":57.51766014099121,""dy"":168.5619411468506,""t"":5409},{""x"":1292,""y"":425,""dx"":56.51766014099121,""dy"":184.5619411468506,""t"":5444},{""x"":1282,""y"":445,""dx"":46.51766014099121,""dy"":204.5619411468506,""t"":5478},{""x"":1297,""y"":458,""dx"":61.51766014099121,""dy"":217.5619411468506,""t"":5510},{""x"":1254,""y"":422,""dx"":18.51766014099121,""dy"":181.5619411468506,""t"":5544},{""x"":1270,""y"":427,""dx"":34.51766014099121,""dy"":186.5619411468506,""t"":5580},{""x"":1247,""y"":394,""dx"":11.517660140991211,""dy"":153.5619411468506,""t"":5616},{""x"":1229,""y"":395,""dx"":-6.482339859008789,""dy"":154.5619411468506,""t"":5648},{""x"":1244,""y"":386,""dx"":8.517660140991211,""dy"":145.5619411468506,""t"":5683},{""x"":1252,""y"":386,""dx"":16.51766014099121,""dy"":145.5619411468506,""t"":5714},{""x"":1253,""y"":366,""dx"":17.51766014099121,""dy"":125.56194114685059,""t"":5748},{""x"":1257,""y"":357,""dx"":21.51766014099121,""dy"":116.56194114685059,""t"":5783},{""x"":1243,""y"":357,""dx"":7.517660140991211,""dy"":116.56194114685059,""t"":5816},{""x"":1238,""y"":363,""dx"":2.517660140991211,""dy"":122.56194114685059,""t"":5850},{""x"":1243,""y"":364,""dx"":7.517660140991211,""dy"":123.56194114685059,""t"":5886},{""x"":1260,""y"":350,""dx"":24.51766014099121,""dy"":109.56194114685059,""t"":5919},{""x"":1261,""y"":334,""dx"":25.51766014099121,""dy"":93.56194114685059,""t"":5952}],[{""x"":1038,""y"":585,""dx"":210.7300624847412,""dy"":114.96901512145996,""t"":7006},{""x"":983,""y"":593,""dx"":155.7300624847412,""dy"":122.96901512145996,""t"":7040},{""x"":943,""y"":600,""dx"":115.73006248474121,""dy"":129.96901512145996,""t"":7077},{""x"":940,""y"":564,""dx"":112.73006248474121,""dy"":93.96901512145996,""t"":7109},{""x"":928,""y"":511,""dx"":100.73006248474121,""dy"":40.96901512145996,""t"":7142},{""x"":911,""y"":483,""dx"":83.73006248474121,""dy"":12.969015121459961,""t"":7179},{""x"":924,""y"":480,""dx"":96.73006248474121,""dy"":9.969015121459961,""t"":7211},{""x"":879,""y"":501,""dx"":51.73006248474121,""dy"":30.96901512145996,""t"":7244},{""x"":898,""y"":508,""dx"":70.73006248474121,""dy"":37.96901512145996,""t"":7280},{""x"":923,""y"":530,""dx"":95.73006248474121,""dy"":59.96901512145996,""t"":7313},{""x"":924,""y"":549,""dx"":96.73006248474121,""dy"":78.96901512145996,""t"":7346},{""x"":936,""y"":538,""dx"":108.73006248474121,""dy"":67.96901512145996,""t"":7382},{""x"":926,""y"":535,""dx"":98.73006248474121,""dy"":64.96901512145996,""t"":7417},{""x"":937,""y"":549,""dx"":109.73006248474121,""dy"":78.96901512145996,""t"":7447},{""x"":973,""y"":578,""dx"":145.7300624847412,""dy"":107.96901512145996,""t"":7483},{""x"":985,""y"":610,""dx"":157.7300624847412,""dy"":139.96901512145996,""t"":7515},{""x"":978,""y"":632,""dx"":150.7300624847412,""dy"":161.96901512145996,""t"":7550},{""x"":947,""y"":669,""dx"":119.73006248474121,""dy"":198.96901512145996,""t"":7585},{""x"":940,""y"":652,""dx"":112.73006248474121,""dy"":181.96901512145996,""t"":7617},{""x"":920,""y"":646,""dx"":92.73006248474121,""dy"":175.96901512145996,""t"":7652},{""x"":874,""y"":697,""dx"":46.73006248474121,""dy"":226.96901512145996,""t"":7688},{""x"":844,""y"":730,""dx"":16.73006248474121,""dy"":259.96901512145996,""t"":7721},{""x"":805,""y"":761,""dx"":-22.26993751525879,""dy"":290.96901512145996,""t"":7755},{""x"":835,""y"":757,""dx"":7.730062484741211,""dy"":286.96901512145996,""t"":7789},{""x"":819,""y"":743,""dx"":-8.269937515258789,""dy"":272.96901512145996,""t"":7822},{""x"":815,""y"":699,""dx"":-12.269937515258789,""dy"":228.96901512145996,""t"":7856},{""x"":829,""y"":681,""dx"":1.730062484741211,""dy"":210.96901512145996,""t"":7891},{""x"":839,""y"":675,""dx"":11.730062484741211,""dy"":204.96901512145996,""t"":7925},{""x"":870,""y"":652,""dx"":42.73006248474121,""dy"":181.96901512145996,""t"":7958},{""x"":897,""y"":648,""dx"":69.73006248474121,""dy"":177.96901512145996,""t"":7993},{""x"":938,""y"":631,""dx"":110.73006248474121,""dy"":160.96901512145996,""t"":8027},{""x"":940,""y"":610,""dx"":112.73006248474121,""dy"":139.96901512145996,""t"":8073},{""x"":930,""y"":598,""dx"":102.73006248474121,""dy"":127.96901512145996,""t"":8094},{""x"":959,""y"":599,""dx"":131.7300624847412,""dy"":128.96901512145996,""t"":8135},{""x"":906,""y"":589,""dx"":78.73006248474121,""dy"":118.96901512145996,""t"":8167},{""x"":918,""y"":590,""dx"":90.73006248474121,""dy"":119.96901512145996,""t"":8196},{""x"":957,""y"":604,""dx"":129.7300624847412,""dy"":133.96901512145996,""t"":8230},{""x"":925,""y"":611,""dx"":97.73006248474121,""dy"":140.96901512145996,""t"":8265},{""x"":921,""y"":616,""dx"":93.73006248474121,""dy"":145.96901512145996,""t"":8298},{""x"":885,""y"":623,""dx"":57.73006248474121,""dy"":152.96901512145996,""t"":8331},{""x"":850,""y"":606,""dx"":22.73006248474121,""dy"":135.96901512145996,""t"":8366},{""x"":841,""y"":634,""dx"":13.730062484741211,""dy"":163.96901512145996,""t"":8402},{""x"":829,""y"":639,""dx"":1.730062484741211,""dy"":168.96901512145996,""t"":8434},{""x"":857,""y"":618,""dx"":29.73006248474121,""dy"":147.96901512145996,""t"":8468},{""x"":855,""y"":639,""dx"":27.73006248474121,""dy"":168.96901512145996,""t"":8503},{""x"":847,""y"":621,""dx"":19.73006248474121,""dy"":150.96901512145996,""t"":8535},{""x"":811,""y"":622,""dx"":-16.26993751525879,""dy"":151.96901512145996,""t"":8571},{""x"":792,""y"":603,""dx"":-35.26993751525879,""dy"":132.96901512145996,""t"":8607},{""x"":774,""y"":595,""dx"":-53.26993751525879,""dy"":124.96901512145996,""t"":8639},{""x"":771,""y"":608,""dx"":-56.26993751525879,""dy"":137.96901512145996,""t"":8672},{""x"":769,""y"":611,""dx"":-58.26993751525879,""dy"":140.96901512145996,""t"":8708},{""x"":760,""y"":630,""dx"":-67.26993751525879,""dy"":159.96901512145996,""t"":8740},{""x"":753,""y"":647,""dx"":-74.26993751525879,""dy"":176.96901512145996,""t"":8773},{""x"":752,""y"":656,""dx"":-75.26993751525879,""dy"":185.96901512145996,""t"":8809},{""x"":787,""y"":616,""dx"":-40.26993751525879,""dy"":145.96901512145996,""t"":8843},{""x"":817,""y"":635,""dx"":-10.269937515258789,""dy"":164.96901512145996,""t"":8877},{""x"":865,""y"":573,""dx"":37.73006248474121,""dy"":102.96901512145996,""t"":8909},{""x"":896,""y"":601,""dx"":68.73006248474121,""dy"":130.96901512145996,""t"":8945},{""x"":930,""y"":576,""dx"":102.73006248474121,""dy"":105.96901512145996,""t"":8979}],[{""x"":413,""y"":663,""dx"":-6.057535171508789,""dy"":-36.62388038635254,""t"":10011},{""x"":411,""y"":661,""dx"":-8.057535171508789,""dy"":-38.62388038635254,""t"":10032},{""x"":410,""y"":665,""dx"":-9.057535171508789,""dy"":-34.62388038635254,""t"":10068},{""x"":420,""y"":649,""dx"":0.9424648284912109,""dy"":-50.62388038635254,""t"":10107},{""x"":440,""y"":652,""dx"":20.94246482849121,""dy"":-47.62388038635254,""t"":10142},{""x"":452,""y"":648,""dx"":32.94246482849121,""dy"":-51.62388038635254,""t"":10173},{""x"":473,""y"":641,""dx"":53.94246482849121,""dy"":-58.62388038635254,""t"":10208},{""x"":480,""y"":638,""dx"":60.94246482849121,""dy"":-61.62388038635254,""t"":10243},{""x"":464,""y"":643,""dx"":44.94246482849121,""dy"":-56.62388038635254,""t"":10277},{""x"":472,""y"":655,""dx"":52.94246482849121,""dy"":-44.62388038635254,""t"":10308},{""x"":497,""y"":652,""dx"":77.94246482849121,""dy"":-47.62388038635254,""t"":10343},{""x"":518,""y"":647,""dx"":98.94246482849121,""dy"":-52.62388038635254,""t"":10375},{""x"":534,""y"":643,""dx"":114.94246482849121,""dy"":-56.62388038635254,""t"":10405},{""x"":528,""y"":658,""dx"":108.94246482849121,""dy"":-41.62388038635254,""t"":10440},{""x"":544,""y"":675,""dx"":124.94246482849121,""dy"":-24.62388038635254,""t"":10475},{""x"":545,""y"":703,""dx"":125.94246482849121,""dy"":3.376119613647461,""t"":10509},{""x"":533,""y"":710,""dx"":113.94246482849121,""dy"":10.376119613647461,""t"":10542},{""x"":515,""y"":718,""dx"":95.94246482849121,""dy"":18.37611961364746,""t"":10579},{""x"":520,""y"":706,""dx"":100.94246482849121,""dy"":6.376119613647461,""t"":10612},{""x"":501,""y"":702,""dx"":81.94246482849121,""dy"":2.376119613647461,""t"":10644},{""x"":477,""y"":685,""dx"":57.94246482849121,""dy"":-14.623880386352539,""t"":10680},{""x"":481,""y"":716,""dx"":61.94246482849121,""dy"":16.37611961364746,""t"":10713},{""x"":494,""y"":748,""dx"":74.94246482849121,""dy"":48.37611961364746,""t"":10745},{""x"":442,""y"":716,""dx"":22.94246482849121,""dy"":16.37611961364746,""t"":10781},{""x"":443,""y"":723,""dx"":23.94246482849121,""dy"":23.37611961364746,""t"":10814},{""x"":453,""y"":713,""dx"":33.94246482849121,""dy"":13.376119613647461,""t"":10848},{""x"":445,""y"":723,""dx"":25.94246482849121,""dy"":23.37611961364746,""t"":10884},{""x"":460,""y"":706,""dx"":40.94246482849121,""dy"":6.376119613647461,""t"":10916},{""x"":452,""y"":716,""dx"":32.94246482849121,""dy"":16.37611961364746,""t"":10952},{""x"":451,""y"":709,""dx"":31.94246482849121,""dy"":9.376119613647461,""t"":10999},{""x"":453,""y"":693,""dx"":33.94246482849121,""dy"":-6.623880386352539,""t"":11022},{""x"":457,""y"":694,""dx"":37.94246482849121,""dy"":-5.623880386352539,""t"":11066},{""x"":456,""y"":691,""dx"":36.94246482849121,""dy"":-8.623880386352539,""t"":11098},{""x"":464,""y"":705,""dx"":44.94246482849121,""dy"":5.376119613647461,""t"":11126},{""x"":456,""y"":721,""dx"":36.94246482849121,""dy"":21.37611961364746,""t"":11159},{""x"":437,""y"":737,""dx"":17.94246482849121,""dy"":37.37611961364746,""t"":11189},{""x"":442,""y"":720,""dx"":22.94246482849121,""dy"":20.37611961364746,""t"":11223},{""x"":455,""y"":739,""dx"":35.94246482849121,""dy"":39.37611961364746,""t"":11257},{""x"":453,""y"":748,""dx"":33.94246482849121,""dy"":48.37611961364746,""t"":11289},{""x"":471,""y"":761,""dx"":51.94246482849121,""dy"":61.37611961364746,""t"":11327},{""x"":467,""y"":776,""dx"":47.94246482849121,""dy"":76.37611961364746,""t"":11358},{""x"":477,""y"":764,""dx"":57.94246482849121,""dy"":64.37611961364746,""t"":11393},{""x"":508,""y"":741,""dx"":88.94246482849121,""dy"":41.37611961364746,""t"":11428},{""x"":504,""y"":738,""dx"":84.94246482849121,""dy"":38.37611961364746,""t"":11467},{""x"":503,""y"":708,""dx"":83.94246482849121,""dy"":8.376119613647461,""t"":11500},{""x"":504,""y"":684,""dx"":84.94246482849121,""dy"":-15.623880386352539,""t"":11533},{""x"":528,""y"":666,""dx"":108.94246482849121,""dy"":-33.62388038635254,""t"":11565},{""x"":514,""y"":670,""dx"":94.94246482849121,""dy"":-29.62388038635254,""t"":11596},{""x"":505,""y"":665,""dx"":85.94246482849121,""dy"":-34.62388038635254,""t"":11633},{""x"":497,""y"":673,""dx"":77.94246482849121,""dy"":-26.62388038635254,""t"":11668},{""x"":495,""y"":678,""dx"":75.94246482849121,""dy"":-21.62388038635254,""t"":11700},{""x"":478,""y"":678,""dx"":58.94246482849121,""dy"":-21.62388038635254,""t"":11733},{""x"":477,""y"":678,""dx"":57.94246482849121,""dy"":-21.62388038635254,""t"":11770},{""x"":478,""y"":674,""dx"":58.94246482849121,""dy"":-25.62388038635254,""t"":11806},{""x"":470,""y"":661,""dx"":50.94246482849121,""dy"":-38.62388038635254,""t"":11836},{""x"":474,""y"":676,""dx"":54.94246482849121,""dy"":-23.62388038635254,""t"":11869},{""x"":476,""y"":658,""dx"":56.94246482849121,""dy"":-41.62388038635254,""t"":11902},{""x"":478,""y"":642,""dx"":58.94246482849121,""dy"":-57.62388038635254,""t"":11935},{""x"":478,""y"":640,""dx"":58.94246482849121,""dy"":-59.62388038635254,""t"":11971}],[{""x"":1257,""y"":623,""dx"":21.51766014099121,""dy"":-76.62388038635254,""t"":13025},{""x"":1269,""y"":623,""dx"":33.51766014099121,""dy"":-76.62388038635254,""t"":13060},{""x"":1276,""y"":636,""dx"":40.51766014099121,""dy"":-63.62388038635254,""t"":13094},{""x"":1244,""y"":641,""dx"":8.517660140991211,""dy"":-58.62388038635254,""t"":13127},{""x"":1251,""y"":630,""dx"":15.517660140991211,""dy"":-69.62388038635254,""t"":13160},{""x"":1255,""y"":627,""dx"":19.51766014099121,""dy"":-72.62388038635254,""t"":13195},{""x"":1262,""y"":624,""dx"":26.51766014099121,""dy"":-75.62388038635254,""t"":13229},{""x"":1252,""y"":599,""dx"":16.51766014099121,""dy"":-100.62388038635254,""t"":13263},{""x"":1259,""y"":588,""dx"":23.51766014099121,""dy"":-111.62388038635254,""t"":13296},{""x"":1258,""y"":568,""dx"":22.51766014099121,""dy"":-131.62388038635254,""t"":13331},{""x"":1256,""y"":566,""dx"":20.51766014099121,""dy"":-133.62388038635254,""t"":13365},{""x"":1247,""y"":563,""dx"":11.517660140991211,""dy"":-136.62388038635254,""t"":13398},{""x"":1234,""y"":560,""dx"":-1.482339859008789,""dy"":-139.62388038635254,""t"":13434},{""x"":1241,""y"":555,""dx"":5.517660140991211,""dy"":-144.62388038635254,""t"":13467},{""x"":1248,""y"":551,""dx"":12.517660140991211,""dy"":-148.62388038635254,""t"":13502},{""x"":1241,""y"":570,""dx"":5.517660140991211,""dy"":-129.62388038635254,""t"":13534},{""x"":1243,""y"":590,""dx"":7.517660140991211,""dy"":-109.62388038635254,""t"":13570},{""x"":1250,""y"":583,""dx"":14.517660140991211,""dy"":-116.62388038635254,""t"":13602},{""x"":1265,""y"":568,""dx"":29.51766014099121,""dy"":-131.62388038635254,""t"":13637},{""x"":1270,""y"":578,""dx"":34.51766014099121,""dy"":-121.62388038635254,""t"":13672},{""x"":1267,""y"":577,""dx"":31.51766014099121,""dy"":-122.62388038635254,""t"":13704},{""x"":1278,""y"":583,""dx"":42.51766014099121,""dy"":-116.62388038635254,""t"":13739},{""x"":1298,""y"":588,""dx"":62.51766014099121,""dy"":-111.62388038635254,""t"":13773},{""x"":1309,""y"":580,""dx"":73.51766014099121,""dy"":-119.62388038635254,""t"":13805},{""x"":1301,""y"":573,""dx"":65.51766014099121,""dy"":-126.62388038635254,""t"":13840},{""x"":1296,""y"":573,""dx"":60.51766014099121,""dy"":-126.62388038635254,""t"":13877},{""x"":1303,""y"":579,""dx"":67.51766014099121,""dy"":-120.62388038635254,""t"":13921},{""x"":1309,""y"":585,""dx"":73.51766014099121,""dy"":-114.62388038635254,""t"":13941},{""x"":1305,""y"":590,""dx"":69.51766014099121,""dy"":-109.62388038635254,""t"":13985},{""x"":1294,""y"":619,""dx"":58.51766014099121,""dy"":-80.62388038635254,""t"":14019},{""x"":1284,""y"":642,""dx"":48.51766014099121,""dy"":-57.62388038635254,""t"":14050},{""x"":1274,""y"":652,""dx"":38.51766014099121,""dy"":-47.62388038635254,""t"":14081},{""x"":1265,""y"":649,""dx"":29.51766014099121,""dy"":-50.62388038635254,""t"":14114},{""x"":1265,""y"":617,""dx"":29.51766014099121,""dy"":-82.62388038635254,""t"":14146},{""x"":1262,""y"":628,""dx"":26.51766014099121,""dy"":-71.62388038635254,""t"":14182},{""x"":1261,""y"":608,""dx"":25.51766014099121,""dy"":-91.62388038635254,""t"":14225},{""x"":1265,""y"":606,""dx"":29.51766014099121,""dy"":-93.62388038635254,""t"":14255},{""x"":1275,""y"":609,""dx"":39.51766014099121,""dy"":-90.62388038635254,""t"":14283},{""x"":1260,""y"":603,""dx"":24.51766014099121,""dy"":-96.62388038635254,""t"":14318},{""x"":1264,""y"":589,""dx"":28.51766014099121,""dy"":-110.62388038635254,""t"":14349},{""x"":1250,""y"":590,""dx"":14.517660140991211,""dy"":-109.62388038635254,""t"":14385},{""x"":1232,""y"":587,""dx"":-3.482339859008789,""dy"":-112.62388038635254,""t"":14422},{""x"":1225,""y"":571,""dx"":-10.482339859008789,""dy"":-128.62388038635254,""t"":14454},{""x"":1208,""y"":595,""dx"":-27.48233985900879,""dy"":-104.62388038635254,""t"":14485},{""x"":1211,""y"":616,""dx"":-24.48233985900879,""dy"":-83.62388038635254,""t"":14522},{""x"":1232,""y"":620,""dx"":-3.482339859008789,""dy"":-79.62388038635254,""t"":14555},{""x"":1253,""y"":639,""dx"":17.51766014099121,""dy"":-60.62388038635254,""t"":14589},{""x"":1262,""y"":649,""dx"":26.51766014099121,""dy"":-50.62388038635254,""t"":14628},{""x"":1268,""y"":648,""dx"":32.51766014099121,""dy"":-51.62388038635254,""t"":14659},{""x"":1285,""y"":647,""dx"":49.51766014099121,""dy"":-52.62388038635254,""t"":14690},{""x"":1270,""y"":648,""dx"":34.51766014099121,""dy"":-51.62388038635254,""t"":14725},{""x"":1276,""y"":644,""dx"":40.51766014099121,""dy"":-55.62388038635254,""t"":14758},{""x"":1278,""y"":648,""dx"":42.51766014099121,""dy"":-51.62388038635254,""t"":14792},{""x"":1276,""y"":636,""dx"":40.51766014099121,""dy"":-63.62388038635254,""t"":14828},{""x"":1273,""y"":627,""dx"":37.51766014099121,""dy"":-72.62388038635254,""t"":14861},{""x"":1267,""y"":619,""dx"":31.51766014099121,""dy"":-80.62388038635254,""t"":14895},{""x"":1274,""y"":614,""dx"":38.51766014099121,""dy"":-85.62388038635254,""t"":14930},{""x"":1304,""y"":615,""dx"":68.51766014099121,""dy"":-84.62388038635254,""t"":14962},{""x"":1322,""y"":610,""dx"":86.51766014099121,""dy"":-89.62388038635254,""t"":14997}]]","[74.57627118644068,74.13793103448276,76.27118644067797,100,100]","[{""x"":38.36619364205053,""y"":166.76533097735907,""r"":46.98882555555009},{""x"":39.724556692715346,""y"":146.04469976754024,""r"":77.36967339806893},{""x"":55.69616417965646,""y"":142.79952359603624,""r"":83.63011406286131},{""x"":57.60348177764375,""y"":-8.725575301606776,""r"":45.89475614049016},{""x"":30.26342285285562,""y"":-94.26794818296271,""r"":37.36337555423311}]","[[25,25],[75,25],[50,50],[25,75],[75,75]]",29.34,validate,,,,,,,,,,
,html-keyboard-response,9,81420,0.0-5.0-0.0,,,,,21809, ,,,"<p>识别实验：试验都以 500 毫秒的固定时间开始，然后会有一个 500 毫秒的fixation，接下来是100毫秒的单个项目展示，1000毫秒的空白间隔后，会呈现一个四个项目的阵列。</p> <p>要求：记忆单个项目，并在多个项目阵列中快速找到，并根据数字键盘的 "" 4 "" ,"" 8 "","" 6 "","" 2 "" 进行选择响应,如果不记得或者不存在选择""5""。</p><p>按"" ""键继续，实验开始。</p>",,,,,,,,,,,,,,,,
,canvas-keyboard-response,10,82440,0.0-5.0-1.0-0.0,,,,,null,null,,,,,,,,,recognition,"[""4"",""4"",""6"",""6"",""5"",""5"",""4"",""6"",""5"",""4"",""5"",""5"",""6"",""4"",""5"",""6"",""6"",""4"",""4"",""4"",""6"",""5"",""5"",""6"",""5"",""4"",""6"",""5"",""5"",""4"",""6"",""4"",""6"",""4"",""6"",""5""]",500,,,,,,,,
,canvas-keyboard-response,11,82552,0.0-5.0-1.0-1.0,,,,,null,null,,,,,,,,,recognition,"[""4"",""4"",""6"",""6"",""5"",""5"",""4"",""6"",""5"",""4"",""5"",""5"",""6"",""4"",""5"",""6"",""6"",""4"",""4"",""4"",""6"",""5"",""5"",""6"",""5"",""4"",""6"",""5"",""5"",""4"",""6"",""4"",""6"",""4"",""6"",""5""]",500,0,,,,,,,
,canvas-keyboard-response,12,84556,0.0-5.0-1.0-2.0,,,,,1485,4,,,"[""triangle"",""rect""]",,,,,,,,,,,"[{""x"":882,""y"":677,""t"":3},{""x"":889,""y"":679,""t"":48},{""x"":936,""y"":637,""t"":70},{""x"":912,""y"":659,""t"":108},{""x"":907,""y"":639,""t"":141},{""x"":880,""y"":662,""t"":174},{""x"":876,""y"":699,""t"":206},{""x"":842,""y"":719,""t"":241},{""x"":836,""y"":730,""t"":275},{""x"":815,""y"":731,""t"":323},{""x"":817,""y"":731,""t"":341},{""x"":768,""y"":748,""t"":386},{""x"":749,""y"":762,""t"":416},{""x"":710,""y"":753,""t"":444},{""x"":692,""y"":759,""t"":480},{""x"":661,""y"":769,""t"":527},{""x"":641,""y"":777,""t"":546},{""x"":636,""y"":782,""t"":581},{""x"":631,""y"":781,""t"":614},{""x"":694,""y"":760,""t"":647},{""x"":735,""y"":749,""t"":684},{""x"":810,""y"":710,""t"":717},{""x"":819,""y"":693,""t"":751},{""x"":887,""y"":670,""t"":786},{""x"":829,""y"":654,""t"":820},{""x"":787,""y"":686,""t"":852},{""x"":754,""y"":678,""t"":887},{""x"":714,""y"":665,""t"":936},{""x"":699,""y"":694,""t"":964},{""x"":670,""y"":687,""t"":999},{""x"":680,""y"":708,""t"":1027},{""x"":707,""y"":701,""t"":1062},{""x"":819,""y"":699,""t"":1098},{""x"":908,""y"":696,""t"":1129},{""x"":988,""y"":706,""t"":1163},{""x"":1007,""y"":710,""t"":1198},{""x"":1059,""y"":714,""t"":1232},{""x"":1095,""y"":702,""t"":1262},{""x"":1130,""y"":692,""t"":1298},{""x"":1045,""y"":694,""t"":1328},{""x"":964,""y"":708,""t"":1377},{""x"":917,""y"":723,""t"":1408},{""x"":877,""y"":735,""t"":1429}]","{""#container"":{""x"":266.42919921875,""y"":48.58407211303711,""width"":1099.9910888671875,""height"":849.9955444335938,""top"":48.58407211303711,""right"":1366.4202880859375,""bottom"":898.5796165466309,""left"":266.42919921875}}",triangle,4,TRUE,"[{""x"":250,""y"":425,""width"":92,""height"":92,""top"":379,""right"":296,""bottom"":471,""left"":204},{""x"":850,""y"":425,""width"":80,""height"":80,""top"":385,""right"":890,""bottom"":465,""left"":810}]"
,canvas-keyboard-response,13,85584,0.0-5.0-1.0-0.1,,,,,null,null,,,,,,,,,recognition,"[""4"",""4"",""6"",""6"",""5"",""5"",""4"",""6"",""5"",""4"",""5"",""5"",""6"",""4"",""5"",""6"",""6"",""4"",""4"",""4"",""6"",""5"",""5"",""6"",""5"",""4"",""6"",""5"",""5"",""4"",""6"",""4"",""6"",""4"",""6"",""5""]",500,0,,,,,,,
,canvas-keyboard-response,14,85694,0.0-5.0-1.0-1.1,,,,,null,null,,,,,,,,,recognition,"[""4"",""4"",""6"",""6"",""5"",""5"",""4"",""6"",""5"",""4"",""5"",""5"",""6"",""4"",""5"",""6"",""6"",""4"",""4"",""4"",""6"",""5"",""5"",""6"",""5"",""4"",""6"",""5"",""5"",""4"",""6"",""4"",""6"",""4"",""6"",""5""]",500,0,,,,,,,
,canvas-keyboard-response,15,86765,0.0-5.0-1.0-2.1,,,,,546,6,,,"[""circle"",""triangle""]",,,,,,,,,,,"[{""x"":830,""y"":752,""t"":2},{""x"":839,""y"":753,""t"":52},{""x"":874,""y"":747,""t"":77},{""x"":868,""y"":748,""t"":111},{""x"":896,""y"":750,""t"":146},{""x"":847,""y"":747,""t"":175},{""x"":881,""y"":733,""t"":210},{""x"":839,""y"":735,""t"":248},{""x"":843,""y"":723,""t"":283},{""x"":814,""y"":727,""t"":315},{""x"":800,""y"":708,""t"":355},{""x"":742,""y"":713,""t"":378},{""x"":697,""y"":712,""t"":412},{""x"":652,""y"":713,""t"":449},{""x"":636,""y"":722,""t"":478},{""x"":695,""y"":712,""t"":512}]","{""#container"":{""x"":266.42919921875,""y"":48.58407211303711,""width"":1099.9910888671875,""height"":849.9955444335938,""top"":48.58407211303711,""right"":1366.4202880859375,""bottom"":898.5796165466309,""left"":266.42919921875}}",circle,4,FALSE,"[{""x"":250,""y"":425,""width"":80,""height"":80,""top"":385,""right"":290,""bottom"":465,""left"":210},{""x"":850,""y"":425,""width"":92,""height"":92,""top"":379,""right"":896,""bottom"":471,""left"":804}]"
,html-keyboard-response,16,87790,0.0-5.0-1.0-3.1-0.1-0.1,,,,,null,null,,,<div id="errorinfo">Error</div>,,,,,,recognition,"[""4"",""4"",""6"",""6"",""5"",""5"",""4"",""6"",""5"",""4"",""5"",""5"",""6"",""4"",""5"",""6"",""6"",""4"",""4"",""4"",""6"",""5"",""5"",""6"",""5"",""4"",""6"",""5"",""5"",""4"",""6"",""4"",""6"",""4"",""6"",""5""]",500,0,,,,,,,
,canvas-keyboard-response,17,88831,0.0-5.0-1.0-0.2,,,,,null,null,,,,,,,,,recognition,"[""4"",""4"",""6"",""6"",""5"",""5"",""4"",""6"",""5"",""4"",""5"",""5"",""6"",""4"",""5"",""6"",""6"",""4"",""4"",""4"",""6"",""5"",""5"",""6"",""5"",""4"",""6"",""5"",""5"",""4"",""6"",""4"",""6"",""4"",""6"",""5""]",500,0,,,,,,,
,canvas-keyboard-response,18,88941,0.0-5.0-1.0-1.2,,,,,null,null,,,,,,,,,recognition,"[""4"",""4"",""6"",""6"",""5"",""5"",""4"",""6"",""5"",""4"",""5"",""5"",""6"",""4"",""5"",""6"",""6"",""4"",""4"",""4"",""6"",""5"",""5"",""6"",""5"",""4"",""6"",""5"",""5"",""4"",""6"",""4"",""6"",""4"",""6"",""5""]",500,0,,,,,,,
,canvas-keyboard-response,19,90469,0.0-5.0-1.0-2.2,,,,,1016,4,,,"[""triangle"",""rect""]",,,,,,,,,,,"[{""x"":689,""y"":726,""t"":3},{""x"":685,""y"":742,""t"":45},{""x"":689,""y"":752,""t"":80},{""x"":723,""y"":774,""t"":112},{""x"":740,""y"":768,""t"":146},{""x"":747,""y"":775,""t"":180},{""x"":769,""y"":772,""t"":212},{""x"":763,""y"":778,""t"":243},{""x"":821,""y"":756,""t"":278},{""x"":859,""y"":744,""t"":314},{""x"":876,""y"":748,""t"":352},{""x"":840,""y"":753,""t"":385},{""x"":809,""y"":766,""t"":416},{""x"":780,""y"":770,""t"":445},{""x"":751,""y"":774,""t"":493},{""x"":708,""y"":787,""t"":512},{""x"":693,""y"":782,""t"":556},{""x"":682,""y"":775,""t"":590},{""x"":670,""y"":769,""t"":622},{""x"":661,""y"":763,""t"":651},{""x"":650,""y"":759,""t"":686},{""x"":639,""y"":749,""t"":715},{""x"":634,""y"":743,""t"":761},{""x"":627,""y"":750,""t"":795},{""x"":632,""y"":753,""t"":831},{""x"":638,""y"":757,""t"":852},{""x"":632,""y"":761,""t"":890},{""x"":632,""y"":761,""t"":928},{""x"":632,""y"":761,""t"":963}]","{""#container"":{""x"":266.42919921875,""y"":48.58407211303711,""width"":1099.9910888671875,""height"":849.9955444335938,""top"":48.58407211303711,""right"":1366.4202880859375,""bottom"":898.5796165466309,""left"":266.42919921875}}",rect,6,FALSE,"[{""x"":250,""y"":425,""width"":92,""height"":92,""top"":379,""right"":296,""bottom"":471,""left"":204},{""x"":850,""y"":425,""width"":80,""height"":80,""top"":385,""right"":890,""bottom"":465,""left"":810}]"
,html-keyboard-response,20,91491,0.0-5.0-1.0-3.2-0.2-0.2,,,,,null,null,,,<div id="errorinfo">Error</div>,,,,,,recognition,"[""4"",""4"",""6"",""6"",""5"",""5"",""4"",""6"",""5"",""4"",""5"",""5"",""6"",""4"",""5"",""6"",""6"",""4"",""4"",""4"",""6"",""5"",""5"",""6"",""5"",""4"",""6"",""5"",""5"",""4"",""6"",""4"",""6"",""4"",""6"",""5""]",500,0,,,,,,,
,canvas-keyboard-response,21,92507,0.0-5.0-1.0-0.3,,,,,null,null,,,,,,,,,recognition,"[""4"",""4"",""6"",""6"",""5"",""5"",""4"",""6"",""5"",""4"",""5"",""5"",""6"",""4"",""5"",""6"",""6"",""4"",""4"",""4"",""6"",""5"",""5"",""6"",""5"",""4"",""6"",""5"",""5"",""4"",""6"",""4"",""6"",""4"",""6"",""5""]",500,0,,,,,,,
,canvas-keyboard-response,22,92621,0.0-5.0-1.0-1.3,,,,,null,null,,,,,,,,,recognition,"[""4"",""4"",""6"",""6"",""5"",""5"",""4"",""6"",""5"",""4"",""5"",""5"",""6"",""4"",""5"",""6"",""6"",""4"",""4"",""4"",""6"",""5"",""5"",""6"",""5"",""4"",""6"",""5"",""5"",""4"",""6"",""4"",""6"",""4"",""6"",""5""]",500,0,,,,,,,
,canvas-keyboard-response,23,93718,0.0-5.0-1.0-2.3,,,,,578,6,,,"[""triangle"",""circle""]",,,,,,,,,,,"[{""x"":709,""y"":734,""t"":4},{""x"":728,""y"":744,""t"":45},{""x"":769,""y"":756,""t"":79},{""x"":820,""y"":753,""t"":109},{""x"":837,""y"":743,""t"":138},{""x"":828,""y"":747,""t"":172},{""x"":819,""y"":737,""t"":205},{""x"":794,""y"":740,""t"":241},{""x"":779,""y"":756,""t"":275},{""x"":766,""y"":773,""t"":309},{""x"":833,""y"":771,""t"":356},{""x"":890,""y"":768,""t"":378},{""x"":939,""y"":748,""t"":417},{""x"":996,""y"":731,""t"":452},{""x"":1024,""y"":720,""t"":480},{""x"":1044,""y"":712,""t"":512}]","{""#container"":{""x"":266.42919921875,""y"":48.58407211303711,""width"":1099.9910888671875,""height"":849.9955444335938,""top"":48.58407211303711,""right"":1366.4202880859375,""bottom"":898.5796165466309,""left"":266.42919921875}}",circle,6,TRUE,"[{""x"":250,""y"":425,""width"":92,""height"":92,""top"":379,""right"":296,""bottom"":471,""left"":204},{""x"":850,""y"":425,""width"":80,""height"":80,""top"":385,""right"":890,""bottom"":465,""left"":810}]"
,canvas-keyboard-response,24,94741,0.0-5.0-1.0-0.4,,,,,null,null,,,,,,,,,recognition,"[""4"",""4"",""6"",""6"",""5"",""5"",""4"",""6"",""5"",""4"",""5"",""5"",""6"",""4"",""5"",""6"",""6"",""4"",""4"",""4"",""6"",""5"",""5"",""6"",""5"",""4"",""6"",""5"",""5"",""4"",""6"",""4"",""6"",""4"",""6"",""5""]",500,0,,,,,,,
,canvas-keyboard-response,25,94854,0.0-5.0-1.0-1.4,,,,,null,null,,,,,,,,,recognition,"[""4"",""4"",""6"",""6"",""5"",""5"",""4"",""6"",""5"",""4"",""5"",""5"",""6"",""4"",""5"",""6"",""6"",""4"",""4"",""4"",""6"",""5"",""5"",""6"",""5"",""4"",""6"",""5"",""5"",""4"",""6"",""4"",""6"",""4"",""6"",""5""]",500,0,,,,,,,
,canvas-keyboard-response,26,96331,0.0-5.0-1.0-2.4,,,,,955,5,,,"[""rect"",""triangle""]",,,,,,,,,,,"[{""x"":1019,""y"":715,""t"":2},{""x"":943,""y"":739,""t"":48},{""x"":889,""y"":753,""t"":70},{""x"":835,""y"":772,""t"":105},{""x"":836,""y"":762,""t"":140},{""x"":814,""y"":772,""t"":172},{""x"":810,""y"":766,""t"":206},{""x"":774,""y"":785,""t"":240},{""x"":754,""y"":790,""t"":275},{""x"":764,""y"":781,""t"":319},{""x"":724,""y"":774,""t"":350},{""x"":701,""y"":780,""t"":381},{""x"":675,""y"":787,""t"":416},{""x"":654,""y"":777,""t"":445},{""x"":617,""y"":794,""t"":495},{""x"":587,""y"":809,""t"":512},{""x"":581,""y"":812,""t"":555},{""x"":597,""y"":816,""t"":587},{""x"":635,""y"":808,""t"":615},{""x"":714,""y"":794,""t"":650},{""x"":756,""y"":792,""t"":684},{""x"":774,""y"":785,""t"":717},{""x"":823,""y"":778,""t"":758},{""x"":859,""y"":773,""t"":794},{""x"":883,""y"":766,""t"":825},{""x"":875,""y"":763,""t"":857},{""x"":868,""y"":767,""t"":890},{""x"":867,""y"":767,""t"":920}]","{""#container"":{""x"":266.42919921875,""y"":48.58407211303711,""width"":1099.9910888671875,""height"":849.9955444335938,""top"":48.58407211303711,""right"":1366.4202880859375,""bottom"":898.5796165466309,""left"":266.42919921875}}",circle,5,TRUE,"[{""x"":250,""y"":425,""width"":80,""height"":80,""top"":385,""right"":290,""bottom"":465,""left"":210},{""x"":850,""y"":425,""width"":92,""height"":92,""top"":379,""right"":896,""bottom"":471,""left"":804}]"
,canvas-keyboard-response,27,97356,0.0-5.0-1.0-0.5,,,,,null,null,,,,,,,,,recognition,"[""4"",""4"",""6"",""6"",""5"",""5"",""4"",""6"",""5"",""4"",""5"",""5"",""6"",""4"",""5"",""6"",""6"",""4"",""4"",""4"",""6"",""5"",""5"",""6"",""5"",""4"",""6"",""5"",""5"",""4"",""6"",""4"",""6"",""4"",""6"",""5""]",500,0,,,,,,,
,canvas-keyboard-response,28,97465,0.0-5.0-1.0-1.5,,,,,null,null,,,,,,,,,recognition,"[""4"",""4"",""6"",""6"",""5"",""5"",""4"",""6"",""5"",""4"",""5"",""5"",""6"",""4"",""5"",""6"",""6"",""4"",""4"",""4"",""6"",""5"",""5"",""6"",""5"",""4"",""6"",""5"",""5"",""4"",""6"",""4"",""6"",""4"",""6"",""5""]",500,0,,,,,,,
,canvas-keyboard-response,29,98699,0.0-5.0-1.0-2.5,,,,,711,5,,,"[""circle"",""triangle""]",,,,,,,,,,,"[{""x"":841,""y"":770,""t"":1},{""x"":815,""y"":763,""t"":89},{""x"":793,""y"":756,""t"":103},{""x"":773,""y"":745,""t"":137},{""x"":749,""y"":754,""t"":172},{""x"":738,""y"":755,""t"":206},{""x"":726,""y"":754,""t"":239},{""x"":709,""y"":759,""t"":275},{""x"":696,""y"":757,""t"":323},{""x"":674,""y"":755,""t"":344},{""x"":663,""y"":770,""t"":377},{""x"":652,""y"":787,""t"":418},{""x"":641,""y"":785,""t"":446},{""x"":644,""y"":784,""t"":479},{""x"":622,""y"":776,""t"":526},{""x"":604,""y"":769,""t"":550},{""x"":639,""y"":756,""t"":582},{""x"":679,""y"":745,""t"":614},{""x"":713,""y"":744,""t"":652}]","{""#container"":{""x"":266.42919921875,""y"":48.58407211303711,""width"":1099.9910888671875,""height"":849.9955444335938,""top"":48.58407211303711,""right"":1366.4202880859375,""bottom"":898.5796165466309,""left"":266.42919921875}}",rect,5,TRUE,"[{""x"":250,""y"":425,""width"":80,""height"":80,""top"":385,""right"":290,""bottom"":465,""left"":210},{""x"":850,""y"":425,""width"":92,""height"":92,""top"":379,""right"":896,""bottom"":471,""left"":804}]"
,canvas-keyboard-response,30,99732,0.0-5.0-1.0-0.6,,,,,null,null,,,,,,,,,recognition,"[""4"",""4"",""6"",""6"",""5"",""5"",""4"",""6"",""5"",""4"",""5"",""5"",""6"",""4"",""5"",""6"",""6"",""4"",""4"",""4"",""6"",""5"",""5"",""6"",""5"",""4"",""6"",""5"",""5"",""4"",""6"",""4"",""6"",""4"",""6"",""5""]",500,0,,,,,,,
,canvas-keyboard-response,31,99841,0.0-5.0-1.0-1.6,,,,,null,null,,,,,,,,,recognition,"[""4"",""4"",""6"",""6"",""5"",""5"",""4"",""6"",""5"",""4"",""5"",""5"",""6"",""4"",""5"",""6"",""6"",""4"",""4"",""4"",""6"",""5"",""5"",""6"",""5"",""4"",""6"",""5"",""5"",""4"",""6"",""4"",""6"",""4"",""6"",""5""]",500,0,,,,,,,
,canvas-keyboard-response,32,100844,0.0-5.0-1.0-2.6,,,,,481,4,,,"[""rect"",""triangle""]",,,,,,,,,,,"[{""x"":763,""y"":748,""t"":2},{""x"":777,""y"":747,""t"":45},{""x"":781,""y"":756,""t"":79},{""x"":810,""y"":766,""t"":109},{""x"":818,""y"":757,""t"":142},{""x"":832,""y"":763,""t"":173},{""x"":825,""y"":762,""t"":206},{""x"":832,""y"":767,""t"":241},{""x"":830,""y"":774,""t"":275},{""x"":882,""y"":767,""t"":310},{""x"":910,""y"":766,""t"":342},{""x"":877,""y"":772,""t"":388},{""x"":886,""y"":772,""t"":419},{""x"":922,""y"":754,""t"":448}]","{""#container"":{""x"":266.42919921875,""y"":48.58407211303711,""width"":1099.9910888671875,""height"":849.9955444335938,""top"":48.58407211303711,""right"":1366.4202880859375,""bottom"":898.5796165466309,""left"":266.42919921875}}",rect,4,TRUE,"[{""x"":250,""y"":425,""width"":80,""height"":80,""top"":385,""right"":290,""bottom"":465,""left"":210},{""x"":850,""y"":425,""width"":92,""height"":92,""top"":379,""right"":896,""bottom"":471,""left"":804}]"
,canvas-keyboard-response,33,101873,0.0-5.0-1.0-0.7,,,,,null,null,,,,,,,,,recognition,"[""4"",""4"",""6"",""6"",""5"",""5"",""4"",""6"",""5"",""4"",""5"",""5"",""6"",""4"",""5"",""6"",""6"",""4"",""4"",""4"",""6"",""5"",""5"",""6"",""5"",""4"",""6"",""5"",""5"",""4"",""6"",""4"",""6"",""4"",""6"",""5""]",500,0,,,,,,,
,canvas-keyboard-response,34,101983,0.0-5.0-1.0-1.7,,,,,null,null,,,,,,,,,recognition,"[""4"",""4"",""6"",""6"",""5"",""5"",""4"",""6"",""5"",""4"",""5"",""5"",""6"",""4"",""5"",""6"",""6"",""4"",""4"",""4"",""6"",""5"",""5"",""6"",""5"",""4"",""6"",""5"",""5"",""4"",""6"",""4"",""6"",""4"",""6"",""5""]",500,0,,,,,,,
,canvas-keyboard-response,35,103220,0.0-5.0-1.0-2.7,,,,,714,6,,,"[""circle"",""triangle""]",,,,,,,,,,,"[{""x"":919,""y"":750,""t"":2},{""x"":912,""y"":745,""t"":45},{""x"":920,""y"":742,""t"":82},{""x"":922,""y"":752,""t"":104},{""x"":944,""y"":766,""t"":139},{""x"":972,""y"":765,""t"":172},{""x"":988,""y"":770,""t"":206},{""x"":982,""y"":766,""t"":241},{""x"":977,""y"":763,""t"":278},{""x"":951,""y"":762,""t"":312},{""x"":961,""y"":743,""t"":345},{""x"":932,""y"":751,""t"":376},{""x"":936,""y"":754,""t"":409},{""x"":953,""y"":762,""t"":445},{""x"":970,""y"":750,""t"":479},{""x"":982,""y"":747,""t"":524},{""x"":996,""y"":749,""t"":557},{""x"":976,""y"":750,""t"":590},{""x"":946,""y"":756,""t"":621},{""x"":911,""y"":755,""t"":652},{""x"":881,""y"":758,""t"":682}]","{""#container"":{""x"":266.42919921875,""y"":48.58407211303711,""width"":1099.9910888671875,""height"":849.9955444335938,""top"":48.58407211303711,""right"":1366.4202880859375,""bottom"":898.5796165466309,""left"":266.42919921875}}",triangle,6,TRUE,"[{""x"":250,""y"":425,""width"":80,""height"":80,""top"":385,""right"":290,""bottom"":465,""left"":210},{""x"":850,""y"":425,""width"":92,""height"":92,""top"":379,""right"":896,""bottom"":471,""left"":804}]"
,canvas-keyboard-response,36,104244,0.0-5.0-1.0-0.8,,,,,null,null,,,,,,,,,recognition,"[""4"",""4"",""6"",""6"",""5"",""5"",""4"",""6"",""5"",""4"",""5"",""5"",""6"",""4"",""5"",""6"",""6"",""4"",""4"",""4"",""6"",""5"",""5"",""6"",""5"",""4"",""6"",""5"",""5"",""4"",""6"",""4"",""6"",""4"",""6"",""5""]",500,0,,,,,,,
,canvas-keyboard-response,37,104354,0.0-5.0-1.0-1.8,,,,,null,null,,,,,,,,,recognition,"[""4"",""4"",""6"",""6"",""5"",""5"",""4"",""6"",""5"",""4"",""5"",""5"",""6"",""4"",""5"",""6"",""6"",""4"",""4"",""4"",""6"",""5"",""5"",""6"",""5"",""4"",""6"",""5"",""5"",""4"",""6"",""4"",""6"",""4"",""6"",""5""]",500,0,,,,,,,
,canvas-keyboard-response,38,105543,0.0-5.0-1.0-2.8,,,,,665,5,,,"[""triangle"",""rect""]",,,,,,,,,,,"[{""x"":868,""y"":741,""t"":2},{""x"":837,""y"":755,""t"":45},{""x"":835,""y"":753,""t"":78},{""x"":863,""y"":748,""t"":110},{""x"":896,""y"":728,""t"":138},{""x"":919,""y"":728,""t"":174},{""x"":939,""y"":729,""t"":208},{""x"":952,""y"":727,""t"":240},{""x"":950,""y"":730,""t"":274},{""x"":970,""y"":724,""t"":321},{""x"":940,""y"":730,""t"":348},{""x"":963,""y"":717,""t"":380},{""x"":1002,""y"":711,""t"":414},{""x"":1015,""y"":708,""t"":444},{""x"":1049,""y"":694,""t"":479},{""x"":1080,""y"":691,""t"":528},{""x"":1105,""y"":689,""t"":546},{""x"":1121,""y"":705,""t"":591},{""x"":1130,""y"":710,""t"":621}]","{""#container"":{""x"":266.42919921875,""y"":48.58407211303711,""width"":1099.9910888671875,""height"":849.9955444335938,""top"":48.58407211303711,""right"":1366.4202880859375,""bottom"":898.5796165466309,""left"":266.42919921875}}",circle,5,TRUE,"[{""x"":250,""y"":425,""width"":92,""height"":92,""top"":379,""right"":296,""bottom"":471,""left"":204},{""x"":850,""y"":425,""width"":80,""height"":80,""top"":385,""right"":890,""bottom"":465,""left"":810}]"
,canvas-keyboard-response,39,106572,0.0-5.0-1.0-0.9,,,,,null,null,,,,,,,,,recognition,"[""4"",""4"",""6"",""6"",""5"",""5"",""4"",""6"",""5"",""4"",""5"",""5"",""6"",""4"",""5"",""6"",""6"",""4"",""4"",""4"",""6"",""5"",""5"",""6"",""5"",""4"",""6"",""5"",""5"",""4"",""6"",""4"",""6"",""4"",""6"",""5""]",500,0,,,,,,,
,canvas-keyboard-response,40,106681,0.0-5.0-1.0-1.9,,,,,null,null,,,,,,,,,recognition,"[""4"",""4"",""6"",""6"",""5"",""5"",""4"",""6"",""5"",""4"",""5"",""5"",""6"",""4"",""5"",""6"",""6"",""4"",""4"",""4"",""6"",""5"",""5"",""6"",""5"",""4"",""6"",""5"",""5"",""4"",""6"",""4"",""6"",""4"",""6"",""5""]",500,0,,,,,,,
,canvas-keyboard-response,41,107641,0.0-5.0-1.0-2.9,,,,,447,4,,,"[""triangle"",""rect""]",,,,,,,,,,,"[{""x"":1080,""y"":730,""t"":2},{""x"":1028,""y"":728,""t"":48},{""x"":1004,""y"":725,""t"":70},{""x"":938,""y"":736,""t"":123},{""x"":892,""y"":725,""t"":142},{""x"":890,""y"":730,""t"":175},{""x"":885,""y"":733,""t"":209},{""x"":895,""y"":728,""t"":241},{""x"":887,""y"":724,""t"":273},{""x"":871,""y"":732,""t"":309},{""x"":799,""y"":745,""t"":355},{""x"":751,""y"":749,""t"":377},{""x"":713,""y"":746,""t"":418}]","{""#container"":{""x"":266.42919921875,""y"":48.58407211303711,""width"":1099.9910888671875,""height"":849.9955444335938,""top"":48.58407211303711,""right"":1366.4202880859375,""bottom"":898.5796165466309,""left"":266.42919921875}}",triangle,4,TRUE,"[{""x"":250,""y"":425,""width"":92,""height"":92,""top"":379,""right"":296,""bottom"":471,""left"":204},{""x"":850,""y"":425,""width"":80,""height"":80,""top"":385,""right"":890,""bottom"":465,""left"":810}]"
,canvas-keyboard-response,42,108653,0.0-5.0-1.0-0.10,,,,,null,null,,,,,,,,,recognition,"[""4"",""4"",""6"",""6"",""5"",""5"",""4"",""6"",""5"",""4"",""5"",""5"",""6"",""4"",""5"",""6"",""6"",""4"",""4"",""4"",""6"",""5"",""5"",""6"",""5"",""4"",""6"",""5"",""5"",""4"",""6"",""4"",""6"",""4"",""6"",""5""]",500,0,,,,,,,
,canvas-keyboard-response,43,108759,0.0-5.0-1.0-1.10,,,,,null,null,,,,,,,,,recognition,"[""4"",""4"",""6"",""6"",""5"",""5"",""4"",""6"",""5"",""4"",""5"",""5"",""6"",""4"",""5"",""6"",""6"",""4"",""4"",""4"",""6"",""5"",""5"",""6"",""5"",""4"",""6"",""5"",""5"",""4"",""6"",""4"",""6"",""4"",""6"",""5""]",500,0,,,,,,,
,canvas-keyboard-response,44,110091,0.0-5.0-1.0-2.10,,,,,812,5,,,"[""rect"",""triangle""]",,,,,,,,,,,"[{""x"":755,""y"":753,""t"":1},{""x"":803,""y"":747,""t"":58},{""x"":846,""y"":742,""t"":78},{""x"":869,""y"":747,""t"":109},{""x"":844,""y"":764,""t"":144},{""x"":854,""y"":763,""t"":176},{""x"":873,""y"":766,""t"":207},{""x"":870,""y"":763,""t"":240},{""x"":852,""y"":759,""t"":275},{""x"":900,""y"":750,""t"":309},{""x"":900,""y"":741,""t"":356},{""x"":919,""y"":741,""t"":377},{""x"":932,""y"":744,""t"":410},{""x"":961,""y"":739,""t"":450},{""x"":1003,""y"":734,""t"":478},{""x"":995,""y"":725,""t"":512},{""x"":1005,""y"":736,""t"":560},{""x"":1035,""y"":744,""t"":581},{""x"":1046,""y"":741,""t"":615},{""x"":1067,""y"":747,""t"":656},{""x"":1093,""y"":740,""t"":685},{""x"":1085,""y"":728,""t"":717},{""x"":1104,""y"":719,""t"":754},{""x"":1126,""y"":704,""t"":784}]","{""#container"":{""x"":266.42919921875,""y"":48.58407211303711,""width"":1099.9910888671875,""height"":849.9955444335938,""top"":48.58407211303711,""right"":1366.4202880859375,""bottom"":898.5796165466309,""left"":266.42919921875}}",circle,5,TRUE,"[{""x"":250,""y"":425,""width"":80,""height"":80,""top"":385,""right"":290,""bottom"":465,""left"":210},{""x"":850,""y"":425,""width"":92,""height"":92,""top"":379,""right"":896,""bottom"":471,""left"":804}]"
,canvas-keyboard-response,45,111118,0.0-5.0-1.0-0.11,,,,,null,null,,,,,,,,,recognition,"[""4"",""4"",""6"",""6"",""5"",""5"",""4"",""6"",""5"",""4"",""5"",""5"",""6"",""4"",""5"",""6"",""6"",""4"",""4"",""4"",""6"",""5"",""5"",""6"",""5"",""4"",""6"",""5"",""5"",""4"",""6"",""4"",""6"",""4"",""6"",""5""]",500,0,,,,,,,
,canvas-keyboard-response,46,111236,0.0-5.0-1.0-1.11,,,,,null,null,,,,,,,,,recognition,"[""4"",""4"",""6"",""6"",""5"",""5"",""4"",""6"",""5"",""4"",""5"",""5"",""6"",""4"",""5"",""6"",""6"",""4"",""4"",""4"",""6"",""5"",""5"",""6"",""5"",""4"",""6"",""5"",""5"",""4"",""6"",""4"",""6"",""4"",""6"",""5""]",500,0,,,,,,,
,canvas-keyboard-response,47,112311,0.0-5.0-1.0-2.11,,,,,561,5,,,"[""circle"",""triangle""]",,,,,,,,,,,"[{""x"":1097,""y"":716,""t"":2},{""x"":1063,""y"":729,""t"":48},{""x"":1024,""y"":726,""t"":79},{""x"":932,""y"":745,""t"":105},{""x"":843,""y"":773,""t"":140},{""x"":830,""y"":775,""t"":172},{""x"":836,""y"":777,""t"":207},{""x"":822,""y"":765,""t"":241},{""x"":813,""y"":756,""t"":274},{""x"":808,""y"":751,""t"":310},{""x"":823,""y"":748,""t"":345},{""x"":810,""y"":746,""t"":376},{""x"":807,""y"":737,""t"":418},{""x"":817,""y"":750,""t"":455},{""x"":842,""y"":734,""t"":485},{""x"":886,""y"":713,""t"":515}]","{""#container"":{""x"":266.42919921875,""y"":48.58407211303711,""width"":1099.9910888671875,""height"":849.9955444335938,""top"":48.58407211303711,""right"":1366.4202880859375,""bottom"":898.5796165466309,""left"":266.42919921875}}",rect,5,TRUE,"[{""x"":250,""y"":425,""width"":80,""height"":80,""top"":385,""right"":290,""bottom"":465,""left"":210},{""x"":850,""y"":425,""width"":92,""height"":92,""top"":379,""right"":896,""bottom"":471,""left"":804}]"
,canvas-keyboard-response,48,113335,0.0-5.0-1.0-0.12,,,,,null,null,,,,,,,,,recognition,"[""4"",""4"",""6"",""6"",""5"",""5"",""4"",""6"",""5"",""4"",""5"",""5"",""6"",""4"",""5"",""6"",""6"",""4"",""4"",""4"",""6"",""5"",""5"",""6"",""5"",""4"",""6"",""5"",""5"",""4"",""6"",""4"",""6"",""4"",""6"",""5""]",500,0,,,,,,,
,canvas-keyboard-response,49,113447,0.0-5.0-1.0-1.12,,,,,null,null,,,,,,,,,recognition,"[""4"",""4"",""6"",""6"",""5"",""5"",""4"",""6"",""5"",""4"",""5"",""5"",""6"",""4"",""5"",""6"",""6"",""4"",""4"",""4"",""6"",""5"",""5"",""6"",""5"",""4"",""6"",""5"",""5"",""4"",""6"",""4"",""6"",""4"",""6"",""5""]",500,0,,,,,,,
,canvas-keyboard-response,50,114558,0.0-5.0-1.0-2.12,,,,,586,6,,,"[""triangle"",""rect""]",,,,,,,,,,,"[{""x"":861,""y"":734,""t"":4},{""x"":838,""y"":749,""t"":45},{""x"":831,""y"":763,""t"":77},{""x"":832,""y"":771,""t"":108},{""x"":832,""y"":785,""t"":142},{""x"":827,""y"":783,""t"":177},{""x"":840,""y"":793,""t"":214},{""x"":866,""y"":802,""t"":245},{""x"":916,""y"":810,""t"":283},{""x"":912,""y"":812,""t"":313},{""x"":945,""y"":798,""t"":343},{""x"":935,""y"":801,""t"":386},{""x"":977,""y"":805,""t"":419},{""x"":1000,""y"":790,""t"":449},{""x"":1028,""y"":802,""t"":481},{""x"":1057,""y"":809,""t"":513},{""x"":1057,""y"":810,""t"":559}]","{""#container"":{""x"":266.42919921875,""y"":48.58407211303711,""width"":1099.9910888671875,""height"":849.9955444335938,""top"":48.58407211303711,""right"":1366.4202880859375,""bottom"":898.5796165466309,""left"":266.42919921875}}",rect,6,TRUE,"[{""x"":250,""y"":425,""width"":92,""height"":92,""top"":379,""right"":296,""bottom"":471,""left"":204},{""x"":850,""y"":425,""width"":80,""height"":80,""top"":385,""right"":890,""bottom"":465,""left"":810}]"
,canvas-keyboard-response,51,115574,0.0-5.0-1.0-0.13,,,,,null,null,,,,,,,,,recognition,"[""4"",""4"",""6"",""6"",""5"",""5"",""4"",""6"",""5"",""4"",""5"",""5"",""6"",""4"",""5"",""6"",""6"",""4"",""4"",""4"",""6"",""5"",""5"",""6"",""5"",""4"",""6"",""5"",""5"",""4"",""6"",""4"",""6"",""4"",""6"",""5""]",500,0,,,,,,,
,canvas-keyboard-response,52,115685,0.0-5.0-1.0-1.13,,,,,null,null,,,,,,,,,recognition,"[""4"",""4"",""6"",""6"",""5"",""5"",""4"",""6"",""5"",""4"",""5"",""5"",""6"",""4"",""5"",""6"",""6"",""4"",""4"",""4"",""6"",""5"",""5"",""6"",""5"",""4"",""6"",""5"",""5"",""4"",""6"",""4"",""6"",""4"",""6"",""5""]",500,0,,,,,,,
,canvas-keyboard-response,53,116735,0.0-5.0-1.0-2.13,,,,,531,4,,,"[""rect"",""triangle""]",,,,,,,,,,,"[{""x"":1003,""y"":795,""t"":2},{""x"":958,""y"":787,""t"":56},{""x"":949,""y"":771,""t"":77},{""x"":927,""y"":772,""t"":111},{""x"":921,""y"":785,""t"":145},{""x"":868,""y"":812,""t"":183},{""x"":834,""y"":806,""t"":215},{""x"":820,""y"":814,""t"":248},{""x"":862,""y"":801,""t"":284},{""x"":872,""y"":803,""t"":308},{""x"":876,""y"":803,""t"":352},{""x"":860,""y"":805,""t"":380},{""x"":827,""y"":811,""t"":410},{""x"":780,""y"":812,""t"":446}]","{""#container"":{""x"":266.42919921875,""y"":48.58407211303711,""width"":1099.9910888671875,""height"":849.9955444335938,""top"":48.58407211303711,""right"":1366.4202880859375,""bottom"":898.5796165466309,""left"":266.42919921875}}",rect,4,TRUE,"[{""x"":250,""y"":425,""width"":80,""height"":80,""top"":385,""right"":290,""bottom"":465,""left"":210},{""x"":850,""y"":425,""width"":92,""height"":92,""top"":379,""right"":896,""bottom"":471,""left"":804}]"
,canvas-keyboard-response,54,117753,0.0-5.0-1.0-0.14,,,,,null,null,,,,,,,,,recognition,"[""4"",""4"",""6"",""6"",""5"",""5"",""4"",""6"",""5"",""4"",""5"",""5"",""6"",""4"",""5"",""6"",""6"",""4"",""4"",""4"",""6"",""5"",""5"",""6"",""5"",""4"",""6"",""5"",""5"",""4"",""6"",""4"",""6"",""4"",""6"",""5""]",500,0,,,,,,,
,canvas-keyboard-response,55,117865,0.0-5.0-1.0-1.14,,,,,null,null,,,,,,,,,recognition,"[""4"",""4"",""6"",""6"",""5"",""5"",""4"",""6"",""5"",""4"",""5"",""5"",""6"",""4"",""5"",""6"",""6"",""4"",""4"",""4"",""6"",""5"",""5"",""6"",""5"",""4"",""6"",""5"",""5"",""4"",""6"",""4"",""6"",""4"",""6"",""5""]",500,0,,,,,,,
,canvas-keyboard-response,56,118897,0.0-5.0-1.0-2.14,,,,,510,5,,,"[""triangle"",""rect""]",,,,,,,,,,,"[{""x"":731,""y"":813,""t"":18},{""x"":765,""y"":808,""t"":60},{""x"":783,""y"":804,""t"":77},{""x"":778,""y"":783,""t"":112},{""x"":774,""y"":773,""t"":145},{""x"":768,""y"":753,""t"":177},{""x"":793,""y"":748,""t"":213},{""x"":791,""y"":739,""t"":243},{""x"":821,""y"":730,""t"":275},{""x"":826,""y"":723,""t"":310},{""x"":804,""y"":729,""t"":342},{""x"":833,""y"":731,""t"":388},{""x"":884,""y"":739,""t"":417},{""x"":896,""y"":733,""t"":447},{""x"":905,""y"":731,""t"":482}]","{""#container"":{""x"":266.42919921875,""y"":48.58407211303711,""width"":1099.9910888671875,""height"":849.9955444335938,""top"":48.58407211303711,""right"":1366.4202880859375,""bottom"":898.5796165466309,""left"":266.42919921875}}",circle,5,TRUE,"[{""x"":250,""y"":425,""width"":92,""height"":92,""top"":379,""right"":296,""bottom"":471,""left"":204},{""x"":850,""y"":425,""width"":80,""height"":80,""top"":385,""right"":890,""bottom"":465,""left"":810}]"
,canvas-keyboard-response,57,119933,0.0-5.0-1.0-0.15,,,,,null,null,,,,,,,,,recognition,"[""4"",""4"",""6"",""6"",""5"",""5"",""4"",""6"",""5"",""4"",""5"",""5"",""6"",""4"",""5"",""6"",""6"",""4"",""4"",""4"",""6"",""5"",""5"",""6"",""5"",""4"",""6"",""5"",""5"",""4"",""6"",""4"",""6"",""4"",""6"",""5""]",500,0,,,,,,,
,canvas-keyboard-response,58,120042,0.0-5.0-1.0-1.15,,,,,null,null,,,,,,,,,recognition,"[""4"",""4"",""6"",""6"",""5"",""5"",""4"",""6"",""5"",""4"",""5"",""5"",""6"",""4"",""5"",""6"",""6"",""4"",""4"",""4"",""6"",""5"",""5"",""6"",""5"",""4"",""6"",""5"",""5"",""4"",""6"",""4"",""6"",""4"",""6"",""5""]",500,0,,,,,,,
,canvas-keyboard-response,59,121017,0.0-5.0-1.0-2.15,,,,,463,6,,,"[""circle"",""triangle""]",,,,,,,,,,,"[{""x"":894,""y"":737,""t"":2},{""x"":913,""y"":740,""t"":41},{""x"":907,""y"":738,""t"":72},{""x"":877,""y"":738,""t"":104},{""x"":849,""y"":736,""t"":139},{""x"":874,""y"":730,""t"":173},{""x"":906,""y"":733,""t"":207},{""x"":911,""y"":726,""t"":240},{""x"":915,""y"":737,""t"":274},{""x"":922,""y"":738,""t"":308},{""x"":907,""y"":740,""t"":357},{""x"":897,""y"":742,""t"":374},{""x"":885,""y"":745,""t"":422}]","{""#container"":{""x"":266.42919921875,""y"":48.58407211303711,""width"":1099.9910888671875,""height"":849.9955444335938,""top"":48.58407211303711,""right"":1366.4202880859375,""bottom"":898.5796165466309,""left"":266.42919921875}}",triangle,6,TRUE,"[{""x"":250,""y"":425,""width"":80,""height"":80,""top"":385,""right"":290,""bottom"":465,""left"":210},{""x"":850,""y"":425,""width"":92,""height"":92,""top"":379,""right"":896,""bottom"":471,""left"":804}]"
,canvas-keyboard-response,60,122039,0.0-5.0-1.0-0.16,,,,,null,null,,,,,,,,,recognition,"[""4"",""4"",""6"",""6"",""5"",""5"",""4"",""6"",""5"",""4"",""5"",""5"",""6"",""4"",""5"",""6"",""6"",""4"",""4"",""4"",""6"",""5"",""5"",""6"",""5"",""4"",""6"",""5"",""5"",""4"",""6"",""4"",""6"",""4"",""6"",""5""]",500,0,,,,,,,
,canvas-keyboard-response,61,122148,0.0-5.0-1.0-1.16,,,,,null,null,,,,,,,,,recognition,"[""4"",""4"",""6"",""6"",""5"",""5"",""4"",""6"",""5"",""4"",""5"",""5"",""6"",""4"",""5"",""6"",""6"",""4"",""4"",""4"",""6"",""5"",""5"",""6"",""5"",""4"",""6"",""5"",""5"",""4"",""6"",""4"",""6"",""4"",""6"",""5""]",500,0,,,,,,,
,canvas-keyboard-response,62,123211,0.0-5.0-1.0-2.16,,,,,539,6,,,"[""triangle"",""circle""]",,,,,,,,,,,"[{""x"":901,""y"":744,""t"":1},{""x"":884,""y"":743,""t"":50},{""x"":851,""y"":745,""t"":75},{""x"":830,""y"":737,""t"":106},{""x"":829,""y"":735,""t"":139},{""x"":808,""y"":732,""t"":173},{""x"":792,""y"":734,""t"":206},{""x"":799,""y"":733,""t"":241},{""x"":792,""y"":731,""t"":274},{""x"":826,""y"":732,""t"":325},{""x"":874,""y"":719,""t"":347},{""x"":949,""y"":716,""t"":380},{""x"":1023,""y"":701,""t"":410},{""x"":1066,""y"":694,""t"":446},{""x"":1070,""y"":676,""t"":482}]","{""#container"":{""x"":266.42919921875,""y"":48.58407211303711,""width"":1099.9910888671875,""height"":849.9955444335938,""top"":48.58407211303711,""right"":1366.4202880859375,""bottom"":898.5796165466309,""left"":266.42919921875}}",circle,6,TRUE,"[{""x"":250,""y"":425,""width"":92,""height"":92,""top"":379,""right"":296,""bottom"":471,""left"":204},{""x"":850,""y"":425,""width"":80,""height"":80,""top"":385,""right"":890,""bottom"":465,""left"":810}]"
,canvas-keyboard-response,63,124236,0.0-5.0-1.0-0.17,,,,,null,null,,,,,,,,,recognition,"[""4"",""4"",""6"",""6"",""5"",""5"",""4"",""6"",""5"",""4"",""5"",""5"",""6"",""4"",""5"",""6"",""6"",""4"",""4"",""4"",""6"",""5"",""5"",""6"",""5"",""4"",""6"",""5"",""5"",""4"",""6"",""4"",""6"",""4"",""6"",""5""]",500,0,,,,,,,
,canvas-keyboard-response,64,124357,0.0-5.0-1.0-1.17,,,,,null,null,,,,,,,,,recognition,"[""4"",""4"",""6"",""6"",""5"",""5"",""4"",""6"",""5"",""4"",""5"",""5"",""6"",""4"",""5"",""6"",""6"",""4"",""4"",""4"",""6"",""5"",""5"",""6"",""5"",""4"",""6"",""5"",""5"",""4"",""6"",""4"",""6"",""4"",""6"",""5""]",500,0,,,,,,,
,canvas-keyboard-response,65,125440,0.0-5.0-1.0-2.17,,,,,569,4,,,"[""circle"",""triangle""]",,,,,,,,,,,"[{""x"":1066,""y"":674,""t"":2},{""x"":1022,""y"":690,""t"":51},{""x"":984,""y"":703,""t"":71},{""x"":946,""y"":719,""t"":106},{""x"":902,""y"":730,""t"":138},{""x"":836,""y"":763,""t"":172},{""x"":825,""y"":786,""t"":207},{""x"":811,""y"":797,""t"":240},{""x"":787,""y"":806,""t"":274},{""x"":792,""y"":794,""t"":314},{""x"":781,""y"":786,""t"":346},{""x"":796,""y"":764,""t"":386},{""x"":806,""y"":757,""t"":414},{""x"":805,""y"":754,""t"":459},{""x"":805,""y"":752,""t"":483}]","{""#container"":{""x"":266.42919921875,""y"":48.58407211303711,""width"":1099.9910888671875,""height"":849.9955444335938,""top"":48.58407211303711,""right"":1366.4202880859375,""bottom"":898.5796165466309,""left"":266.42919921875}}",circle,4,TRUE,"[{""x"":250,""y"":425,""width"":80,""height"":80,""top"":385,""right"":290,""bottom"":465,""left"":210},{""x"":850,""y"":425,""width"":92,""height"":92,""top"":379,""right"":896,""bottom"":471,""left"":804}]"
,html-keyboard-response,66,131085,0.0-5.0-2.0,,,,,5135, ,,,"<p>识别实验：试验都以 500 毫秒的固定时间开始，然后会有一个 500 毫秒的fixation，接下来是100毫秒的单个项目展示，1000毫秒的空白间隔后，会呈现一个四个项目的阵列。</p> <p>要求：记忆单个项目，并在多个项目阵列中快速找到，并根据数字键盘的 "" 4 "" ,"" 8 "","" 6 "","" 2 "" 进行选择响应,如果不记得或者不存在选择""5""。</p><p>按"" ""键继续，实验开始。</p>",,,,,,,,,,,,,,,,
,canvas-keyboard-response,67,132106,0.0-5.0-3.0-0.0,,,,,null,null,,,,,,,,,recognition,"[""4"",""4"",""6"",""6"",""5"",""5"",""4"",""6"",""5"",""4"",""5"",""5"",""6"",""4"",""5"",""6"",""6"",""4"",""4"",""4"",""6"",""5"",""5"",""6"",""5"",""4"",""6"",""5"",""5"",""4"",""6"",""4"",""6"",""4"",""6"",""5""]",500,0,,,,,,,
,canvas-keyboard-response,68,132218,0.0-5.0-3.0-1.0,,,,,null,null,,,,,,,,,recognition,"[""4"",""4"",""6"",""6"",""5"",""5"",""4"",""6"",""5"",""4"",""5"",""5"",""6"",""4"",""5"",""6"",""6"",""4"",""4"",""4"",""6"",""5"",""5"",""6"",""5"",""4"",""6"",""5"",""5"",""4"",""6"",""4"",""6"",""4"",""6"",""5""]",500,1,,,,,,,
,canvas-keyboard-response,69,133221,0.0-5.0-3.0-2.0,,,,,484,4,,,"[""circle"",""circle""]",,,,,,,,,,,"[{""x"":827,""y"":736,""t"":2},{""x"":834,""y"":725,""t"":62},{""x"":805,""y"":741,""t"":83},{""x"":781,""y"":754,""t"":116},{""x"":799,""y"":764,""t"":141},{""x"":816,""y"":760,""t"":176},{""x"":795,""y"":772,""t"":210},{""x"":790,""y"":772,""t"":242},{""x"":744,""y"":778,""t"":275},{""x"":706,""y"":783,""t"":307},{""x"":695,""y"":792,""t"":355},{""x"":693,""y"":793,""t"":384},{""x"":709,""y"":787,""t"":416},{""x"":722,""y"":781,""t"":453}]","{""#container"":{""x"":266.42919921875,""y"":48.58407211303711,""width"":1099.9910888671875,""height"":849.9955444335938,""top"":48.58407211303711,""right"":1366.4202880859375,""bottom"":898.5796165466309,""left"":266.42919921875}}",red,4,TRUE,"[{""x"":250,""y"":425,""width"":80,""height"":80,""top"":385,""right"":290,""bottom"":465,""left"":210},{""x"":850,""y"":425,""width"":80,""height"":80,""top"":385,""right"":890,""bottom"":465,""left"":810}]"
,canvas-keyboard-response,70,134250,0.0-5.0-3.0-0.1,,,,,null,null,,,,,,,,,recognition,"[""4"",""4"",""6"",""6"",""5"",""5"",""4"",""6"",""5"",""4"",""5"",""5"",""6"",""4"",""5"",""6"",""6"",""4"",""4"",""4"",""6"",""5"",""5"",""6"",""5"",""4"",""6"",""5"",""5"",""4"",""6"",""4"",""6"",""4"",""6"",""5""]",500,1,,,,,,,
,canvas-keyboard-response,71,134373,0.0-5.0-3.0-1.1,,,,,null,null,,,,,,,,,recognition,"[""4"",""4"",""6"",""6"",""5"",""5"",""4"",""6"",""5"",""4"",""5"",""5"",""6"",""4"",""5"",""6"",""6"",""4"",""4"",""4"",""6"",""5"",""5"",""6"",""5"",""4"",""6"",""5"",""5"",""4"",""6"",""4"",""6"",""4"",""6"",""5""]",500,1,,,,,,,
,canvas-keyboard-response,72,135323,0.0-5.0-3.0-2.1,,,,,432,4,,,"[""circle"",""circle""]",,,,,,,,,,,"[{""x"":763,""y"":774,""t"":4},{""x"":768,""y"":762,""t"":49},{""x"":803,""y"":745,""t"":71},{""x"":784,""y"":757,""t"":108},{""x"":772,""y"":773,""t"":145},{""x"":795,""y"":775,""t"":177},{""x"":812,""y"":773,""t"":210},{""x"":799,""y"":775,""t"":244},{""x"":804,""y"":786,""t"":277},{""x"":787,""y"":778,""t"":311},{""x"":766,""y"":785,""t"":345},{""x"":721,""y"":802,""t"":375}]","{""#container"":{""x"":266.42919921875,""y"":48.58407211303711,""width"":1099.9910888671875,""height"":849.9955444335938,""top"":48.58407211303711,""right"":1366.4202880859375,""bottom"":898.5796165466309,""left"":266.42919921875}}",green,4,TRUE,"[{""x"":250,""y"":425,""width"":80,""height"":80,""top"":385,""right"":290,""bottom"":465,""left"":210},{""x"":850,""y"":425,""width"":80,""height"":80,""top"":385,""right"":890,""bottom"":465,""left"":810}]"
,canvas-keyboard-response,73,136339,0.0-5.0-3.0-0.2,,,,,null,null,,,,,,,,,recognition,"[""4"",""4"",""6"",""6"",""5"",""5"",""4"",""6"",""5"",""4"",""5"",""5"",""6"",""4"",""5"",""6"",""6"",""4"",""4"",""4"",""6"",""5"",""5"",""6"",""5"",""4"",""6"",""5"",""5"",""4"",""6"",""4"",""6"",""4"",""6"",""5""]",500,1,,,,,,,
,canvas-keyboard-response,74,136448,0.0-5.0-3.0-1.2,,,,,null,null,,,,,,,,,recognition,"[""4"",""4"",""6"",""6"",""5"",""5"",""4"",""6"",""5"",""4"",""5"",""5"",""6"",""4"",""5"",""6"",""6"",""4"",""4"",""4"",""6"",""5"",""5"",""6"",""5"",""4"",""6"",""5"",""5"",""4"",""6"",""4"",""6"",""4"",""6"",""5""]",500,1,,,,,,,
,canvas-keyboard-response,75,137360,0.0-5.0-3.0-2.2,,,,,393,6,,,"[""circle"",""circle""]",,,,,,,,,,,"[{""x"":745,""y"":782,""t"":3},{""x"":797,""y"":779,""t"":37},{""x"":815,""y"":785,""t"":100},{""x"":825,""y"":785,""t"":123},{""x"":848,""y"":779,""t"":150},{""x"":860,""y"":782,""t"":180},{""x"":844,""y"":787,""t"":215},{""x"":857,""y"":783,""t"":245},{""x"":842,""y"":788,""t"":275},{""x"":823,""y"":782,""t"":308},{""x"":859,""y"":771,""t"":353}]","{""#container"":{""x"":266.42919921875,""y"":48.58407211303711,""width"":1099.9910888671875,""height"":849.9955444335938,""top"":48.58407211303711,""right"":1366.4202880859375,""bottom"":898.5796165466309,""left"":266.42919921875}}",blue,6,TRUE,"[{""x"":250,""y"":425,""width"":80,""height"":80,""top"":385,""right"":290,""bottom"":465,""left"":210},{""x"":850,""y"":425,""width"":80,""height"":80,""top"":385,""right"":890,""bottom"":465,""left"":810}]"
,canvas-keyboard-response,76,138384,0.0-5.0-3.0-0.3,,,,,null,null,,,,,,,,,recognition,"[""4"",""4"",""6"",""6"",""5"",""5"",""4"",""6"",""5"",""4"",""5"",""5"",""6"",""4"",""5"",""6"",""6"",""4"",""4"",""4"",""6"",""5"",""5"",""6"",""5"",""4"",""6"",""5"",""5"",""4"",""6"",""4"",""6"",""4"",""6"",""5""]",500,1,,,,,,,
,canvas-keyboard-response,77,138495,0.0-5.0-3.0-1.3,,,,,null,null,,,,,,,,,recognition,"[""4"",""4"",""6"",""6"",""5"",""5"",""4"",""6"",""5"",""4"",""5"",""5"",""6"",""4"",""5"",""6"",""6"",""4"",""4"",""4"",""6"",""5"",""5"",""6"",""5"",""4"",""6"",""5"",""5"",""4"",""6"",""4"",""6"",""4"",""6"",""5""]",500,1,,,,,,,
,canvas-keyboard-response,78,139732,0.0-5.0-3.0-2.3,,,,,728,5,,,"[""circle"",""circle""]",,,,,,,,,,,"[{""x"":852,""y"":749,""t"":1},{""x"":843,""y"":746,""t"":45},{""x"":793,""y"":748,""t"":77},{""x"":784,""y"":752,""t"":109},{""x"":838,""y"":752,""t"":138},{""x"":816,""y"":758,""t"":173},{""x"":805,""y"":746,""t"":209},{""x"":779,""y"":747,""t"":242},{""x"":775,""y"":762,""t"":274},{""x"":748,""y"":762,""t"":316},{""x"":735,""y"":756,""t"":343},{""x"":723,""y"":753,""t"":392},{""x"":717,""y"":757,""t"":417},{""x"":734,""y"":748,""t"":454},{""x"":733,""y"":740,""t"":488},{""x"":762,""y"":731,""t"":518},{""x"":745,""y"":753,""t"":548},{""x"":730,""y"":754,""t"":581},{""x"":748,""y"":769,""t"":622},{""x"":796,""y"":766,""t"":654},{""x"":806,""y"":772,""t"":681}]","{""#container"":{""x"":266.42919921875,""y"":48.58407211303711,""width"":1099.9910888671875,""height"":849.9955444335938,""top"":48.58407211303711,""right"":1366.4202880859375,""bottom"":898.5796165466309,""left"":266.42919921875}}",red,5,TRUE,"[{""x"":250,""y"":425,""width"":80,""height"":80,""top"":385,""right"":290,""bottom"":465,""left"":210},{""x"":850,""y"":425,""width"":80,""height"":80,""top"":385,""right"":890,""bottom"":465,""left"":810}]"
,canvas-keyboard-response,79,140770,0.0-5.0-3.0-0.4,,,,,null,null,,,,,,,,,recognition,"[""4"",""4"",""6"",""6"",""5"",""5"",""4"",""6"",""5"",""4"",""5"",""5"",""6"",""4"",""5"",""6"",""6"",""4"",""4"",""4"",""6"",""5"",""5"",""6"",""5"",""4"",""6"",""5"",""5"",""4"",""6"",""4"",""6"",""4"",""6"",""5""]",500,1,,,,,,,
,canvas-keyboard-response,80,140879,0.0-5.0-3.0-1.4,,,,,null,null,,,,,,,,,recognition,"[""4"",""4"",""6"",""6"",""5"",""5"",""4"",""6"",""5"",""4"",""5"",""5"",""6"",""4"",""5"",""6"",""6"",""4"",""4"",""4"",""6"",""5"",""5"",""6"",""5"",""4"",""6"",""5"",""5"",""4"",""6"",""4"",""6"",""4"",""6"",""5""]",500,1,,,,,,,
,canvas-keyboard-response,81,141963,0.0-5.0-3.0-2.4,,,,,565,5,,,"[""circle"",""circle""]",,,,,,,,,,,"[{""x"":794,""y"":778,""t"":2},{""x"":790,""y"":774,""t"":47},{""x"":806,""y"":780,""t"":72},{""x"":799,""y"":772,""t"":105},{""x"":768,""y"":773,""t"":138},{""x"":747,""y"":779,""t"":172},{""x"":770,""y"":771,""t"":207},{""x"":798,""y"":757,""t"":242},{""x"":794,""y"":767,""t"":275},{""x"":827,""y"":770,""t"":309},{""x"":877,""y"":764,""t"":344},{""x"":867,""y"":765,""t"":377},{""x"":860,""y"":765,""t"":415},{""x"":859,""y"":771,""t"":445},{""x"":854,""y"":764,""t"":479},{""x"":848,""y"":760,""t"":515}]","{""#container"":{""x"":266.42919921875,""y"":48.58407211303711,""width"":1099.9910888671875,""height"":849.9955444335938,""top"":48.58407211303711,""right"":1366.4202880859375,""bottom"":898.5796165466309,""left"":266.42919921875}}",blue,5,TRUE,"[{""x"":250,""y"":425,""width"":80,""height"":80,""top"":385,""right"":290,""bottom"":465,""left"":210},{""x"":850,""y"":425,""width"":80,""height"":80,""top"":385,""right"":890,""bottom"":465,""left"":810}]"
,canvas-keyboard-response,82,142983,0.0-5.0-3.0-0.5,,,,,null,null,,,,,,,,,recognition,"[""4"",""4"",""6"",""6"",""5"",""5"",""4"",""6"",""5"",""4"",""5"",""5"",""6"",""4"",""5"",""6"",""6"",""4"",""4"",""4"",""6"",""5"",""5"",""6"",""5"",""4"",""6"",""5"",""5"",""4"",""6"",""4"",""6"",""4"",""6"",""5""]",500,1,,,,,,,
,canvas-keyboard-response,83,143094,0.0-5.0-3.0-1.5,,,,,null,null,,,,,,,,,recognition,"[""4"",""4"",""6"",""6"",""5"",""5"",""4"",""6"",""5"",""4"",""5"",""5"",""6"",""4"",""5"",""6"",""6"",""4"",""4"",""4"",""6"",""5"",""5"",""6"",""5"",""4"",""6"",""5"",""5"",""4"",""6"",""4"",""6"",""4"",""6"",""5""]",500,1,,,,,,,
,canvas-keyboard-response,84,144036,0.0-5.0-3.0-2.5,,,,,427,6,,,"[""circle"",""circle""]",,,,,,,,,,,"[{""x"":819,""y"":775,""t"":14},{""x"":805,""y"":785,""t"":51},{""x"":804,""y"":787,""t"":90},{""x"":780,""y"":792,""t"":108},{""x"":741,""y"":813,""t"":151},{""x"":708,""y"":830,""t"":171},{""x"":701,""y"":812,""t"":206},{""x"":693,""y"":817,""t"":243},{""x"":709,""y"":819,""t"":274},{""x"":739,""y"":798,""t"":308},{""x"":788,""y"":776,""t"":348},{""x"":844,""y"":775,""t"":381}]","{""#container"":{""x"":266.42919921875,""y"":48.58407211303711,""width"":1099.9910888671875,""height"":849.9955444335938,""top"":48.58407211303711,""right"":1366.4202880859375,""bottom"":898.5796165466309,""left"":266.42919921875}}",green,6,TRUE,"[{""x"":250,""y"":425,""width"":80,""height"":80,""top"":385,""right"":290,""bottom"":465,""left"":210},{""x"":850,""y"":425,""width"":80,""height"":80,""top"":385,""right"":890,""bottom"":465,""left"":810}]"
,canvas-keyboard-response,85,145070,0.0-5.0-3.0-0.6,,,,,null,null,,,,,,,,,recognition,"[""4"",""4"",""6"",""6"",""5"",""5"",""4"",""6"",""5"",""4"",""5"",""5"",""6"",""4"",""5"",""6"",""6"",""4"",""4"",""4"",""6"",""5"",""5"",""6"",""5"",""4"",""6"",""5"",""5"",""4"",""6"",""4"",""6"",""4"",""6"",""5""]",500,1,,,,,,,
,canvas-keyboard-response,86,145179,0.0-5.0-3.0-1.6,,,,,null,null,,,,,,,,,recognition,"[""4"",""4"",""6"",""6"",""5"",""5"",""4"",""6"",""5"",""4"",""5"",""5"",""6"",""4"",""5"",""6"",""6"",""4"",""4"",""4"",""6"",""5"",""5"",""6"",""5"",""4"",""6"",""5"",""5"",""4"",""6"",""4"",""6"",""4"",""6"",""5""]",500,1,,,,,,,
,canvas-keyboard-response,87,146132,0.0-5.0-3.0-2.6,,,,,441,5,,,"[""circle"",""circle""]",,,,,,,,,,,"[{""x"":921,""y"":744,""t"":1},{""x"":924,""y"":741,""t"":48},{""x"":890,""y"":735,""t"":79},{""x"":910,""y"":719,""t"":109},{""x"":892,""y"":719,""t"":145},{""x"":844,""y"":724,""t"":179},{""x"":798,""y"":737,""t"":216},{""x"":766,""y"":739,""t"":250},{""x"":754,""y"":754,""t"":284},{""x"":751,""y"":757,""t"":319},{""x"":770,""y"":754,""t"":351},{""x"":767,""y"":764,""t"":382}]","{""#container"":{""x"":266.42919921875,""y"":48.58407211303711,""width"":1099.9910888671875,""height"":849.9955444335938,""top"":48.58407211303711,""right"":1366.4202880859375,""bottom"":898.5796165466309,""left"":266.42919921875}}",red,5,TRUE,"[{""x"":250,""y"":425,""width"":80,""height"":80,""top"":385,""right"":290,""bottom"":465,""left"":210},{""x"":850,""y"":425,""width"":80,""height"":80,""top"":385,""right"":890,""bottom"":465,""left"":810}]"
,canvas-keyboard-response,88,147162,0.0-5.0-3.0-0.7,,,,,null,null,,,,,,,,,recognition,"[""4"",""4"",""6"",""6"",""5"",""5"",""4"",""6"",""5"",""4"",""5"",""5"",""6"",""4"",""5"",""6"",""6"",""4"",""4"",""4"",""6"",""5"",""5"",""6"",""5"",""4"",""6"",""5"",""5"",""4"",""6"",""4"",""6"",""4"",""6"",""5""]",500,1,,,,,,,
,canvas-keyboard-response,89,147276,0.0-5.0-3.0-1.7,,,,,null,null,,,,,,,,,recognition,"[""4"",""4"",""6"",""6"",""5"",""5"",""4"",""6"",""5"",""4"",""5"",""5"",""6"",""4"",""5"",""6"",""6"",""4"",""4"",""4"",""6"",""5"",""5"",""6"",""5"",""4"",""6"",""5"",""5"",""4"",""6"",""4"",""6"",""4"",""6"",""5""]",500,1,,,,,,,
,canvas-keyboard-response,90,148229,0.0-5.0-3.0-2.7,,,,,437,4,,,"[""circle"",""circle""]",,,,,,,,,,,"[{""x"":766,""y"":754,""t"":2},{""x"":762,""y"":749,""t"":44},{""x"":769,""y"":749,""t"":75},{""x"":766,""y"":741,""t"":109},{""x"":756,""y"":738,""t"":139},{""x"":744,""y"":743,""t"":173},{""x"":723,""y"":738,""t"":206},{""x"":725,""y"":742,""t"":241},{""x"":727,""y"":740,""t"":274},{""x"":713,""y"":741,""t"":323},{""x"":702,""y"":742,""t"":343},{""x"":665,""y"":746,""t"":375}]","{""#container"":{""x"":266.42919921875,""y"":48.58407211303711,""width"":1099.9910888671875,""height"":849.9955444335938,""top"":48.58407211303711,""right"":1366.4202880859375,""bottom"":898.5796165466309,""left"":266.42919921875}}",blue,4,TRUE,"[{""x"":250,""y"":425,""width"":80,""height"":80,""top"":385,""right"":290,""bottom"":465,""left"":210},{""x"":850,""y"":425,""width"":80,""height"":80,""top"":385,""right"":890,""bottom"":465,""left"":810}]"
,canvas-keyboard-response,91,149262,0.0-5.0-3.0-0.8,,,,,null,null,,,,,,,,,recognition,"[""4"",""4"",""6"",""6"",""5"",""5"",""4"",""6"",""5"",""4"",""5"",""5"",""6"",""4"",""5"",""6"",""6"",""4"",""4"",""4"",""6"",""5"",""5"",""6"",""5"",""4"",""6"",""5"",""5"",""4"",""6"",""4"",""6"",""4"",""6"",""5""]",500,1,,,,,,,
,canvas-keyboard-response,92,149373,0.0-5.0-3.0-1.8,,,,,null,null,,,,,,,,,recognition,"[""4"",""4"",""6"",""6"",""5"",""5"",""4"",""6"",""5"",""4"",""5"",""5"",""6"",""4"",""5"",""6"",""6"",""4"",""4"",""4"",""6"",""5"",""5"",""6"",""5"",""4"",""6"",""5"",""5"",""4"",""6"",""4"",""6"",""4"",""6"",""5""]",500,1,,,,,,,
,canvas-keyboard-response,93,150364,0.0-5.0-3.0-2.8,,,,,462,6,,,"[""circle"",""circle""]",,,,,,,,,,,"[{""x"":683,""y"":762,""t"":2},{""x"":723,""y"":748,""t"":51},{""x"":758,""y"":736,""t"":71},{""x"":771,""y"":742,""t"":105},{""x"":785,""y"":739,""t"":139},{""x"":794,""y"":743,""t"":172},{""x"":798,""y"":755,""t"":206},{""x"":803,""y"":755,""t"":241},{""x"":801,""y"":746,""t"":274},{""x"":839,""y"":747,""t"":319},{""x"":897,""y"":748,""t"":341},{""x"":864,""y"":747,""t"":379},{""x"":899,""y"":738,""t"":414}]","{""#container"":{""x"":266.42919921875,""y"":48.58407211303711,""width"":1099.9910888671875,""height"":849.9955444335938,""top"":48.58407211303711,""right"":1366.4202880859375,""bottom"":898.5796165466309,""left"":266.42919921875}}",red,6,TRUE,"[{""x"":250,""y"":425,""width"":80,""height"":80,""top"":385,""right"":290,""bottom"":465,""left"":210},{""x"":850,""y"":425,""width"":80,""height"":80,""top"":385,""right"":890,""bottom"":465,""left"":810}]"
,canvas-keyboard-response,94,151395,0.0-5.0-3.0-0.9,,,,,null,null,,,,,,,,,recognition,"[""4"",""4"",""6"",""6"",""5"",""5"",""4"",""6"",""5"",""4"",""5"",""5"",""6"",""4"",""5"",""6"",""6"",""4"",""4"",""4"",""6"",""5"",""5"",""6"",""5"",""4"",""6"",""5"",""5"",""4"",""6"",""4"",""6"",""4"",""6"",""5""]",500,1,,,,,,,
,canvas-keyboard-response,95,151506,0.0-5.0-3.0-1.9,,,,,null,null,,,,,,,,,recognition,"[""4"",""4"",""6"",""6"",""5"",""5"",""4"",""6"",""5"",""4"",""5"",""5"",""6"",""4"",""5"",""6"",""6"",""4"",""4"",""4"",""6"",""5"",""5"",""6"",""5"",""4"",""6"",""5"",""5"",""4"",""6"",""4"",""6"",""4"",""6"",""5""]",500,1,,,,,,,
,canvas-keyboard-response,96,152432,0.0-5.0-3.0-2.9,,,,,402,5,,,"[""circle"",""circle""]",,,,,,,,,,,"[{""x"":859,""y"":719,""t"":1},{""x"":805,""y"":725,""t"":47},{""x"":796,""y"":720,""t"":79},{""x"":766,""y"":735,""t"":111},{""x"":758,""y"":740,""t"":142},{""x"":763,""y"":749,""t"":172},{""x"":789,""y"":736,""t"":207},{""x"":763,""y"":737,""t"":240},{""x"":807,""y"":728,""t"":276},{""x"":783,""y"":722,""t"":311},{""x"":775,""y"":730,""t"":347}]","{""#container"":{""x"":266.42919921875,""y"":48.58407211303711,""width"":1099.9910888671875,""height"":849.9955444335938,""top"":48.58407211303711,""right"":1366.4202880859375,""bottom"":898.5796165466309,""left"":266.42919921875}}",green,5,TRUE,"[{""x"":250,""y"":425,""width"":80,""height"":80,""top"":385,""right"":290,""bottom"":465,""left"":210},{""x"":850,""y"":425,""width"":80,""height"":80,""top"":385,""right"":890,""bottom"":465,""left"":810}]"
,canvas-keyboard-response,97,153468,0.0-5.0-3.0-0.10,,,,,null,null,,,,,,,,,recognition,"[""4"",""4"",""6"",""6"",""5"",""5"",""4"",""6"",""5"",""4"",""5"",""5"",""6"",""4"",""5"",""6"",""6"",""4"",""4"",""4"",""6"",""5"",""5"",""6"",""5"",""4"",""6"",""5"",""5"",""4"",""6"",""4"",""6"",""4"",""6"",""5""]",500,1,,,,,,,
,canvas-keyboard-response,98,153582,0.0-5.0-3.0-1.10,,,,,null,null,,,,,,,,,recognition,"[""4"",""4"",""6"",""6"",""5"",""5"",""4"",""6"",""5"",""4"",""5"",""5"",""6"",""4"",""5"",""6"",""6"",""4"",""4"",""4"",""6"",""5"",""5"",""6"",""5"",""4"",""6"",""5"",""5"",""4"",""6"",""4"",""6"",""4"",""6"",""5""]",500,1,,,,,,,
,canvas-keyboard-response,99,154500,0.0-5.0-3.0-2.10,,,,,408,5,,,"[""circle"",""circle""]",,,,,,,,,,,"[{""x"":771,""y"":726,""t"":1},{""x"":774,""y"":733,""t"":56},{""x"":782,""y"":724,""t"":77},{""x"":761,""y"":728,""t"":109},{""x"":755,""y"":740,""t"":141},{""x"":785,""y"":743,""t"":173},{""x"":797,""y"":744,""t"":207},{""x"":816,""y"":748,""t"":242},{""x"":846,""y"":753,""t"":275},{""x"":829,""y"":764,""t"":312},{""x"":845,""y"":750,""t"":352}]","{""#container"":{""x"":266.42919921875,""y"":48.58407211303711,""width"":1099.9910888671875,""height"":849.9955444335938,""top"":48.58407211303711,""right"":1366.4202880859375,""bottom"":898.5796165466309,""left"":266.42919921875}}",blue,5,TRUE,"[{""x"":250,""y"":425,""width"":80,""height"":80,""top"":385,""right"":290,""bottom"":465,""left"":210},{""x"":850,""y"":425,""width"":80,""height"":80,""top"":385,""right"":890,""bottom"":465,""left"":810}]"
,canvas-keyboard-response,100,155515,0.0-5.0-3.0-0.11,,,,,null,null,,,,,,,,,recognition,"[""4"",""4"",""6"",""6"",""5"",""5"",""4"",""6"",""5"",""4"",""5"",""5"",""6"",""4"",""5"",""6"",""6"",""4"",""4"",""4"",""6"",""5"",""5"",""6"",""5"",""4"",""6"",""5"",""5"",""4"",""6"",""4"",""6"",""4"",""6"",""5""]",500,1,,,,,,,
,canvas-keyboard-response,101,155629,0.0-5.0-3.0-1.11,,,,,null,null,,,,,,,,,recognition,"[""4"",""4"",""6"",""6"",""5"",""5"",""4"",""6"",""5"",""4"",""5"",""5"",""6"",""4"",""5"",""6"",""6"",""4"",""4"",""4"",""6"",""5"",""5"",""6"",""5"",""4"",""6"",""5"",""5"",""4"",""6"",""4"",""6"",""4"",""6"",""5""]",500,1,,,,,,,
,canvas-keyboard-response,102,156581,0.0-5.0-3.0-2.11,,,,,429,4,,,"[""circle"",""circle""]",,,,,,,,,,,"[{""x"":880,""y"":732,""t"":2},{""x"":885,""y"":735,""t"":45},{""x"":860,""y"":756,""t"":79},{""x"":837,""y"":775,""t"":108},{""x"":846,""y"":785,""t"":141},{""x"":865,""y"":785,""t"":175},{""x"":864,""y"":770,""t"":209},{""x"":870,""y"":753,""t"":241},{""x"":876,""y"":768,""t"":275},{""x"":874,""y"":764,""t"":311},{""x"":858,""y"":748,""t"":350},{""x"":881,""y"":733,""t"":376}]","{""#container"":{""x"":266.42919921875,""y"":48.58407211303711,""width"":1099.9910888671875,""height"":849.9955444335938,""top"":48.58407211303711,""right"":1366.4202880859375,""bottom"":898.5796165466309,""left"":266.42919921875}}",green,4,TRUE,"[{""x"":250,""y"":425,""width"":80,""height"":80,""top"":385,""right"":290,""bottom"":465,""left"":210},{""x"":850,""y"":425,""width"":80,""height"":80,""top"":385,""right"":890,""bottom"":465,""left"":810}]"
,canvas-keyboard-response,103,157610,0.0-5.0-3.0-0.12,,,,,null,null,,,,,,,,,recognition,"[""4"",""4"",""6"",""6"",""5"",""5"",""4"",""6"",""5"",""4"",""5"",""5"",""6"",""4"",""5"",""6"",""6"",""4"",""4"",""4"",""6"",""5"",""5"",""6"",""5"",""4"",""6"",""5"",""5"",""4"",""6"",""4"",""6"",""4"",""6"",""5""]",500,1,,,,,,,
,canvas-keyboard-response,104,157719,0.0-5.0-3.0-1.12,,,,,null,null,,,,,,,,,recognition,"[""4"",""4"",""6"",""6"",""5"",""5"",""4"",""6"",""5"",""4"",""5"",""5"",""6"",""4"",""5"",""6"",""6"",""4"",""4"",""4"",""6"",""5"",""5"",""6"",""5"",""4"",""6"",""5"",""5"",""4"",""6"",""4"",""6"",""4"",""6"",""5""]",500,1,,,,,,,
,canvas-keyboard-response,105,158634,0.0-5.0-3.0-2.12,,,,,402,6,,,"[""circle"",""circle""]",,,,,,,,,,,"[{""x"":804,""y"":743,""t"":2},{""x"":835,""y"":724,""t"":54},{""x"":827,""y"":725,""t"":95},{""x"":836,""y"":731,""t"":124},{""x"":830,""y"":755,""t"":150},{""x"":834,""y"":761,""t"":183},{""x"":837,""y"":766,""t"":206},{""x"":797,""y"":751,""t"":240},{""x"":783,""y"":744,""t"":274},{""x"":767,""y"":755,""t"":309},{""x"":754,""y"":739,""t"":342}]","{""#container"":{""x"":266.42919921875,""y"":48.58407211303711,""width"":1099.9910888671875,""height"":849.9955444335938,""top"":48.58407211303711,""right"":1366.4202880859375,""bottom"":898.5796165466309,""left"":266.42919921875}}",blue,6,TRUE,"[{""x"":250,""y"":425,""width"":80,""height"":80,""top"":385,""right"":290,""bottom"":465,""left"":210},{""x"":850,""y"":425,""width"":80,""height"":80,""top"":385,""right"":890,""bottom"":465,""left"":810}]"
,canvas-keyboard-response,106,159652,0.0-5.0-3.0-0.13,,,,,null,null,,,,,,,,,recognition,"[""4"",""4"",""6"",""6"",""5"",""5"",""4"",""6"",""5"",""4"",""5"",""5"",""6"",""4"",""5"",""6"",""6"",""4"",""4"",""4"",""6"",""5"",""5"",""6"",""5"",""4"",""6"",""5"",""5"",""4"",""6"",""4"",""6"",""4"",""6"",""5""]",500,1,,,,,,,
,canvas-keyboard-response,107,159764,0.0-5.0-3.0-1.13,,,,,null,null,,,,,,,,,recognition,"[""4"",""4"",""6"",""6"",""5"",""5"",""4"",""6"",""5"",""4"",""5"",""5"",""6"",""4"",""5"",""6"",""6"",""4"",""4"",""4"",""6"",""5"",""5"",""6"",""5"",""4"",""6"",""5"",""5"",""4"",""6"",""4"",""6"",""4"",""6"",""5""]",500,1,,,,,,,
,canvas-keyboard-response,108,160740,0.0-5.0-3.0-2.13,,,,,457,4,,,"[""circle"",""circle""]",,,,,,,,,,,"[{""x"":783,""y"":713,""t"":1},{""x"":804,""y"":719,""t"":43},{""x"":832,""y"":715,""t"":78},{""x"":839,""y"":723,""t"":108},{""x"":850,""y"":733,""t"":144},{""x"":853,""y"":739,""t"":178},{""x"":842,""y"":739,""t"":213},{""x"":840,""y"":742,""t"":250},{""x"":802,""y"":753,""t"":276},{""x"":805,""y"":754,""t"":314},{""x"":775,""y"":745,""t"":352},{""x"":771,""y"":754,""t"":381},{""x"":781,""y"":751,""t"":416}]","{""#container"":{""x"":266.42919921875,""y"":48.58407211303711,""width"":1099.9910888671875,""height"":849.9955444335938,""top"":48.58407211303711,""right"":1366.4202880859375,""bottom"":898.5796165466309,""left"":266.42919921875}}",red,4,TRUE,"[{""x"":250,""y"":425,""width"":80,""height"":80,""top"":385,""right"":290,""bottom"":465,""left"":210},{""x"":850,""y"":425,""width"":80,""height"":80,""top"":385,""right"":890,""bottom"":465,""left"":810}]"
,canvas-keyboard-response,109,161777,0.0-5.0-3.0-0.14,,,,,null,null,,,,,,,,,recognition,"[""4"",""4"",""6"",""6"",""5"",""5"",""4"",""6"",""5"",""4"",""5"",""5"",""6"",""4"",""5"",""6"",""6"",""4"",""4"",""4"",""6"",""5"",""5"",""6"",""5"",""4"",""6"",""5"",""5"",""4"",""6"",""4"",""6"",""4"",""6"",""5""]",500,1,,,,,,,
,canvas-keyboard-response,110,161887,0.0-5.0-3.0-1.14,,,,,null,null,,,,,,,,,recognition,"[""4"",""4"",""6"",""6"",""5"",""5"",""4"",""6"",""5"",""4"",""5"",""5"",""6"",""4"",""5"",""6"",""6"",""4"",""4"",""4"",""6"",""5"",""5"",""6"",""5"",""4"",""6"",""5"",""5"",""4"",""6"",""4"",""6"",""4"",""6"",""5""]",500,1,,,,,,,
,canvas-keyboard-response,111,162938,0.0-5.0-3.0-2.14,,,,,514,6,,,"[""circle"",""circle""]",,,,,,,,,,,"[{""x"":779,""y"":754,""t"":65},{""x"":815,""y"":752,""t"":92},{""x"":847,""y"":751,""t"":123},{""x"":887,""y"":752,""t"":156},{""x"":911,""y"":754,""t"":173},{""x"":938,""y"":753,""t"":207},{""x"":905,""y"":758,""t"":240},{""x"":884,""y"":757,""t"":274},{""x"":837,""y"":754,""t"":308},{""x"":824,""y"":743,""t"":345},{""x"":807,""y"":745,""t"":380},{""x"":774,""y"":745,""t"":415},{""x"":759,""y"":743,""t"":450},{""x"":761,""y"":744,""t"":480}]","{""#container"":{""x"":266.42919921875,""y"":48.58407211303711,""width"":1099.9910888671875,""height"":849.9955444335938,""top"":48.58407211303711,""right"":1366.4202880859375,""bottom"":898.5796165466309,""left"":266.42919921875}}",red,6,TRUE,"[{""x"":250,""y"":425,""width"":80,""height"":80,""top"":385,""right"":290,""bottom"":465,""left"":210},{""x"":850,""y"":425,""width"":80,""height"":80,""top"":385,""right"":890,""bottom"":465,""left"":810}]"
,canvas-keyboard-response,112,163957,0.0-5.0-3.0-0.15,,,,,null,null,,,,,,,,,recognition,"[""4"",""4"",""6"",""6"",""5"",""5"",""4"",""6"",""5"",""4"",""5"",""5"",""6"",""4"",""5"",""6"",""6"",""4"",""4"",""4"",""6"",""5"",""5"",""6"",""5"",""4"",""6"",""5"",""5"",""4"",""6"",""4"",""6"",""4"",""6"",""5""]",500,1,,,,,,,
,canvas-keyboard-response,113,164066,0.0-5.0-3.0-1.15,,,,,null,null,,,,,,,,,recognition,"[""4"",""4"",""6"",""6"",""5"",""5"",""4"",""6"",""5"",""4"",""5"",""5"",""6"",""4"",""5"",""6"",""6"",""4"",""4"",""4"",""6"",""5"",""5"",""6"",""5"",""4"",""6"",""5"",""5"",""4"",""6"",""4"",""6"",""4"",""6"",""5""]",500,1,,,,,,,
,canvas-keyboard-response,114,164945,0.0-5.0-3.0-2.15,,,,,366,4,,,"[""circle"",""circle""]",,,,,,,,,,,"[{""x"":740,""y"":761,""t"":1},{""x"":723,""y"":766,""t"":46},{""x"":716,""y"":779,""t"":76},{""x"":723,""y"":770,""t"":104},{""x"":720,""y"":779,""t"":139},{""x"":725,""y"":782,""t"":175},{""x"":706,""y"":776,""t"":206},{""x"":704,""y"":782,""t"":242},{""x"":696,""y"":785,""t"":274},{""x"":693,""y"":771,""t"":309}]","{""#container"":{""x"":266.42919921875,""y"":48.58407211303711,""width"":1099.9910888671875,""height"":849.9955444335938,""top"":48.58407211303711,""right"":1366.4202880859375,""bottom"":898.5796165466309,""left"":266.42919921875}}",blue,4,TRUE,"[{""x"":250,""y"":425,""width"":80,""height"":80,""top"":385,""right"":290,""bottom"":465,""left"":210},{""x"":850,""y"":425,""width"":80,""height"":80,""top"":385,""right"":890,""bottom"":465,""left"":810}]"
,canvas-keyboard-response,115,165959,0.0-5.0-3.0-0.16,,,,,null,null,,,,,,,,,recognition,"[""4"",""4"",""6"",""6"",""5"",""5"",""4"",""6"",""5"",""4"",""5"",""5"",""6"",""4"",""5"",""6"",""6"",""4"",""4"",""4"",""6"",""5"",""5"",""6"",""5"",""4"",""6"",""5"",""5"",""4"",""6"",""4"",""6"",""4"",""6"",""5""]",500,1,,,,,,,
,canvas-keyboard-response,116,166078,0.0-5.0-3.0-1.16,,,,,null,null,,,,,,,,,recognition,"[""4"",""4"",""6"",""6"",""5"",""5"",""4"",""6"",""5"",""4"",""5"",""5"",""6"",""4"",""5"",""6"",""6"",""4"",""4"",""4"",""6"",""5"",""5"",""6"",""5"",""4"",""6"",""5"",""5"",""4"",""6"",""4"",""6"",""4"",""6"",""5""]",500,1,,,,,,,
,canvas-keyboard-response,117,166916,0.0-5.0-3.0-2.16,,,,,312,6,,,"[""circle"",""circle""]",,,,,,,,,,,"[{""x"":686,""y"":762,""t"":2},{""x"":716,""y"":772,""t"":55},{""x"":723,""y"":775,""t"":86},{""x"":753,""y"":765,""t"":122},{""x"":761,""y"":763,""t"":155},{""x"":749,""y"":767,""t"":183},{""x"":742,""y"":756,""t"":217},{""x"":743,""y"":741,""t"":240},{""x"":741,""y"":728,""t"":274}]","{""#container"":{""x"":266.42919921875,""y"":48.58407211303711,""width"":1099.9910888671875,""height"":849.9955444335938,""top"":48.58407211303711,""right"":1366.4202880859375,""bottom"":898.5796165466309,""left"":266.42919921875}}",green,6,TRUE,"[{""x"":250,""y"":425,""width"":80,""height"":80,""top"":385,""right"":290,""bottom"":465,""left"":210},{""x"":850,""y"":425,""width"":80,""height"":80,""top"":385,""right"":890,""bottom"":465,""left"":810}]"
,canvas-keyboard-response,118,167948,0.0-5.0-3.0-0.17,,,,,null,null,,,,,,,,,recognition,"[""4"",""4"",""6"",""6"",""5"",""5"",""4"",""6"",""5"",""4"",""5"",""5"",""6"",""4"",""5"",""6"",""6"",""4"",""4"",""4"",""6"",""5"",""5"",""6"",""5"",""4"",""6"",""5"",""5"",""4"",""6"",""4"",""6"",""4"",""6"",""5""]",500,1,,,,,,,
,canvas-keyboard-response,119,168062,0.0-5.0-3.0-1.17,,,,,null,null,,,,,,,,,recognition,"[""4"",""4"",""6"",""6"",""5"",""5"",""4"",""6"",""5"",""4"",""5"",""5"",""6"",""4"",""5"",""6"",""6"",""4"",""4"",""4"",""6"",""5"",""5"",""6"",""5"",""4"",""6"",""5"",""5"",""4"",""6"",""4"",""6"",""4"",""6"",""5""]",500,1,,,,,,,
,canvas-keyboard-response,120,169050,0.0-5.0-3.0-2.17,,,,,451,5,,,"[""circle"",""circle""]",,,,,,,,,,,"[{""x"":743,""y"":736,""t"":5},{""x"":788,""y"":734,""t"":58},{""x"":826,""y"":732,""t"":75},{""x"":789,""y"":729,""t"":114},{""x"":786,""y"":731,""t"":139},{""x"":789,""y"":726,""t"":174},{""x"":758,""y"":739,""t"":206},{""x"":764,""y"":733,""t"":240},{""x"":769,""y"":728,""t"":274},{""x"":755,""y"":741,""t"":309},{""x"":780,""y"":735,""t"":342},{""x"":748,""y"":751,""t"":380}]","{""#container"":{""x"":266.42919921875,""y"":48.58407211303711,""width"":1099.9910888671875,""height"":849.9955444335938,""top"":48.58407211303711,""right"":1366.4202880859375,""bottom"":898.5796165466309,""left"":266.42919921875}}",green,5,TRUE,"[{""x"":250,""y"":425,""width"":80,""height"":80,""top"":385,""right"":290,""bottom"":465,""left"":210},{""x"":850,""y"":425,""width"":80,""height"":80,""top"":385,""right"":890,""bottom"":465,""left"":810}]"
TRUE,fullscreen,121,169564,0.0-6.0,,,,,,,,,,,,,,,,,,,,,,,,,
,html-button-response,122,173011,0.0-7.0,,,,,3445,0,,,"
         <p>实验结束!</p>
         <p>点击下载数据。</p>
",,,,,,,,,,,,,,,,
