"success","trial_type","trial_index","time_elapsed","internal_node_id","timeout","failed_images","failed_audio","failed_video","rt","response","question_order","load_time","stimulus","raw_gaze","percent_in_roi","average_offset","validation_points","samples_per_sec","task","phase","ans","ISI","webgazer_data","webgazer_targets","size","target","response_answer","correct","webgazer_targets_data"
"true","fullscreen","0","6032","0.0-0.0","","","","","","","","","","","","","","","","","","","","","","","","",""
"true","preload","1","6039","0.0-1.0","false","[]","[]","[]","","","","","","","","","","","","","","","","","","","","",""
"","survey-text","2","10873","0.0-2.0-0.0","","","","","4832","{""name"":""罗晨曦"",""age"":""23""}","","","","","","","","","","","","","","","","","","",""
"","survey-multi-choice","3","18009","0.0-2.0-1.0","","","","","7134","{""sex"":""女""}","[0]","","","","","","","","","","","","","","","","","",""
"","webgazer-init-camera","4","28976","0.0-3.0","","","","","","","","2166","","","","","","","","","","","","","","","","",""
"","html-button-response","5","30632","0.0-4.0-0.0","","","","","1654","0","","","
        <p>现在，眼动追踪器将经过校准，将你眼睛的图像从网络摄像头转换到你屏幕上的某个位置。</p>
        <p>为此，需要单击一系列点。</p>
        <p>保持头不动，点击每一个出现的点。当点击它的时候，看着这个点。</p>
      ","","","","","","","","","","","","","","","",""
"","webgazer-calibrate","6","41716","0.0-4.0-1.0","","","","","","","","","","","","","","","","","","","","","","","","",""
"","html-button-response","7","42896","0.0-4.0-2.0","","","","","1179","0","","","
        <p>展示眼球追踪的准确性</p>
        <p>保持头不动，当每个点出现时，移动眼睛聚焦在它上面。</p>
        <p>不需要点击点。移动眼睛看这些点。</p>
      ","","","","","","","","","","","","","","","",""
"","webgazer-validate","8","62960","0.0-4.0-3.0","","","","","","","","","","[[{""x"":785,""y"":754,""dx"":298.5,""dy"":476.5,""t"":990},{""x"":833,""y"":849,""dx"":346.5,""dy"":571.5,""t"":1023},{""x"":820,""y"":842,""dx"":333.5,""dy"":564.5,""t"":1058},{""x"":783,""y"":819,""dx"":296.5,""dy"":541.5,""t"":1092},{""x"":768,""y"":768,""dx"":281.5,""dy"":490.5,""t"":1126},{""x"":767,""y"":742,""dx"":280.5,""dy"":464.5,""t"":1160},{""x"":726,""y"":714,""dx"":239.5,""dy"":436.5,""t"":1194},{""x"":664,""y"":672,""dx"":177.5,""dy"":394.5,""t"":1228},{""x"":606,""y"":618,""dx"":119.5,""dy"":340.5,""t"":1262},{""x"":563,""y"":599,""dx"":76.5,""dy"":321.5,""t"":1296},{""x"":535,""y"":532,""dx"":48.5,""dy"":254.5,""t"":1329},{""x"":489,""y"":515,""dx"":2.5,""dy"":237.5,""t"":1364},{""x"":472,""y"":479,""dx"":-14.5,""dy"":201.5,""t"":1398},{""x"":461,""y"":458,""dx"":-25.5,""dy"":180.5,""t"":1433},{""x"":453,""y"":427,""dx"":-33.5,""dy"":149.5,""t"":1466},{""x"":444,""y"":408,""dx"":-42.5,""dy"":130.5,""t"":1500},{""x"":439,""y"":401,""dx"":-47.5,""dy"":123.5,""t"":1533},{""x"":453,""y"":391,""dx"":-33.5,""dy"":113.5,""t"":1567},{""x"":438,""y"":392,""dx"":-48.5,""dy"":114.5,""t"":1602},{""x"":443,""y"":399,""dx"":-43.5,""dy"":121.5,""t"":1636},{""x"":431,""y"":410,""dx"":-55.5,""dy"":132.5,""t"":1669},{""x"":484,""y"":407,""dx"":-2.5,""dy"":129.5,""t"":1704},{""x"":470,""y"":413,""dx"":-16.5,""dy"":135.5,""t"":1737},{""x"":467,""y"":397,""dx"":-19.5,""dy"":119.5,""t"":1772},{""x"":475,""y"":380,""dx"":-11.5,""dy"":102.5,""t"":1806},{""x"":476,""y"":378,""dx"":-10.5,""dy"":100.5,""t"":1840},{""x"":464,""y"":395,""dx"":-22.5,""dy"":117.5,""t"":1874},{""x"":470,""y"":396,""dx"":-16.5,""dy"":118.5,""t"":1908},{""x"":475,""y"":386,""dx"":-11.5,""dy"":108.5,""t"":1942},{""x"":493,""y"":395,""dx"":6.5,""dy"":117.5,""t"":1975},{""x"":492,""y"":397,""dx"":5.5,""dy"":119.5,""t"":2010},{""x"":507,""y"":402,""dx"":20.5,""dy"":124.5,""t"":2044},{""x"":512,""y"":403,""dx"":25.5,""dy"":125.5,""t"":2078},{""x"":506,""y"":417,""dx"":19.5,""dy"":139.5,""t"":2112},{""x"":495,""y"":418,""dx"":8.5,""dy"":140.5,""t"":2145},{""x"":502,""y"":450,""dx"":15.5,""dy"":172.5,""t"":2180},{""x"":503,""y"":462,""dx"":16.5,""dy"":184.5,""t"":2214},{""x"":508,""y"":452,""dx"":21.5,""dy"":174.5,""t"":2248},{""x"":494,""y"":482,""dx"":7.5,""dy"":204.5,""t"":2281},{""x"":481,""y"":464,""dx"":-5.5,""dy"":186.5,""t"":2316},{""x"":464,""y"":498,""dx"":-22.5,""dy"":220.5,""t"":2350},{""x"":463,""y"":480,""dx"":-23.5,""dy"":202.5,""t"":2383},{""x"":466,""y"":473,""dx"":-20.5,""dy"":195.5,""t"":2419},{""x"":457,""y"":454,""dx"":-29.5,""dy"":176.5,""t"":2452},{""x"":437,""y"":428,""dx"":-49.5,""dy"":150.5,""t"":2486},{""x"":421,""y"":406,""dx"":-65.5,""dy"":128.5,""t"":2518},{""x"":405,""y"":401,""dx"":-81.5,""dy"":123.5,""t"":2554},{""x"":407,""y"":395,""dx"":-79.5,""dy"":117.5,""t"":2588},{""x"":415,""y"":394,""dx"":-71.5,""dy"":116.5,""t"":2622},{""x"":430,""y"":397,""dx"":-56.5,""dy"":119.5,""t"":2656},{""x"":464,""y"":396,""dx"":-22.5,""dy"":118.5,""t"":2691},{""x"":451,""y"":410,""dx"":-35.5,""dy"":132.5,""t"":2724},{""x"":451,""y"":415,""dx"":-35.5,""dy"":137.5,""t"":2758},{""x"":447,""y"":429,""dx"":-39.5,""dy"":151.5,""t"":2792},{""x"":441,""y"":433,""dx"":-45.5,""dy"":155.5,""t"":2826},{""x"":459,""y"":445,""dx"":-27.5,""dy"":167.5,""t"":2860},{""x"":447,""y"":436,""dx"":-39.5,""dy"":158.5,""t"":2895},{""x"":482,""y"":449,""dx"":-4.5,""dy"":171.5,""t"":2927},{""x"":469,""y"":443,""dx"":-17.5,""dy"":165.5,""t"":2962}],[{""x"":1447,""y"":313,""dx"":9.5,""dy"":35.5,""t"":4016},{""x"":1453,""y"":304,""dx"":15.5,""dy"":26.5,""t"":4051},{""x"":1457,""y"":288,""dx"":19.5,""dy"":10.5,""t"":4081},{""x"":1460,""y"":309,""dx"":22.5,""dy"":31.5,""t"":4118},{""x"":1453,""y"":308,""dx"":15.5,""dy"":30.5,""t"":4152},{""x"":1451,""y"":320,""dx"":13.5,""dy"":42.5,""t"":4186},{""x"":1427,""y"":329,""dx"":-10.5,""dy"":51.5,""t"":4220},{""x"":1429,""y"":349,""dx"":-8.5,""dy"":71.5,""t"":4254},{""x"":1436,""y"":344,""dx"":-1.5,""dy"":66.5,""t"":4287},{""x"":1443,""y"":338,""dx"":5.5,""dy"":60.5,""t"":4321},{""x"":1421,""y"":333,""dx"":-16.5,""dy"":55.5,""t"":4356},{""x"":1430,""y"":319,""dx"":-7.5,""dy"":41.5,""t"":4390},{""x"":1402,""y"":311,""dx"":-35.5,""dy"":33.5,""t"":4425},{""x"":1410,""y"":313,""dx"":-27.5,""dy"":35.5,""t"":4457},{""x"":1423,""y"":308,""dx"":-14.5,""dy"":30.5,""t"":4490},{""x"":1419,""y"":316,""dx"":-18.5,""dy"":38.5,""t"":4527},{""x"":1401,""y"":331,""dx"":-36.5,""dy"":53.5,""t"":4559},{""x"":1412,""y"":343,""dx"":-25.5,""dy"":65.5,""t"":4595},{""x"":1434,""y"":340,""dx"":-3.5,""dy"":62.5,""t"":4629},{""x"":1459,""y"":363,""dx"":21.5,""dy"":85.5,""t"":4662},{""x"":1454,""y"":368,""dx"":16.5,""dy"":90.5,""t"":4696},{""x"":1467,""y"":371,""dx"":29.5,""dy"":93.5,""t"":4730},{""x"":1470,""y"":359,""dx"":32.5,""dy"":81.5,""t"":4764},{""x"":1457,""y"":370,""dx"":19.5,""dy"":92.5,""t"":4798},{""x"":1452,""y"":394,""dx"":14.5,""dy"":116.5,""t"":4832},{""x"":1428,""y"":409,""dx"":-9.5,""dy"":131.5,""t"":4866},{""x"":1427,""y"":410,""dx"":-10.5,""dy"":132.5,""t"":4900},{""x"":1425,""y"":400,""dx"":-12.5,""dy"":122.5,""t"":4934},{""x"":1431,""y"":398,""dx"":-6.5,""dy"":120.5,""t"":4967},{""x"":1431,""y"":404,""dx"":-6.5,""dy"":126.5,""t"":5002},{""x"":1414,""y"":407,""dx"":-23.5,""dy"":129.5,""t"":5035},{""x"":1410,""y"":399,""dx"":-27.5,""dy"":121.5,""t"":5070},{""x"":1404,""y"":402,""dx"":-33.5,""dy"":124.5,""t"":5103},{""x"":1400,""y"":402,""dx"":-37.5,""dy"":124.5,""t"":5138},{""x"":1404,""y"":397,""dx"":-33.5,""dy"":119.5,""t"":5172},{""x"":1403,""y"":386,""dx"":-34.5,""dy"":108.5,""t"":5206},{""x"":1402,""y"":374,""dx"":-35.5,""dy"":96.5,""t"":5240},{""x"":1406,""y"":365,""dx"":-31.5,""dy"":87.5,""t"":5275},{""x"":1434,""y"":365,""dx"":-3.5,""dy"":87.5,""t"":5308},{""x"":1447,""y"":363,""dx"":9.5,""dy"":85.5,""t"":5342},{""x"":1453,""y"":365,""dx"":15.5,""dy"":87.5,""t"":5376},{""x"":1437,""y"":344,""dx"":-0.5,""dy"":66.5,""t"":5410},{""x"":1455,""y"":366,""dx"":17.5,""dy"":88.5,""t"":5444},{""x"":1426,""y"":356,""dx"":-11.5,""dy"":78.5,""t"":5478},{""x"":1449,""y"":388,""dx"":11.5,""dy"":110.5,""t"":5512},{""x"":1429,""y"":374,""dx"":-8.5,""dy"":96.5,""t"":5545},{""x"":1454,""y"":379,""dx"":16.5,""dy"":101.5,""t"":5580},{""x"":1465,""y"":359,""dx"":27.5,""dy"":81.5,""t"":5614},{""x"":1462,""y"":352,""dx"":24.5,""dy"":74.5,""t"":5648},{""x"":1469,""y"":340,""dx"":31.5,""dy"":62.5,""t"":5682},{""x"":1471,""y"":327,""dx"":33.5,""dy"":49.5,""t"":5716},{""x"":1467,""y"":320,""dx"":29.5,""dy"":42.5,""t"":5750},{""x"":1493,""y"":358,""dx"":55.5,""dy"":80.5,""t"":5784},{""x"":1524,""y"":378,""dx"":86.5,""dy"":100.5,""t"":5818},{""x"":1559,""y"":385,""dx"":121.5,""dy"":107.5,""t"":5852},{""x"":1550,""y"":373,""dx"":112.5,""dy"":95.5,""t"":5885},{""x"":1542,""y"":375,""dx"":104.5,""dy"":97.5,""t"":5920},{""x"":1517,""y"":382,""dx"":79.5,""dy"":104.5,""t"":5955},{""x"":1522,""y"":389,""dx"":84.5,""dy"":111.5,""t"":5988}],[{""x"":899,""y"":754,""dx"":-63,""dy"":210,""t"":7008},{""x"":940,""y"":746,""dx"":-22,""dy"":202,""t"":7042},{""x"":949,""y"":760,""dx"":-13,""dy"":216,""t"":7076},{""x"":958,""y"":758,""dx"":-4,""dy"":214,""t"":7110},{""x"":970,""y"":745,""dx"":8,""dy"":201,""t"":7143},{""x"":994,""y"":742,""dx"":32,""dy"":198,""t"":7178},{""x"":1016,""y"":739,""dx"":54,""dy"":195,""t"":7212},{""x"":1028,""y"":738,""dx"":66,""dy"":194,""t"":7246},{""x"":1033,""y"":736,""dx"":71,""dy"":192,""t"":7280},{""x"":1041,""y"":741,""dx"":79,""dy"":197,""t"":7314},{""x"":1048,""y"":745,""dx"":86,""dy"":201,""t"":7348},{""x"":1026,""y"":722,""dx"":64,""dy"":178,""t"":7381},{""x"":1030,""y"":724,""dx"":68,""dy"":180,""t"":7416},{""x"":1020,""y"":729,""dx"":58,""dy"":185,""t"":7450},{""x"":1022,""y"":742,""dx"":60,""dy"":198,""t"":7484},{""x"":1030,""y"":747,""dx"":68,""dy"":203,""t"":7517},{""x"":1007,""y"":740,""dx"":45,""dy"":196,""t"":7551},{""x"":1001,""y"":739,""dx"":39,""dy"":195,""t"":7586},{""x"":1015,""y"":737,""dx"":53,""dy"":193,""t"":7620},{""x"":999,""y"":728,""dx"":37,""dy"":184,""t"":7652},{""x"":987,""y"":747,""dx"":25,""dy"":203,""t"":7688},{""x"":1014,""y"":749,""dx"":52,""dy"":205,""t"":7734},{""x"":1044,""y"":852,""dx"":82,""dy"":308,""t"":7774},{""x"":1052,""y"":915,""dx"":90,""dy"":371,""t"":7787},{""x"":1100,""y"":991,""dx"":138,""dy"":447,""t"":7824},{""x"":1094,""y"":1010,""dx"":132,""dy"":466,""t"":7857},{""x"":1088,""y"":1023,""dx"":126,""dy"":479,""t"":7892},{""x"":1084,""y"":1006,""dx"":122,""dy"":462,""t"":7926},{""x"":1091,""y"":983,""dx"":129,""dy"":439,""t"":7960},{""x"":1102,""y"":968,""dx"":140,""dy"":424,""t"":7994},{""x"":1103,""y"":917,""dx"":141,""dy"":373,""t"":8028},{""x"":1102,""y"":873,""dx"":140,""dy"":329,""t"":8060},{""x"":1076,""y"":848,""dx"":114,""dy"":304,""t"":8096},{""x"":1046,""y"":814,""dx"":84,""dy"":270,""t"":8131},{""x"":1018,""y"":795,""dx"":56,""dy"":251,""t"":8165},{""x"":994,""y"":787,""dx"":32,""dy"":243,""t"":8199},{""x"":966,""y"":776,""dx"":4,""dy"":232,""t"":8232},{""x"":968,""y"":768,""dx"":6,""dy"":224,""t"":8266},{""x"":950,""y"":750,""dx"":-12,""dy"":206,""t"":8300},{""x"":920,""y"":755,""dx"":-42,""dy"":211,""t"":8334},{""x"":930,""y"":743,""dx"":-32,""dy"":199,""t"":8367},{""x"":917,""y"":735,""dx"":-45,""dy"":191,""t"":8401},{""x"":908,""y"":745,""dx"":-54,""dy"":201,""t"":8436},{""x"":924,""y"":745,""dx"":-38,""dy"":201,""t"":8470},{""x"":937,""y"":748,""dx"":-25,""dy"":204,""t"":8504},{""x"":916,""y"":753,""dx"":-46,""dy"":209,""t"":8538},{""x"":903,""y"":758,""dx"":-59,""dy"":214,""t"":8572},{""x"":915,""y"":753,""dx"":-47,""dy"":209,""t"":8605},{""x"":919,""y"":746,""dx"":-43,""dy"":202,""t"":8640},{""x"":943,""y"":756,""dx"":-19,""dy"":212,""t"":8674},{""x"":937,""y"":757,""dx"":-25,""dy"":213,""t"":8709},{""x"":899,""y"":745,""dx"":-63,""dy"":201,""t"":8742},{""x"":920,""y"":756,""dx"":-42,""dy"":212,""t"":8776},{""x"":913,""y"":752,""dx"":-49,""dy"":208,""t"":8810},{""x"":919,""y"":764,""dx"":-43,""dy"":220,""t"":8844},{""x"":961,""y"":744,""dx"":-1,""dy"":200,""t"":8878},{""x"":961,""y"":761,""dx"":-1,""dy"":217,""t"":8913},{""x"":929,""y"":749,""dx"":-33,""dy"":205,""t"":8946},{""x"":942,""y"":781,""dx"":-20,""dy"":237,""t"":8980},{""x"":936,""y"":793,""dx"":-26,""dy"":249,""t"":9014}],[{""x"":669,""y"":821,""dx"":182.5,""dy"":10.5,""t"":10033},{""x"":679,""y"":820,""dx"":192.5,""dy"":9.5,""t"":10068},{""x"":681,""y"":826,""dx"":194.5,""dy"":15.5,""t"":10102},{""x"":691,""y"":820,""dx"":204.5,""dy"":9.5,""t"":10136},{""x"":671,""y"":810,""dx"":184.5,""dy"":-0.5,""t"":10170},{""x"":676,""y"":807,""dx"":189.5,""dy"":-3.5,""t"":10204},{""x"":671,""y"":814,""dx"":184.5,""dy"":3.5,""t"":10238},{""x"":666,""y"":808,""dx"":179.5,""dy"":-2.5,""t"":10272},{""x"":661,""y"":811,""dx"":174.5,""dy"":0.5,""t"":10306},{""x"":677,""y"":826,""dx"":190.5,""dy"":15.5,""t"":10341},{""x"":688,""y"":829,""dx"":201.5,""dy"":18.5,""t"":10374},{""x"":683,""y"":823,""dx"":196.5,""dy"":12.5,""t"":10408},{""x"":685,""y"":830,""dx"":198.5,""dy"":19.5,""t"":10442},{""x"":638,""y"":807,""dx"":151.5,""dy"":-3.5,""t"":10476},{""x"":654,""y"":809,""dx"":167.5,""dy"":-1.5,""t"":10510},{""x"":642,""y"":798,""dx"":155.5,""dy"":-12.5,""t"":10544},{""x"":632,""y"":792,""dx"":145.5,""dy"":-18.5,""t"":10577},{""x"":636,""y"":800,""dx"":149.5,""dy"":-10.5,""t"":10613},{""x"":642,""y"":803,""dx"":155.5,""dy"":-7.5,""t"":10646},{""x"":650,""y"":802,""dx"":163.5,""dy"":-8.5,""t"":10680},{""x"":661,""y"":803,""dx"":174.5,""dy"":-7.5,""t"":10714},{""x"":641,""y"":789,""dx"":154.5,""dy"":-21.5,""t"":10747},{""x"":637,""y"":778,""dx"":150.5,""dy"":-32.5,""t"":10782},{""x"":627,""y"":774,""dx"":140.5,""dy"":-36.5,""t"":10817},{""x"":631,""y"":780,""dx"":144.5,""dy"":-30.5,""t"":10850},{""x"":624,""y"":774,""dx"":137.5,""dy"":-36.5,""t"":10883},{""x"":653,""y"":777,""dx"":166.5,""dy"":-33.5,""t"":10918},{""x"":653,""y"":789,""dx"":166.5,""dy"":-21.5,""t"":10952},{""x"":669,""y"":799,""dx"":182.5,""dy"":-11.5,""t"":10986},{""x"":725,""y"":863,""dx"":238.5,""dy"":52.5,""t"":11020},{""x"":901,""y"":948,""dx"":414.5,""dy"":137.5,""t"":11054},{""x"":1001,""y"":1005,""dx"":514.5,""dy"":194.5,""t"":11088},{""x"":1038,""y"":1054,""dx"":551.5,""dy"":243.5,""t"":11123},{""x"":1047,""y"":1065,""dx"":560.5,""dy"":254.5,""t"":11156},{""x"":1012,""y"":1065,""dx"":525.5,""dy"":254.5,""t"":11190},{""x"":995,""y"":1066,""dx"":508.5,""dy"":255.5,""t"":11222},{""x"":956,""y"":1057,""dx"":469.5,""dy"":246.5,""t"":11258},{""x"":897,""y"":1029,""dx"":410.5,""dy"":218.5,""t"":11292},{""x"":837,""y"":990,""dx"":350.5,""dy"":179.5,""t"":11326},{""x"":836,""y"":975,""dx"":349.5,""dy"":164.5,""t"":11360},{""x"":779,""y"":940,""dx"":292.5,""dy"":129.5,""t"":11394},{""x"":758,""y"":910,""dx"":271.5,""dy"":99.5,""t"":11428},{""x"":735,""y"":894,""dx"":248.5,""dy"":83.5,""t"":11461},{""x"":689,""y"":865,""dx"":202.5,""dy"":54.5,""t"":11497},{""x"":662,""y"":846,""dx"":175.5,""dy"":35.5,""t"":11530},{""x"":657,""y"":835,""dx"":170.5,""dy"":24.5,""t"":11564},{""x"":635,""y"":808,""dx"":148.5,""dy"":-2.5,""t"":11598},{""x"":668,""y"":815,""dx"":181.5,""dy"":4.5,""t"":11631},{""x"":646,""y"":803,""dx"":159.5,""dy"":-7.5,""t"":11667},{""x"":666,""y"":810,""dx"":179.5,""dy"":-0.5,""t"":11700},{""x"":652,""y"":791,""dx"":165.5,""dy"":-19.5,""t"":11734},{""x"":660,""y"":785,""dx"":173.5,""dy"":-25.5,""t"":11767},{""x"":650,""y"":782,""dx"":163.5,""dy"":-28.5,""t"":11802},{""x"":639,""y"":770,""dx"":152.5,""dy"":-40.5,""t"":11836},{""x"":638,""y"":772,""dx"":151.5,""dy"":-38.5,""t"":11870},{""x"":628,""y"":772,""dx"":141.5,""dy"":-38.5,""t"":11904},{""x"":634,""y"":778,""dx"":147.5,""dy"":-32.5,""t"":11938},{""x"":645,""y"":789,""dx"":158.5,""dy"":-21.5,""t"":11972},{""x"":651,""y"":798,""dx"":164.5,""dy"":-12.5,""t"":12006}],[{""x"":1418,""y"":795,""dx"":-19.5,""dy"":-15.5,""t"":13027},{""x"":1403,""y"":805,""dx"":-34.5,""dy"":-5.5,""t"":13060},{""x"":1390,""y"":810,""dx"":-47.5,""dy"":-0.5,""t"":13094},{""x"":1363,""y"":818,""dx"":-74.5,""dy"":7.5,""t"":13128},{""x"":1344,""y"":821,""dx"":-93.5,""dy"":10.5,""t"":13163},{""x"":1346,""y"":819,""dx"":-91.5,""dy"":8.5,""t"":13196},{""x"":1349,""y"":796,""dx"":-88.5,""dy"":-14.5,""t"":13227},{""x"":1345,""y"":798,""dx"":-92.5,""dy"":-12.5,""t"":13263},{""x"":1347,""y"":799,""dx"":-90.5,""dy"":-11.5,""t"":13298},{""x"":1355,""y"":781,""dx"":-82.5,""dy"":-29.5,""t"":13332},{""x"":1342,""y"":784,""dx"":-95.5,""dy"":-26.5,""t"":13366},{""x"":1318,""y"":797,""dx"":-119.5,""dy"":-13.5,""t"":13400},{""x"":1304,""y"":798,""dx"":-133.5,""dy"":-12.5,""t"":13434},{""x"":1292,""y"":805,""dx"":-145.5,""dy"":-5.5,""t"":13468},{""x"":1328,""y"":800,""dx"":-109.5,""dy"":-10.5,""t"":13502},{""x"":1356,""y"":795,""dx"":-81.5,""dy"":-15.5,""t"":13537},{""x"":1379,""y"":779,""dx"":-58.5,""dy"":-31.5,""t"":13570},{""x"":1394,""y"":766,""dx"":-43.5,""dy"":-44.5,""t"":13604},{""x"":1399,""y"":753,""dx"":-38.5,""dy"":-57.5,""t"":13637},{""x"":1420,""y"":746,""dx"":-17.5,""dy"":-64.5,""t"":13672},{""x"":1412,""y"":734,""dx"":-25.5,""dy"":-76.5,""t"":13706},{""x"":1408,""y"":727,""dx"":-29.5,""dy"":-83.5,""t"":13739},{""x"":1396,""y"":719,""dx"":-41.5,""dy"":-91.5,""t"":13773},{""x"":1380,""y"":747,""dx"":-57.5,""dy"":-63.5,""t"":13808},{""x"":1397,""y"":748,""dx"":-40.5,""dy"":-62.5,""t"":13842},{""x"":1403,""y"":747,""dx"":-34.5,""dy"":-63.5,""t"":13876},{""x"":1418,""y"":746,""dx"":-19.5,""dy"":-64.5,""t"":13910},{""x"":1425,""y"":762,""dx"":-12.5,""dy"":-48.5,""t"":13944},{""x"":1434,""y"":771,""dx"":-3.5,""dy"":-39.5,""t"":13978},{""x"":1440,""y"":776,""dx"":2.5,""dy"":-34.5,""t"":14011},{""x"":1438,""y"":781,""dx"":0.5,""dy"":-29.5,""t"":14046},{""x"":1436,""y"":785,""dx"":-1.5,""dy"":-25.5,""t"":14080},{""x"":1434,""y"":788,""dx"":-3.5,""dy"":-22.5,""t"":14115},{""x"":1423,""y"":793,""dx"":-14.5,""dy"":-17.5,""t"":14149},{""x"":1418,""y"":802,""dx"":-19.5,""dy"":-8.5,""t"":14182},{""x"":1421,""y"":807,""dx"":-16.5,""dy"":-3.5,""t"":14216},{""x"":1425,""y"":803,""dx"":-12.5,""dy"":-7.5,""t"":14250},{""x"":1403,""y"":810,""dx"":-34.5,""dy"":-0.5,""t"":14284},{""x"":1390,""y"":821,""dx"":-47.5,""dy"":10.5,""t"":14317},{""x"":1384,""y"":817,""dx"":-53.5,""dy"":6.5,""t"":14351},{""x"":1380,""y"":813,""dx"":-57.5,""dy"":2.5,""t"":14384},{""x"":1367,""y"":816,""dx"":-70.5,""dy"":5.5,""t"":14420},{""x"":1357,""y"":816,""dx"":-80.5,""dy"":5.5,""t"":14454},{""x"":1358,""y"":812,""dx"":-79.5,""dy"":1.5,""t"":14488},{""x"":1359,""y"":823,""dx"":-78.5,""dy"":12.5,""t"":14523},{""x"":1348,""y"":825,""dx"":-89.5,""dy"":14.5,""t"":14556},{""x"":1350,""y"":811,""dx"":-87.5,""dy"":0.5,""t"":14590},{""x"":1362,""y"":803,""dx"":-75.5,""dy"":-7.5,""t"":14624},{""x"":1354,""y"":813,""dx"":-83.5,""dy"":2.5,""t"":14658},{""x"":1352,""y"":827,""dx"":-85.5,""dy"":16.5,""t"":14692},{""x"":1360,""y"":818,""dx"":-77.5,""dy"":7.5,""t"":14726},{""x"":1353,""y"":829,""dx"":-84.5,""dy"":18.5,""t"":14759},{""x"":1346,""y"":841,""dx"":-91.5,""dy"":30.5,""t"":14792},{""x"":1341,""y"":846,""dx"":-96.5,""dy"":35.5,""t"":14828},{""x"":1351,""y"":825,""dx"":-86.5,""dy"":14.5,""t"":14862},{""x"":1333,""y"":841,""dx"":-104.5,""dy"":30.5,""t"":14895},{""x"":1309,""y"":851,""dx"":-128.5,""dy"":40.5,""t"":14930},{""x"":1323,""y"":838,""dx"":-114.5,""dy"":27.5,""t"":14964},{""x"":1342,""y"":833,""dx"":-95.5,""dy"":22.5,""t"":14999},{""x"":1357,""y"":828,""dx"":-80.5,""dy"":17.5,""t"":15031}]]","[72.88135593220339,100,10,71.1864406779661,100]","[{""x"":24.059322033898304,""y"":201.5677966101695,""r"":89.54827585556517},{""x"":9.567796610169491,""y"":80.66949152542372,""r"":42.94931307074732},{""x"":27.233333333333334,""y"":243.05,""r"":101.88544346751132},{""x"":225.78813559322035,""y"":36.940677966101696,""r"":83.1588591988712},{""x"":-62.85,""y"":-12.866666666666667,""r"":60.25614789546607}]","[[25,25],[75,25],[50,50],[25,75],[75,75]]","29.41","validate","","","","","","","","","",""
"","html-button-response","9","63656","0.0-4.0-4.0-0.0-0.0","","","","","695","0","","","
          <p>校准的精度较低。</p>
          <p>请重新校准.</p>
          <p>在下一个屏幕上，注视圆点并单击它们。<p>
        ","","","","","","","recalibration","","","","","","","","",""
"","webgazer-calibrate","10","73069","0.0-4.0-4.0-0.0-1.0","","","","","","","","","","","","","","","","recalibration","","","","","","","","",""
"","html-button-response","11","73776","0.0-4.0-4.0-0.0-2.0","","","","","706","0","","","
        <p>展示眼球追踪的准确性</p>
        <p>保持头不动，当每个点出现时，移动眼睛聚焦在它上面。</p>
        <p>不需要点击点。移动眼睛看这些点。</p>
      ","","","","","","","recalibration","","","","","","","","",""
"","webgazer-validate","12","92368","0.0-4.0-4.0-0.0-3.0","","","","","","","","","","[[{""x"":442,""y"":295,""dx"":-44.5,""dy"":17.5,""t"":990},{""x"":428,""y"":292,""dx"":-58.5,""dy"":14.5,""t"":1023},{""x"":428,""y"":313,""dx"":-58.5,""dy"":35.5,""t"":1060},{""x"":443,""y"":308,""dx"":-43.5,""dy"":30.5,""t"":1092},{""x"":458,""y"":319,""dx"":-28.5,""dy"":41.5,""t"":1126},{""x"":487,""y"":284,""dx"":0.5,""dy"":6.5,""t"":1160},{""x"":485,""y"":273,""dx"":-1.5,""dy"":-4.5,""t"":1194},{""x"":483,""y"":253,""dx"":-3.5,""dy"":-24.5,""t"":1227},{""x"":497,""y"":256,""dx"":10.5,""dy"":-21.5,""t"":1262},{""x"":503,""y"":254,""dx"":16.5,""dy"":-23.5,""t"":1296},{""x"":503,""y"":229,""dx"":16.5,""dy"":-48.5,""t"":1330},{""x"":489,""y"":230,""dx"":2.5,""dy"":-47.5,""t"":1363},{""x"":503,""y"":211,""dx"":16.5,""dy"":-66.5,""t"":1398},{""x"":488,""y"":242,""dx"":1.5,""dy"":-35.5,""t"":1432},{""x"":478,""y"":248,""dx"":-8.5,""dy"":-29.5,""t"":1466},{""x"":474,""y"":258,""dx"":-12.5,""dy"":-19.5,""t"":1499},{""x"":472,""y"":262,""dx"":-14.5,""dy"":-15.5,""t"":1533},{""x"":496,""y"":251,""dx"":9.5,""dy"":-26.5,""t"":1568},{""x"":495,""y"":252,""dx"":8.5,""dy"":-25.5,""t"":1602},{""x"":497,""y"":244,""dx"":10.5,""dy"":-33.5,""t"":1635},{""x"":467,""y"":249,""dx"":-19.5,""dy"":-28.5,""t"":1670},{""x"":450,""y"":251,""dx"":-36.5,""dy"":-26.5,""t"":1704},{""x"":483,""y"":309,""dx"":-3.5,""dy"":31.5,""t"":1738},{""x"":569,""y"":493,""dx"":82.5,""dy"":215.5,""t"":1771},{""x"":672,""y"":620,""dx"":185.5,""dy"":342.5,""t"":1806},{""x"":713,""y"":735,""dx"":226.5,""dy"":457.5,""t"":1840},{""x"":748,""y"":793,""dx"":261.5,""dy"":515.5,""t"":1873},{""x"":738,""y"":794,""dx"":251.5,""dy"":516.5,""t"":1908},{""x"":695,""y"":769,""dx"":208.5,""dy"":491.5,""t"":1942},{""x"":650,""y"":719,""dx"":163.5,""dy"":441.5,""t"":1975},{""x"":622,""y"":649,""dx"":135.5,""dy"":371.5,""t"":2010},{""x"":585,""y"":556,""dx"":98.5,""dy"":278.5,""t"":2044},{""x"":571,""y"":471,""dx"":84.5,""dy"":193.5,""t"":2078},{""x"":537,""y"":402,""dx"":50.5,""dy"":124.5,""t"":2112},{""x"":513,""y"":323,""dx"":26.5,""dy"":45.5,""t"":2145},{""x"":490,""y"":287,""dx"":3.5,""dy"":9.5,""t"":2180},{""x"":453,""y"":254,""dx"":-33.5,""dy"":-23.5,""t"":2214},{""x"":444,""y"":238,""dx"":-42.5,""dy"":-39.5,""t"":2248},{""x"":455,""y"":272,""dx"":-31.5,""dy"":-5.5,""t"":2281},{""x"":452,""y"":253,""dx"":-34.5,""dy"":-24.5,""t"":2316},{""x"":444,""y"":208,""dx"":-42.5,""dy"":-69.5,""t"":2350},{""x"":442,""y"":224,""dx"":-44.5,""dy"":-53.5,""t"":2384},{""x"":415,""y"":230,""dx"":-71.5,""dy"":-47.5,""t"":2418},{""x"":434,""y"":243,""dx"":-52.5,""dy"":-34.5,""t"":2454},{""x"":464,""y"":256,""dx"":-22.5,""dy"":-21.5,""t"":2486},{""x"":491,""y"":269,""dx"":4.5,""dy"":-8.5,""t"":2518},{""x"":473,""y"":291,""dx"":-13.5,""dy"":13.5,""t"":2554},{""x"":476,""y"":280,""dx"":-10.5,""dy"":2.5,""t"":2587},{""x"":478,""y"":286,""dx"":-8.5,""dy"":8.5,""t"":2622},{""x"":481,""y"":271,""dx"":-5.5,""dy"":-6.5,""t"":2656},{""x"":485,""y"":300,""dx"":-1.5,""dy"":22.5,""t"":2690},{""x"":500,""y"":309,""dx"":13.5,""dy"":31.5,""t"":2724},{""x"":464,""y"":333,""dx"":-22.5,""dy"":55.5,""t"":2758},{""x"":446,""y"":346,""dx"":-40.5,""dy"":68.5,""t"":2792},{""x"":432,""y"":364,""dx"":-54.5,""dy"":86.5,""t"":2826},{""x"":424,""y"":366,""dx"":-62.5,""dy"":88.5,""t"":2860},{""x"":464,""y"":360,""dx"":-22.5,""dy"":82.5,""t"":2893},{""x"":475,""y"":348,""dx"":-11.5,""dy"":70.5,""t"":2928},{""x"":492,""y"":345,""dx"":5.5,""dy"":67.5,""t"":2961},{""x"":475,""y"":345,""dx"":-11.5,""dy"":67.5,""t"":2996}],[{""x"":1512,""y"":138,""dx"":74.5,""dy"":-139.5,""t"":4016},{""x"":1479,""y"":127,""dx"":41.5,""dy"":-150.5,""t"":4049},{""x"":1481,""y"":138,""dx"":43.5,""dy"":-139.5,""t"":4084},{""x"":1490,""y"":140,""dx"":52.5,""dy"":-137.5,""t"":4115},{""x"":1484,""y"":136,""dx"":46.5,""dy"":-141.5,""t"":4152},{""x"":1485,""y"":154,""dx"":47.5,""dy"":-123.5,""t"":4185},{""x"":1483,""y"":165,""dx"":45.5,""dy"":-112.5,""t"":4221},{""x"":1488,""y"":161,""dx"":50.5,""dy"":-116.5,""t"":4254},{""x"":1462,""y"":172,""dx"":24.5,""dy"":-105.5,""t"":4287},{""x"":1457,""y"":191,""dx"":19.5,""dy"":-86.5,""t"":4321},{""x"":1469,""y"":226,""dx"":31.5,""dy"":-51.5,""t"":4392},{""x"":1474,""y"":238,""dx"":36.5,""dy"":-39.5,""t"":4423},{""x"":1486,""y"":245,""dx"":48.5,""dy"":-32.5,""t"":4458},{""x"":1500,""y"":247,""dx"":62.5,""dy"":-30.5,""t"":4492},{""x"":1511,""y"":248,""dx"":73.5,""dy"":-29.5,""t"":4523},{""x"":1502,""y"":271,""dx"":64.5,""dy"":-6.5,""t"":4559},{""x"":1489,""y"":283,""dx"":51.5,""dy"":5.5,""t"":4594},{""x"":1484,""y"":285,""dx"":46.5,""dy"":7.5,""t"":4628},{""x"":1473,""y"":245,""dx"":35.5,""dy"":-32.5,""t"":4662},{""x"":1468,""y"":236,""dx"":30.5,""dy"":-41.5,""t"":4696},{""x"":1449,""y"":251,""dx"":11.5,""dy"":-26.5,""t"":4729},{""x"":1444,""y"":243,""dx"":6.5,""dy"":-34.5,""t"":4764},{""x"":1429,""y"":243,""dx"":-8.5,""dy"":-34.5,""t"":4798},{""x"":1430,""y"":256,""dx"":-7.5,""dy"":-21.5,""t"":4832},{""x"":1411,""y"":252,""dx"":-26.5,""dy"":-25.5,""t"":4866},{""x"":1416,""y"":223,""dx"":-21.5,""dy"":-54.5,""t"":4900},{""x"":1417,""y"":221,""dx"":-20.5,""dy"":-56.5,""t"":4933},{""x"":1436,""y"":211,""dx"":-1.5,""dy"":-66.5,""t"":4969},{""x"":1452,""y"":222,""dx"":14.5,""dy"":-55.5,""t"":5002},{""x"":1421,""y"":202,""dx"":-16.5,""dy"":-75.5,""t"":5035},{""x"":1416,""y"":194,""dx"":-21.5,""dy"":-83.5,""t"":5070},{""x"":1429,""y"":200,""dx"":-8.5,""dy"":-77.5,""t"":5105},{""x"":1399,""y"":197,""dx"":-38.5,""dy"":-80.5,""t"":5137},{""x"":1372,""y"":193,""dx"":-65.5,""dy"":-84.5,""t"":5171},{""x"":1375,""y"":200,""dx"":-62.5,""dy"":-77.5,""t"":5207},{""x"":1380,""y"":202,""dx"":-57.5,""dy"":-75.5,""t"":5241},{""x"":1377,""y"":194,""dx"":-60.5,""dy"":-83.5,""t"":5273},{""x"":1369,""y"":186,""dx"":-68.5,""dy"":-91.5,""t"":5308},{""x"":1368,""y"":172,""dx"":-69.5,""dy"":-105.5,""t"":5341},{""x"":1370,""y"":160,""dx"":-67.5,""dy"":-117.5,""t"":5376},{""x"":1381,""y"":194,""dx"":-56.5,""dy"":-83.5,""t"":5410},{""x"":1384,""y"":218,""dx"":-53.5,""dy"":-59.5,""t"":5444},{""x"":1396,""y"":243,""dx"":-41.5,""dy"":-34.5,""t"":5478},{""x"":1405,""y"":257,""dx"":-32.5,""dy"":-20.5,""t"":5512},{""x"":1399,""y"":273,""dx"":-38.5,""dy"":-4.5,""t"":5545},{""x"":1433,""y"":230,""dx"":-4.5,""dy"":-47.5,""t"":5580},{""x"":1444,""y"":277,""dx"":6.5,""dy"":-0.5,""t"":5614},{""x"":1448,""y"":268,""dx"":10.5,""dy"":-9.5,""t"":5647},{""x"":1444,""y"":239,""dx"":6.5,""dy"":-38.5,""t"":5682},{""x"":1439,""y"":213,""dx"":1.5,""dy"":-64.5,""t"":5714},{""x"":1438,""y"":224,""dx"":0.5,""dy"":-53.5,""t"":5750},{""x"":1416,""y"":226,""dx"":-21.5,""dy"":-51.5,""t"":5783},{""x"":1403,""y"":212,""dx"":-34.5,""dy"":-65.5,""t"":5818},{""x"":1394,""y"":213,""dx"":-43.5,""dy"":-64.5,""t"":5852},{""x"":1389,""y"":213,""dx"":-48.5,""dy"":-64.5,""t"":5886},{""x"":1388,""y"":208,""dx"":-49.5,""dy"":-69.5,""t"":5920},{""x"":1384,""y"":229,""dx"":-53.5,""dy"":-48.5,""t"":5954},{""x"":1392,""y"":225,""dx"":-45.5,""dy"":-52.5,""t"":5988}],[{""x"":964,""y"":559,""dx"":2,""dy"":15,""t"":7042},{""x"":971,""y"":565,""dx"":9,""dy"":21,""t"":7076},{""x"":980,""y"":538,""dx"":18,""dy"":-6,""t"":7110},{""x"":985,""y"":546,""dx"":23,""dy"":2,""t"":7144},{""x"":992,""y"":534,""dx"":30,""dy"":-10,""t"":7177},{""x"":973,""y"":564,""dx"":11,""dy"":20,""t"":7212},{""x"":970,""y"":571,""dx"":8,""dy"":27,""t"":7246},{""x"":958,""y"":571,""dx"":-4,""dy"":27,""t"":7279},{""x"":959,""y"":590,""dx"":-3,""dy"":46,""t"":7314},{""x"":982,""y"":580,""dx"":20,""dy"":36,""t"":7348},{""x"":972,""y"":545,""dx"":10,""dy"":1,""t"":7382},{""x"":954,""y"":566,""dx"":-8,""dy"":22,""t"":7416},{""x"":939,""y"":506,""dx"":-23,""dy"":-38,""t"":7450},{""x"":949,""y"":474,""dx"":-13,""dy"":-70,""t"":7484},{""x"":923,""y"":486,""dx"":-39,""dy"":-58,""t"":7517},{""x"":937,""y"":508,""dx"":-25,""dy"":-36,""t"":7552},{""x"":947,""y"":474,""dx"":-15,""dy"":-70,""t"":7586},{""x"":949,""y"":451,""dx"":-13,""dy"":-93,""t"":7619},{""x"":936,""y"":414,""dx"":-26,""dy"":-130,""t"":7654},{""x"":925,""y"":383,""dx"":-37,""dy"":-161,""t"":7685},{""x"":917,""y"":368,""dx"":-45,""dy"":-176,""t"":7722},{""x"":977,""y"":347,""dx"":15,""dy"":-197,""t"":7756},{""x"":1014,""y"":338,""dx"":52,""dy"":-206,""t"":7790},{""x"":1033,""y"":329,""dx"":71,""dy"":-215,""t"":7823},{""x"":1066,""y"":308,""dx"":104,""dy"":-236,""t"":7858},{""x"":1046,""y"":367,""dx"":84,""dy"":-177,""t"":7892},{""x"":1031,""y"":394,""dx"":69,""dy"":-150,""t"":7925},{""x"":1038,""y"":433,""dx"":76,""dy"":-111,""t"":7959},{""x"":1020,""y"":461,""dx"":58,""dy"":-83,""t"":7993},{""x"":1026,""y"":478,""dx"":64,""dy"":-66,""t"":8028},{""x"":1019,""y"":499,""dx"":57,""dy"":-45,""t"":8062},{""x"":1013,""y"":516,""dx"":51,""dy"":-28,""t"":8093},{""x"":1026,""y"":549,""dx"":64,""dy"":5,""t"":8130},{""x"":1011,""y"":568,""dx"":49,""dy"":24,""t"":8164},{""x"":985,""y"":580,""dx"":23,""dy"":36,""t"":8198},{""x"":999,""y"":574,""dx"":37,""dy"":30,""t"":8232},{""x"":984,""y"":601,""dx"":22,""dy"":57,""t"":8266},{""x"":988,""y"":601,""dx"":26,""dy"":57,""t"":8300},{""x"":1017,""y"":580,""dx"":55,""dy"":36,""t"":8333},{""x"":1024,""y"":576,""dx"":62,""dy"":32,""t"":8368},{""x"":1076,""y"":547,""dx"":114,""dy"":3,""t"":8401},{""x"":1066,""y"":523,""dx"":104,""dy"":-21,""t"":8436},{""x"":1054,""y"":533,""dx"":92,""dy"":-11,""t"":8470},{""x"":1015,""y"":533,""dx"":53,""dy"":-11,""t"":8504},{""x"":1012,""y"":542,""dx"":50,""dy"":-2,""t"":8538},{""x"":995,""y"":554,""dx"":33,""dy"":10,""t"":8572},{""x"":982,""y"":552,""dx"":20,""dy"":8,""t"":8606},{""x"":985,""y"":545,""dx"":23,""dy"":1,""t"":8640},{""x"":981,""y"":529,""dx"":19,""dy"":-15,""t"":8674},{""x"":980,""y"":554,""dx"":18,""dy"":10,""t"":8708},{""x"":1010,""y"":526,""dx"":48,""dy"":-18,""t"":8742},{""x"":1039,""y"":511,""dx"":77,""dy"":-33,""t"":8775},{""x"":1062,""y"":472,""dx"":100,""dy"":-72,""t"":8810},{""x"":1087,""y"":466,""dx"":125,""dy"":-78,""t"":8844},{""x"":1074,""y"":481,""dx"":112,""dy"":-63,""t"":8878},{""x"":1050,""y"":511,""dx"":88,""dy"":-33,""t"":8912},{""x"":1058,""y"":493,""dx"":96,""dy"":-51,""t"":8946},{""x"":1054,""y"":486,""dx"":92,""dy"":-58,""t"":8979},{""x"":1047,""y"":502,""dx"":85,""dy"":-42,""t"":9014}],[{""x"":475,""y"":770,""dx"":-11.5,""dy"":-40.5,""t"":10033},{""x"":487,""y"":761,""dx"":0.5,""dy"":-49.5,""t"":10067},{""x"":498,""y"":776,""dx"":11.5,""dy"":-34.5,""t"":10101},{""x"":484,""y"":762,""dx"":-2.5,""dy"":-48.5,""t"":10136},{""x"":464,""y"":749,""dx"":-22.5,""dy"":-61.5,""t"":10170},{""x"":481,""y"":768,""dx"":-5.5,""dy"":-42.5,""t"":10204},{""x"":467,""y"":768,""dx"":-19.5,""dy"":-42.5,""t"":10238},{""x"":452,""y"":770,""dx"":-34.5,""dy"":-40.5,""t"":10271},{""x"":449,""y"":781,""dx"":-37.5,""dy"":-29.5,""t"":10306},{""x"":467,""y"":757,""dx"":-19.5,""dy"":-53.5,""t"":10339},{""x"":452,""y"":744,""dx"":-34.5,""dy"":-66.5,""t"":10375},{""x"":462,""y"":747,""dx"":-24.5,""dy"":-63.5,""t"":10408},{""x"":469,""y"":750,""dx"":-17.5,""dy"":-60.5,""t"":10442},{""x"":470,""y"":759,""dx"":-16.5,""dy"":-51.5,""t"":10475},{""x"":491,""y"":754,""dx"":4.5,""dy"":-56.5,""t"":10510},{""x"":489,""y"":750,""dx"":2.5,""dy"":-60.5,""t"":10543},{""x"":475,""y"":789,""dx"":-11.5,""dy"":-21.5,""t"":10578},{""x"":453,""y"":773,""dx"":-33.5,""dy"":-37.5,""t"":10612},{""x"":449,""y"":784,""dx"":-37.5,""dy"":-26.5,""t"":10646},{""x"":453,""y"":782,""dx"":-33.5,""dy"":-28.5,""t"":10681},{""x"":440,""y"":767,""dx"":-46.5,""dy"":-43.5,""t"":10714},{""x"":442,""y"":730,""dx"":-44.5,""dy"":-80.5,""t"":10747},{""x"":454,""y"":760,""dx"":-32.5,""dy"":-50.5,""t"":10782},{""x"":464,""y"":752,""dx"":-22.5,""dy"":-58.5,""t"":10815},{""x"":472,""y"":720,""dx"":-14.5,""dy"":-90.5,""t"":10850},{""x"":483,""y"":744,""dx"":-3.5,""dy"":-66.5,""t"":10884},{""x"":567,""y"":847,""dx"":80.5,""dy"":36.5,""t"":10918},{""x"":723,""y"":1014,""dx"":236.5,""dy"":203.5,""t"":10952},{""x"":842,""y"":1155,""dx"":355.5,""dy"":344.5,""t"":10985},{""x"":908,""y"":1192,""dx"":421.5,""dy"":381.5,""t"":11021},{""x"":920,""y"":1179,""dx"":433.5,""dy"":368.5,""t"":11054},{""x"":886,""y"":1138,""dx"":399.5,""dy"":327.5,""t"":11087},{""x"":815,""y"":1146,""dx"":328.5,""dy"":335.5,""t"":11121},{""x"":762,""y"":1091,""dx"":275.5,""dy"":280.5,""t"":11156},{""x"":695,""y"":1034,""dx"":208.5,""dy"":223.5,""t"":11190},{""x"":637,""y"":1014,""dx"":150.5,""dy"":203.5,""t"":11224},{""x"":588,""y"":996,""dx"":101.5,""dy"":185.5,""t"":11255},{""x"":542,""y"":995,""dx"":55.5,""dy"":184.5,""t"":11292},{""x"":511,""y"":994,""dx"":24.5,""dy"":183.5,""t"":11326},{""x"":487,""y"":973,""dx"":0.5,""dy"":162.5,""t"":11360},{""x"":451,""y"":930,""dx"":-35.5,""dy"":119.5,""t"":11394},{""x"":442,""y"":895,""dx"":-44.5,""dy"":84.5,""t"":11428},{""x"":450,""y"":840,""dx"":-36.5,""dy"":29.5,""t"":11462},{""x"":425,""y"":815,""dx"":-61.5,""dy"":4.5,""t"":11496},{""x"":409,""y"":756,""dx"":-77.5,""dy"":-54.5,""t"":11530},{""x"":418,""y"":691,""dx"":-68.5,""dy"":-119.5,""t"":11564},{""x"":432,""y"":689,""dx"":-54.5,""dy"":-121.5,""t"":11597},{""x"":429,""y"":691,""dx"":-57.5,""dy"":-119.5,""t"":11631},{""x"":422,""y"":696,""dx"":-64.5,""dy"":-114.5,""t"":11667},{""x"":395,""y"":699,""dx"":-91.5,""dy"":-111.5,""t"":11700},{""x"":379,""y"":705,""dx"":-107.5,""dy"":-105.5,""t"":11734},{""x"":358,""y"":719,""dx"":-128.5,""dy"":-91.5,""t"":11768},{""x"":383,""y"":665,""dx"":-103.5,""dy"":-145.5,""t"":11801},{""x"":420,""y"":668,""dx"":-66.5,""dy"":-142.5,""t"":11836},{""x"":410,""y"":668,""dx"":-76.5,""dy"":-142.5,""t"":11869},{""x"":446,""y"":681,""dx"":-40.5,""dy"":-129.5,""t"":11903},{""x"":444,""y"":699,""dx"":-42.5,""dy"":-111.5,""t"":11938},{""x"":465,""y"":712,""dx"":-21.5,""dy"":-98.5,""t"":11972},{""x"":455,""y"":720,""dx"":-31.5,""dy"":-90.5,""t"":12006}],[{""x"":1397,""y"":674,""dx"":-40.5,""dy"":-136.5,""t"":13060},{""x"":1378,""y"":665,""dx"":-59.5,""dy"":-145.5,""t"":13094},{""x"":1376,""y"":726,""dx"":-61.5,""dy"":-84.5,""t"":13128},{""x"":1385,""y"":762,""dx"":-52.5,""dy"":-48.5,""t"":13161},{""x"":1370,""y"":779,""dx"":-67.5,""dy"":-31.5,""t"":13196},{""x"":1357,""y"":793,""dx"":-80.5,""dy"":-17.5,""t"":13228},{""x"":1360,""y"":821,""dx"":-77.5,""dy"":10.5,""t"":13264},{""x"":1371,""y"":830,""dx"":-66.5,""dy"":19.5,""t"":13298},{""x"":1366,""y"":811,""dx"":-71.5,""dy"":0.5,""t"":13332},{""x"":1372,""y"":804,""dx"":-65.5,""dy"":-6.5,""t"":13365},{""x"":1381,""y"":798,""dx"":-56.5,""dy"":-12.5,""t"":13399},{""x"":1375,""y"":778,""dx"":-62.5,""dy"":-32.5,""t"":13434},{""x"":1372,""y"":766,""dx"":-65.5,""dy"":-44.5,""t"":13468},{""x"":1379,""y"":769,""dx"":-58.5,""dy"":-41.5,""t"":13502},{""x"":1374,""y"":772,""dx"":-63.5,""dy"":-38.5,""t"":13536},{""x"":1361,""y"":766,""dx"":-76.5,""dy"":-44.5,""t"":13570},{""x"":1385,""y"":749,""dx"":-52.5,""dy"":-61.5,""t"":13604},{""x"":1389,""y"":781,""dx"":-48.5,""dy"":-29.5,""t"":13638},{""x"":1381,""y"":774,""dx"":-56.5,""dy"":-36.5,""t"":13671},{""x"":1410,""y"":780,""dx"":-27.5,""dy"":-30.5,""t"":13716},{""x"":1385,""y"":771,""dx"":-52.5,""dy"":-39.5,""t"":13764},{""x"":1363,""y"":764,""dx"":-74.5,""dy"":-46.5,""t"":13776},{""x"":1365,""y"":758,""dx"":-72.5,""dy"":-52.5,""t"":13807},{""x"":1355,""y"":736,""dx"":-82.5,""dy"":-74.5,""t"":13841},{""x"":1354,""y"":738,""dx"":-83.5,""dy"":-72.5,""t"":13876},{""x"":1349,""y"":718,""dx"":-88.5,""dy"":-92.5,""t"":13910},{""x"":1357,""y"":740,""dx"":-80.5,""dy"":-70.5,""t"":13944},{""x"":1342,""y"":748,""dx"":-95.5,""dy"":-62.5,""t"":13977},{""x"":1351,""y"":747,""dx"":-86.5,""dy"":-63.5,""t"":14012},{""x"":1348,""y"":749,""dx"":-89.5,""dy"":-61.5,""t"":14046},{""x"":1315,""y"":760,""dx"":-122.5,""dy"":-50.5,""t"":14080},{""x"":1305,""y"":765,""dx"":-132.5,""dy"":-45.5,""t"":14113},{""x"":1310,""y"":774,""dx"":-127.5,""dy"":-36.5,""t"":14148},{""x"":1315,""y"":813,""dx"":-122.5,""dy"":2.5,""t"":14182},{""x"":1314,""y"":824,""dx"":-123.5,""dy"":13.5,""t"":14215},{""x"":1303,""y"":814,""dx"":-134.5,""dy"":3.5,""t"":14250},{""x"":1303,""y"":810,""dx"":-134.5,""dy"":-0.5,""t"":14283},{""x"":1283,""y"":804,""dx"":-154.5,""dy"":-6.5,""t"":14319},{""x"":1308,""y"":832,""dx"":-129.5,""dy"":21.5,""t"":14352},{""x"":1315,""y"":825,""dx"":-122.5,""dy"":14.5,""t"":14385},{""x"":1304,""y"":796,""dx"":-133.5,""dy"":-14.5,""t"":14418},{""x"":1329,""y"":809,""dx"":-108.5,""dy"":-1.5,""t"":14454},{""x"":1321,""y"":776,""dx"":-116.5,""dy"":-34.5,""t"":14488},{""x"":1324,""y"":784,""dx"":-113.5,""dy"":-26.5,""t"":14521},{""x"":1323,""y"":776,""dx"":-114.5,""dy"":-34.5,""t"":14556},{""x"":1328,""y"":787,""dx"":-109.5,""dy"":-23.5,""t"":14590},{""x"":1305,""y"":775,""dx"":-132.5,""dy"":-35.5,""t"":14624},{""x"":1314,""y"":760,""dx"":-123.5,""dy"":-50.5,""t"":14659},{""x"":1313,""y"":757,""dx"":-124.5,""dy"":-53.5,""t"":14692},{""x"":1316,""y"":781,""dx"":-121.5,""dy"":-29.5,""t"":14726},{""x"":1332,""y"":774,""dx"":-105.5,""dy"":-36.5,""t"":14760},{""x"":1314,""y"":766,""dx"":-123.5,""dy"":-44.5,""t"":14794},{""x"":1299,""y"":760,""dx"":-138.5,""dy"":-50.5,""t"":14825},{""x"":1308,""y"":771,""dx"":-129.5,""dy"":-39.5,""t"":14862},{""x"":1320,""y"":796,""dx"":-117.5,""dy"":-14.5,""t"":14896},{""x"":1332,""y"":811,""dx"":-105.5,""dy"":0.5,""t"":14930},{""x"":1352,""y"":830,""dx"":-85.5,""dy"":19.5,""t"":14964},{""x"":1334,""y"":822,""dx"":-103.5,""dy"":11.5,""t"":14998},{""x"":1331,""y"":830,""dx"":-106.5,""dy"":19.5,""t"":15032}]]","[83.33333333333334,100,94.91525423728814,83.05084745762711,100]","[{""x"":15.35,""y"":67.25,""r"":136.31270575474434},{""x"":-2.7758620689655173,""y"":-63.189655172413794,""r"":74.23024289944259},{""x"":38.440677966101696,""y"":-39.728813559322035,""r"":65.75078740395556},{""x"":22.95762711864407,""y"":11.09322033898305,""r"":113.75345914979255},{""x"":-93.80508474576271,""y"":-33.398305084745765,""r"":39.04736404543678}]","[[25,25],[75,25],[50,50],[25,75],[75,75]]","29.31","validate","recalibration","","","","","","","","",""
"","html-keyboard-response","13","97104","0.0-5.0-0.0","","","","","4735"," ","","","<p>识别实验：试验都以 500 毫秒的固定时间开始，然后会有一个 500 毫秒的fixation，接下来是100毫秒的单个项目展示，1000毫秒的空白间隔后，会呈现一个多个项目的阵列。</p> <p>要求：记忆单个项目，并在多个项目阵列中快速找到，并根据数字键盘的 "" 4 "" ,"" 8 "","" 6 "","" 2 "" 进行选择响应,如果不记得或者不存在选择""5""。</p><p>按"" ""键继续，实验开始。</p>","","","","","","","","","","","","","","","",""
"","html-keyboard-response","14","98175","0.0-5.0-1.0","","","","","563"," ","","","<p>本次试验包含4个刺激物。根据数字键盘的 "" 4 "" ,"" 8 "","" 6 "","" 2 "" 进行选择响应,如果不记得或者不存在选择""5""。</p> <p>按"" ""键继续，实验开始。</p>","","","","","","","","","","","","","","","",""
"","html-keyboard-response","15","99239","0.0-5.0-2.0","","","","","554"," ","","","<p>要求：记忆项目的颜色。</p><p>按"" ""键继续，实验开始。</p>","","","","","","","","","","","","","","","",""
"","canvas-keyboard-response","16","100253","0.0-5.0-3.0-0.0","","","","","null","null","","","","","","","","","recognition","","[""4"",""4"",""4"",""4"",""6"",""5"",""8"",""2"",""8"",""8"",""2"",""6"",""4"",""2"",""5"",""6"",""5"",""5"",""5"",""2"",""8"",""6"",""2"",""6"",""8""]","1500","","","","","","",""
"","canvas-keyboard-response","17","100365","0.0-5.0-3.0-1.0","","","","","null","null","","","","","","","","","recognition","","[""4"",""4"",""4"",""4"",""6"",""5"",""8"",""2"",""8"",""8"",""2"",""6"",""4"",""2"",""5"",""6"",""5"",""5"",""5"",""2"",""8"",""6"",""2"",""6"",""8""]","1500","","","","","","",""
"","canvas-keyboard-response","18","102417","0.0-5.0-3.0-2.0","","","","","540","4","","","[""circle"",""circle"",""circle"",""circle""]","","","","","","","","","","[{""x"":1043,""y"":541,""t"":4},{""x"":1082,""y"":520,""t"":41},{""x"":1086,""y"":489,""t"":72},{""x"":1087,""y"":476,""t"":105},{""x"":1082,""y"":498,""t"":155},{""x"":1074,""y"":518,""t"":175},{""x"":1064,""y"":508,""t"":219},{""x"":1032,""y"":505,""t"":247},{""x"":1040,""y"":542,""t"":277},{""x"":1052,""y"":536,""t"":322},{""x"":997,""y"":550,""t"":352},{""x"":887,""y"":571,""t"":378},{""x"":869,""y"":544,""t"":411},{""x"":790,""y"":570,""t"":459},{""x"":780,""y"":542,""t"":489},{""x"":755,""y"":541,""t"":515}]","{""#container"":{""x"":401,""y"":47.390625,""width"":1100,""height"":1000,""top"":47.390625,""right"":1501,""bottom"":1047.390625,""left"":401}}","4","yellow","4","true","[{""x"":250,""y"":500,""width"":80,""height"":80,""top"":460,""right"":290,""bottom"":540,""left"":210},{""x"":550,""y"":200,""width"":80,""height"":80,""top"":160,""right"":590,""bottom"":240,""left"":510},{""x"":850,""y"":500,""width"":80,""height"":80,""top"":460,""right"":890,""bottom"":540,""left"":810},{""x"":550,""y"":800,""width"":80,""height"":80,""top"":760,""right"":590,""bottom"":840,""left"":510}]"
"","canvas-keyboard-response","19","103436","0.0-5.0-3.0-0.1","","","","","null","null","","","","","","","","","recognition","","[""4"",""4"",""4"",""4"",""6"",""5"",""8"",""2"",""8"",""8"",""2"",""6"",""4"",""2"",""5"",""6"",""5"",""5"",""5"",""2"",""8"",""6"",""2"",""6"",""8""]","1500","","","","","","",""
"","canvas-keyboard-response","20","103548","0.0-5.0-3.0-1.1","","","","","null","null","","","","","","","","","recognition","","[""4"",""4"",""4"",""4"",""6"",""5"",""8"",""2"",""8"",""8"",""2"",""6"",""4"",""2"",""5"",""6"",""5"",""5"",""5"",""2"",""8"",""6"",""2"",""6"",""8""]","1500","","","","","","",""
"","canvas-keyboard-response","21","105583","0.0-5.0-3.0-2.1","","","","","524","4","","","[""circle"",""circle"",""circle"",""circle""]","","","","","","","","","","[{""x"":793,""y"":544,""t"":5},{""x"":859,""y"":538,""t"":45},{""x"":907,""y"":525,""t"":75},{""x"":954,""y"":538,""t"":106},{""x"":993,""y"":540,""t"":152},{""x"":996,""y"":548,""t"":177},{""x"":1019,""y"":583,""t"":208},{""x"":1040,""y"":593,""t"":251},{""x"":1062,""y"":574,""t"":276},{""x"":1067,""y"":548,""t"":315},{""x"":1070,""y"":525,""t"":341},{""x"":1079,""y"":471,""t"":384},{""x"":1074,""y"":434,""t"":412},{""x"":1023,""y"":386,""t"":455},{""x"":928,""y"":440,""t"":485}]","{""#container"":{""x"":401,""y"":47.390625,""width"":1100,""height"":1000,""top"":47.390625,""right"":1501,""bottom"":1047.390625,""left"":401}}","4","blue","4","true","[{""x"":250,""y"":500,""width"":80,""height"":80,""top"":460,""right"":290,""bottom"":540,""left"":210},{""x"":550,""y"":200,""width"":80,""height"":80,""top"":160,""right"":590,""bottom"":240,""left"":510},{""x"":850,""y"":500,""width"":80,""height"":80,""top"":460,""right"":890,""bottom"":540,""left"":810},{""x"":550,""y"":800,""width"":80,""height"":80,""top"":760,""right"":590,""bottom"":840,""left"":510}]"
"","canvas-keyboard-response","22","106605","0.0-5.0-3.0-0.2","","","","","null","null","","","","","","","","","recognition","","[""4"",""4"",""4"",""4"",""6"",""5"",""8"",""2"",""8"",""8"",""2"",""6"",""4"",""2"",""5"",""6"",""5"",""5"",""5"",""2"",""8"",""6"",""2"",""6"",""8""]","1500","","","","","","",""
"","canvas-keyboard-response","23","106716","0.0-5.0-3.0-1.2","","","","","null","null","","","","","","","","","recognition","","[""4"",""4"",""4"",""4"",""6"",""5"",""8"",""2"",""8"",""8"",""2"",""6"",""4"",""2"",""5"",""6"",""5"",""5"",""5"",""2"",""8"",""6"",""2"",""6"",""8""]","1500","","","","","","",""
"","canvas-keyboard-response","24","108740","0.0-5.0-3.0-2.2","","","","","513","4","","","[""circle"",""circle"",""circle"",""circle""]","","","","","","","","","","[{""x"":880,""y"":484,""t"":5},{""x"":920,""y"":454,""t"":41},{""x"":929,""y"":460,""t"":72},{""x"":930,""y"":436,""t"":118},{""x"":969,""y"":418,""t"":146},{""x"":988,""y"":436,""t"":176},{""x"":983,""y"":430,""t"":207},{""x"":996,""y"":419,""t"":252},{""x"":1001,""y"":413,""t"":279},{""x"":976,""y"":461,""t"":310},{""x"":903,""y"":481,""t"":347},{""x"":862,""y"":526,""t"":378},{""x"":828,""y"":549,""t"":422},{""x"":775,""y"":571,""t"":446},{""x"":701,""y"":606,""t"":487}]","{""#container"":{""x"":401,""y"":47.390625,""width"":1100,""height"":1000,""top"":47.390625,""right"":1501,""bottom"":1047.390625,""left"":401}}","4","purple","4","true","[{""x"":250,""y"":500,""width"":80,""height"":80,""top"":460,""right"":290,""bottom"":540,""left"":210},{""x"":550,""y"":200,""width"":80,""height"":80,""top"":160,""right"":590,""bottom"":240,""left"":510},{""x"":850,""y"":500,""width"":80,""height"":80,""top"":460,""right"":890,""bottom"":540,""left"":810},{""x"":550,""y"":800,""width"":80,""height"":80,""top"":760,""right"":590,""bottom"":840,""left"":510}]"
"","canvas-keyboard-response","25","109764","0.0-5.0-3.0-0.3","","","","","null","null","","","","","","","","","recognition","","[""4"",""4"",""4"",""4"",""6"",""5"",""8"",""2"",""8"",""8"",""2"",""6"",""4"",""2"",""5"",""6"",""5"",""5"",""5"",""2"",""8"",""6"",""2"",""6"",""8""]","1500","","","","","","",""
"","canvas-keyboard-response","26","109884","0.0-5.0-3.0-1.3","","","","","null","null","","","","","","","","","recognition","","[""4"",""4"",""4"",""4"",""6"",""5"",""8"",""2"",""8"",""8"",""2"",""6"",""4"",""2"",""5"",""6"",""5"",""5"",""5"",""2"",""8"",""6"",""2"",""6"",""8""]","1500","","","","","","",""
"","canvas-keyboard-response","27","111851","0.0-5.0-3.0-2.3","","","","","455","4","","","[""circle"",""circle"",""circle"",""circle""]","","","","","","","","","","[{""x"":757,""y"":610,""t"":5},{""x"":789,""y"":613,""t"":40},{""x"":825,""y"":610,""t"":85},{""x"":853,""y"":583,""t"":110},{""x"":887,""y"":621,""t"":140},{""x"":930,""y"":620,""t"":186},{""x"":961,""y"":618,""t"":211},{""x"":975,""y"":605,""t"":242},{""x"":985,""y"":574,""t"":282},{""x"":1001,""y"":545,""t"":308},{""x"":956,""y"":541,""t"":346},{""x"":915,""y"":538,""t"":376},{""x"":864,""y"":552,""t"":421}]","{""#container"":{""x"":401,""y"":47.390625,""width"":1100,""height"":1000,""top"":47.390625,""right"":1501,""bottom"":1047.390625,""left"":401}}","4","red","4","true","[{""x"":250,""y"":500,""width"":80,""height"":80,""top"":460,""right"":290,""bottom"":540,""left"":210},{""x"":550,""y"":200,""width"":80,""height"":80,""top"":160,""right"":590,""bottom"":240,""left"":510},{""x"":850,""y"":500,""width"":80,""height"":80,""top"":460,""right"":890,""bottom"":540,""left"":810},{""x"":550,""y"":800,""width"":80,""height"":80,""top"":760,""right"":590,""bottom"":840,""left"":510}]"
"","canvas-keyboard-response","28","112893","0.0-5.0-3.0-0.4","","","","","null","null","","","","","","","","","recognition","","[""4"",""4"",""4"",""4"",""6"",""5"",""8"",""2"",""8"",""8"",""2"",""6"",""4"",""2"",""5"",""6"",""5"",""5"",""5"",""2"",""8"",""6"",""2"",""6"",""8""]","1500","","","","","","",""
"","canvas-keyboard-response","29","113005","0.0-5.0-3.0-1.4","","","","","null","null","","","","","","","","","recognition","","[""4"",""4"",""4"",""4"",""6"",""5"",""8"",""2"",""8"",""8"",""2"",""6"",""4"",""2"",""5"",""6"",""5"",""5"",""5"",""2"",""8"",""6"",""2"",""6"",""8""]","1500","","","","","","",""
"","canvas-keyboard-response","30","114938","0.0-5.0-3.0-2.4","","","","","423","6","","","[""circle"",""circle"",""circle"",""circle""]","","","","","","","","","","[{""x"":863,""y"":518,""t"":5},{""x"":912,""y"":556,""t"":49},{""x"":932,""y"":570,""t"":78},{""x"":947,""y"":584,""t"":105},{""x"":948,""y"":618,""t"":140},{""x"":940,""y"":616,""t"":190},{""x"":957,""y"":616,""t"":215},{""x"":934,""y"":596,""t"":244},{""x"":943,""y"":564,""t"":277},{""x"":970,""y"":538,""t"":320},{""x"":1032,""y"":539,""t"":344},{""x"":1106,""y"":536,""t"":389}]","{""#container"":{""x"":401,""y"":47.390625,""width"":1100,""height"":1000,""top"":47.390625,""right"":1501,""bottom"":1047.390625,""left"":401}}","4","yellow","6","true","[{""x"":250,""y"":500,""width"":80,""height"":80,""top"":460,""right"":290,""bottom"":540,""left"":210},{""x"":550,""y"":200,""width"":80,""height"":80,""top"":160,""right"":590,""bottom"":240,""left"":510},{""x"":850,""y"":500,""width"":80,""height"":80,""top"":460,""right"":890,""bottom"":540,""left"":810},{""x"":550,""y"":800,""width"":80,""height"":80,""top"":760,""right"":590,""bottom"":840,""left"":510}]"
"","canvas-keyboard-response","31","115976","0.0-5.0-3.0-0.5","","","","","null","null","","","","","","","","","recognition","","[""4"",""4"",""4"",""4"",""6"",""5"",""8"",""2"",""8"",""8"",""2"",""6"",""4"",""2"",""5"",""6"",""5"",""5"",""5"",""2"",""8"",""6"",""2"",""6"",""8""]","1500","","","","","","",""
"","canvas-keyboard-response","32","116093","0.0-5.0-3.0-1.5","","","","","null","null","","","","","","","","","recognition","","[""4"",""4"",""4"",""4"",""6"",""5"",""8"",""2"",""8"",""8"",""2"",""6"",""4"",""2"",""5"",""6"",""5"",""5"",""5"",""2"",""8"",""6"",""2"",""6"",""8""]","1500","","","","","","",""
"","canvas-keyboard-response","33","118079","0.0-5.0-3.0-2.5","","","","","465","5","","","[""circle"",""circle"",""circle"",""circle""]","","","","","","","","","","[{""x"":1149,""y"":509,""t"":5},{""x"":1117,""y"":519,""t"":38},{""x"":1096,""y"":512,""t"":82},{""x"":1077,""y"":506,""t"":106},{""x"":1028,""y"":527,""t"":141},{""x"":1010,""y"":533,""t"":176},{""x"":989,""y"":557,""t"":208},{""x"":961,""y"":538,""t"":267},{""x"":961,""y"":524,""t"":281},{""x"":891,""y"":561,""t"":310},{""x"":837,""y"":596,""t"":351},{""x"":836,""y"":631,""t"":379},{""x"":863,""y"":677,""t"":423}]","{""#container"":{""x"":401,""y"":47.390625,""width"":1100,""height"":1000,""top"":47.390625,""right"":1501,""bottom"":1047.390625,""left"":401}}","4","green","5","true","[{""x"":250,""y"":500,""width"":80,""height"":80,""top"":460,""right"":290,""bottom"":540,""left"":210},{""x"":550,""y"":200,""width"":80,""height"":80,""top"":160,""right"":590,""bottom"":240,""left"":510},{""x"":850,""y"":500,""width"":80,""height"":80,""top"":460,""right"":890,""bottom"":540,""left"":810},{""x"":550,""y"":800,""width"":80,""height"":80,""top"":760,""right"":590,""bottom"":840,""left"":510}]"
"","canvas-keyboard-response","34","119101","0.0-5.0-3.0-0.6","","","","","null","null","","","","","","","","","recognition","","[""4"",""4"",""4"",""4"",""6"",""5"",""8"",""2"",""8"",""8"",""2"",""6"",""4"",""2"",""5"",""6"",""5"",""5"",""5"",""2"",""8"",""6"",""2"",""6"",""8""]","1500","","","","","","",""
"","canvas-keyboard-response","35","119229","0.0-5.0-3.0-1.6","","","","","null","null","","","","","","","","","recognition","","[""4"",""4"",""4"",""4"",""6"",""5"",""8"",""2"",""8"",""8"",""2"",""6"",""4"",""2"",""5"",""6"",""5"",""5"",""5"",""2"",""8"",""6"",""2"",""6"",""8""]","1500","","","","","","",""
"","canvas-keyboard-response","36","121344","0.0-5.0-3.0-2.6","","","","","605","8","","","[""circle"",""circle"",""circle"",""circle""]","","","","","","","","","","[{""x"":918,""y"":681,""t"":4},{""x"":919,""y"":663,""t"":41},{""x"":946,""y"":664,""t"":72},{""x"":960,""y"":664,""t"":107},{""x"":972,""y"":679,""t"":156},{""x"":982,""y"":691,""t"":172},{""x"":985,""y"":693,""t"":213},{""x"":998,""y"":705,""t"":242},{""x"":993,""y"":712,""t"":283},{""x"":988,""y"":717,""t"":309},{""x"":992,""y"":703,""t"":344},{""x"":972,""y"":651,""t"":378},{""x"":991,""y"":574,""t"":429},{""x"":998,""y"":528,""t"":453},{""x"":976,""y"":491,""t"":480},{""x"":972,""y"":470,""t"":524},{""x"":972,""y"":447,""t"":552},{""x"":972,""y"":431,""t"":580}]","{""#container"":{""x"":401,""y"":47.390625,""width"":1100,""height"":1000,""top"":47.390625,""right"":1501,""bottom"":1047.390625,""left"":401}}","4","green","8","true","[{""x"":250,""y"":500,""width"":80,""height"":80,""top"":460,""right"":290,""bottom"":540,""left"":210},{""x"":550,""y"":200,""width"":80,""height"":80,""top"":160,""right"":590,""bottom"":240,""left"":510},{""x"":850,""y"":500,""width"":80,""height"":80,""top"":460,""right"":890,""bottom"":540,""left"":810},{""x"":550,""y"":800,""width"":80,""height"":80,""top"":760,""right"":590,""bottom"":840,""left"":510}]"
"","canvas-keyboard-response","37","122365","0.0-5.0-3.0-0.7","","","","","null","null","","","","","","","","","recognition","","[""4"",""4"",""4"",""4"",""6"",""5"",""8"",""2"",""8"",""8"",""2"",""6"",""4"",""2"",""5"",""6"",""5"",""5"",""5"",""2"",""8"",""6"",""2"",""6"",""8""]","1500","","","","","","",""
"","canvas-keyboard-response","38","122481","0.0-5.0-3.0-1.7","","","","","null","null","","","","","","","","","recognition","","[""4"",""4"",""4"",""4"",""6"",""5"",""8"",""2"",""8"",""8"",""2"",""6"",""4"",""2"",""5"",""6"",""5"",""5"",""5"",""2"",""8"",""6"",""2"",""6"",""8""]","1500","","","","","","",""
"","canvas-keyboard-response","39","124703","0.0-5.0-3.0-2.7","","","","","697","2","","","[""circle"",""circle"",""circle"",""circle""]","","","","","","","","","","[{""x"":975,""y"":407,""t"":5},{""x"":991,""y"":407,""t"":42},{""x"":987,""y"":420,""t"":71},{""x"":994,""y"":433,""t"":119},{""x"":992,""y"":447,""t"":150},{""x"":974,""y"":451,""t"":179},{""x"":994,""y"":469,""t"":208},{""x"":1000,""y"":487,""t"":248},{""x"":1005,""y"":513,""t"":277},{""x"":1001,""y"":545,""t"":312},{""x"":1002,""y"":539,""t"":344},{""x"":1030,""y"":608,""t"":394},{""x"":1054,""y"":666,""t"":413},{""x"":1049,""y"":732,""t"":458},{""x"":1044,""y"":785,""t"":483},{""x"":1050,""y"":816,""t"":513},{""x"":1037,""y"":820,""t"":552},{""x"":1025,""y"":820,""t"":580},{""x"":1034,""y"":834,""t"":616},{""x"":1037,""y"":841,""t"":666}]","{""#container"":{""x"":401,""y"":47.390625,""width"":1100,""height"":1000,""top"":47.390625,""right"":1501,""bottom"":1047.390625,""left"":401}}","4","red","2","true","[{""x"":250,""y"":500,""width"":80,""height"":80,""top"":460,""right"":290,""bottom"":540,""left"":210},{""x"":550,""y"":200,""width"":80,""height"":80,""top"":160,""right"":590,""bottom"":240,""left"":510},{""x"":850,""y"":500,""width"":80,""height"":80,""top"":460,""right"":890,""bottom"":540,""left"":810},{""x"":550,""y"":800,""width"":80,""height"":80,""top"":760,""right"":590,""bottom"":840,""left"":510}]"
"","canvas-keyboard-response","40","125722","0.0-5.0-3.0-0.8","","","","","null","null","","","","","","","","","recognition","","[""4"",""4"",""4"",""4"",""6"",""5"",""8"",""2"",""8"",""8"",""2"",""6"",""4"",""2"",""5"",""6"",""5"",""5"",""5"",""2"",""8"",""6"",""2"",""6"",""8""]","1500","","","","","","",""
"","canvas-keyboard-response","41","125827","0.0-5.0-3.0-1.8","","","","","null","null","","","","","","","","","recognition","","[""4"",""4"",""4"",""4"",""6"",""5"",""8"",""2"",""8"",""8"",""2"",""6"",""4"",""2"",""5"",""6"",""5"",""5"",""5"",""2"",""8"",""6"",""2"",""6"",""8""]","1500","","","","","","",""
"","canvas-keyboard-response","42","127951","0.0-5.0-3.0-2.8","","","","","593","8","","","[""circle"",""circle"",""circle"",""circle""]","","","","","","","","","","[{""x"":1051,""y"":778,""t"":3},{""x"":1042,""y"":751,""t"":38},{""x"":1025,""y"":694,""t"":81},{""x"":1016,""y"":683,""t"":105},{""x"":1006,""y"":685,""t"":149},{""x"":968,""y"":683,""t"":175},{""x"":961,""y"":683,""t"":208},{""x"":961,""y"":654,""t"":254},{""x"":966,""y"":655,""t"":279},{""x"":965,""y"":638,""t"":310},{""x"":930,""y"":558,""t"":354},{""x"":922,""y"":464,""t"":382},{""x"":916,""y"":396,""t"":413},{""x"":922,""y"":336,""t"":457},{""x"":903,""y"":279,""t"":484},{""x"":913,""y"":271,""t"":515},{""x"":909,""y"":246,""t"":557}]","{""#container"":{""x"":401,""y"":47.390625,""width"":1100,""height"":1000,""top"":47.390625,""right"":1501,""bottom"":1047.390625,""left"":401}}","4","red","8","true","[{""x"":250,""y"":500,""width"":80,""height"":80,""top"":460,""right"":290,""bottom"":540,""left"":210},{""x"":550,""y"":200,""width"":80,""height"":80,""top"":160,""right"":590,""bottom"":240,""left"":510},{""x"":850,""y"":500,""width"":80,""height"":80,""top"":460,""right"":890,""bottom"":540,""left"":810},{""x"":550,""y"":800,""width"":80,""height"":80,""top"":760,""right"":590,""bottom"":840,""left"":510}]"
"","canvas-keyboard-response","43","128987","0.0-5.0-3.0-0.9","","","","","null","null","","","","","","","","","recognition","","[""4"",""4"",""4"",""4"",""6"",""5"",""8"",""2"",""8"",""8"",""2"",""6"",""4"",""2"",""5"",""6"",""5"",""5"",""5"",""2"",""8"",""6"",""2"",""6"",""8""]","1500","","","","","","",""
"","canvas-keyboard-response","44","129101","0.0-5.0-3.0-1.9","","","","","null","null","","","","","","","","","recognition","","[""4"",""4"",""4"",""4"",""6"",""5"",""8"",""2"",""8"",""8"",""2"",""6"",""4"",""2"",""5"",""6"",""5"",""5"",""5"",""2"",""8"",""6"",""2"",""6"",""8""]","1500","","","","","","",""
"","canvas-keyboard-response","45","131104","0.0-5.0-3.0-2.9","","","","","484","8","","","[""circle"",""circle"",""circle"",""circle""]","","","","","","","","","","[{""x"":930,""y"":232,""t"":3},{""x"":966,""y"":266,""t"":38},{""x"":1003,""y"":313,""t"":75},{""x"":1033,""y"":334,""t"":107},{""x"":1059,""y"":387,""t"":148},{""x"":1055,""y"":472,""t"":173},{""x"":1060,""y"":510,""t"":208},{""x"":1033,""y"":508,""t"":242},{""x"":1013,""y"":547,""t"":291},{""x"":991,""y"":616,""t"":315},{""x"":973,""y"":619,""t"":344},{""x"":954,""y"":602,""t"":388},{""x"":943,""y"":565,""t"":411},{""x"":923,""y"":526,""t"":459}]","{""#container"":{""x"":401,""y"":47.390625,""width"":1100,""height"":1000,""top"":47.390625,""right"":1501,""bottom"":1047.390625,""left"":401}}","4","yellow","8","true","[{""x"":250,""y"":500,""width"":80,""height"":80,""top"":460,""right"":290,""bottom"":540,""left"":210},{""x"":550,""y"":200,""width"":80,""height"":80,""top"":160,""right"":590,""bottom"":240,""left"":510},{""x"":850,""y"":500,""width"":80,""height"":80,""top"":460,""right"":890,""bottom"":540,""left"":810},{""x"":550,""y"":800,""width"":80,""height"":80,""top"":760,""right"":590,""bottom"":840,""left"":510}]"
"","canvas-keyboard-response","46","132124","0.0-5.0-3.0-0.10","","","","","null","null","","","","","","","","","recognition","","[""4"",""4"",""4"",""4"",""6"",""5"",""8"",""2"",""8"",""8"",""2"",""6"",""4"",""2"",""5"",""6"",""5"",""5"",""5"",""2"",""8"",""6"",""2"",""6"",""8""]","1500","","","","","","",""
"","canvas-keyboard-response","47","132237","0.0-5.0-3.0-1.10","","","","","null","null","","","","","","","","","recognition","","[""4"",""4"",""4"",""4"",""6"",""5"",""8"",""2"",""8"",""8"",""2"",""6"",""4"",""2"",""5"",""6"",""5"",""5"",""5"",""2"",""8"",""6"",""2"",""6"",""8""]","1500","","","","","","",""
"","canvas-keyboard-response","48","134387","0.0-5.0-3.0-2.10","","","","","639","2","","","[""circle"",""circle"",""circle"",""circle""]","","","","","","","","","","[{""x"":930,""y"":484,""t"":5},{""x"":909,""y"":501,""t"":43},{""x"":933,""y"":496,""t"":72},{""x"":949,""y"":529,""t"":106},{""x"":945,""y"":566,""t"":156},{""x"":941,""y"":597,""t"":175},{""x"":928,""y"":630,""t"":219},{""x"":917,""y"":657,""t"":242},{""x"":922,""y"":641,""t"":276},{""x"":894,""y"":598,""t"":315},{""x"":872,""y"":561,""t"":342},{""x"":848,""y"":516,""t"":378},{""x"":885,""y"":593,""t"":428},{""x"":901,""y"":606,""t"":447},{""x"":922,""y"":674,""t"":492},{""x"":951,""y"":723,""t"":516},{""x"":990,""y"":779,""t"":548},{""x"":1022,""y"":820,""t"":592},{""x"":1044,""y"":838,""t"":619}]","{""#container"":{""x"":401,""y"":47.390625,""width"":1100,""height"":1000,""top"":47.390625,""right"":1501,""bottom"":1047.390625,""left"":401}}","4","blue","2","true","[{""x"":250,""y"":500,""width"":80,""height"":80,""top"":460,""right"":290,""bottom"":540,""left"":210},{""x"":550,""y"":200,""width"":80,""height"":80,""top"":160,""right"":590,""bottom"":240,""left"":510},{""x"":850,""y"":500,""width"":80,""height"":80,""top"":460,""right"":890,""bottom"":540,""left"":810},{""x"":550,""y"":800,""width"":80,""height"":80,""top"":760,""right"":590,""bottom"":840,""left"":510}]"
"","canvas-keyboard-response","49","135405","0.0-5.0-3.0-0.11","","","","","null","null","","","","","","","","","recognition","","[""4"",""4"",""4"",""4"",""6"",""5"",""8"",""2"",""8"",""8"",""2"",""6"",""4"",""2"",""5"",""6"",""5"",""5"",""5"",""2"",""8"",""6"",""2"",""6"",""8""]","1500","","","","","","",""
"","canvas-keyboard-response","50","135516","0.0-5.0-3.0-1.11","","","","","null","null","","","","","","","","","recognition","","[""4"",""4"",""4"",""4"",""6"",""5"",""8"",""2"",""8"",""8"",""2"",""6"",""4"",""2"",""5"",""6"",""5"",""5"",""5"",""2"",""8"",""6"",""2"",""6"",""8""]","1500","","","","","","",""
"","canvas-keyboard-response","51","137507","0.0-5.0-3.0-2.11","","","","","469","6","","","[""circle"",""circle"",""circle"",""circle""]","","","","","","","","","","[{""x"":1058,""y"":757,""t"":4},{""x"":1068,""y"":686,""t"":38},{""x"":1069,""y"":645,""t"":82},{""x"":1036,""y"":607,""t"":109},{""x"":997,""y"":599,""t"":140},{""x"":991,""y"":569,""t"":185},{""x"":965,""y"":549,""t"":213},{""x"":942,""y"":524,""t"":242},{""x"":915,""y"":511,""t"":282},{""x"":935,""y"":496,""t"":310},{""x"":908,""y"":496,""t"":352},{""x"":990,""y"":506,""t"":378},{""x"":1050,""y"":483,""t"":416},{""x"":1101,""y"":464,""t"":444}]","{""#container"":{""x"":401,""y"":47.390625,""width"":1100,""height"":1000,""top"":47.390625,""right"":1501,""bottom"":1047.390625,""left"":401}}","4","purple","6","true","[{""x"":250,""y"":500,""width"":80,""height"":80,""top"":460,""right"":290,""bottom"":540,""left"":210},{""x"":550,""y"":200,""width"":80,""height"":80,""top"":160,""right"":590,""bottom"":240,""left"":510},{""x"":850,""y"":500,""width"":80,""height"":80,""top"":460,""right"":890,""bottom"":540,""left"":810},{""x"":550,""y"":800,""width"":80,""height"":80,""top"":760,""right"":590,""bottom"":840,""left"":510}]"
"","canvas-keyboard-response","52","138524","0.0-5.0-3.0-0.12","","","","","null","null","","","","","","","","","recognition","","[""4"",""4"",""4"",""4"",""6"",""5"",""8"",""2"",""8"",""8"",""2"",""6"",""4"",""2"",""5"",""6"",""5"",""5"",""5"",""2"",""8"",""6"",""2"",""6"",""8""]","1500","","","","","","",""
"","canvas-keyboard-response","53","138638","0.0-5.0-3.0-1.12","","","","","null","null","","","","","","","","","recognition","","[""4"",""4"",""4"",""4"",""6"",""5"",""8"",""2"",""8"",""8"",""2"",""6"",""4"",""2"",""5"",""6"",""5"",""5"",""5"",""2"",""8"",""6"",""2"",""6"",""8""]","1500","","","","","","",""
"","canvas-keyboard-response","54","140546","0.0-5.0-3.0-2.12","","","","","389","4","","","[""circle"",""circle"",""circle"",""circle""]","","","","","","","","","","[{""x"":1068,""y"":516,""t"":4},{""x"":1041,""y"":561,""t"":43},{""x"":1013,""y"":591,""t"":74},{""x"":1009,""y"":602,""t"":106},{""x"":988,""y"":599,""t"":153},{""x"":971,""y"":585,""t"":182},{""x"":957,""y"":572,""t"":206},{""x"":975,""y"":559,""t"":241},{""x"":976,""y"":543,""t"":290},{""x"":978,""y"":529,""t"":310},{""x"":912,""y"":517,""t"":355}]","{""#container"":{""x"":401,""y"":47.390625,""width"":1100,""height"":1000,""top"":47.390625,""right"":1501,""bottom"":1047.390625,""left"":401}}","4","green","4","true","[{""x"":250,""y"":500,""width"":80,""height"":80,""top"":460,""right"":290,""bottom"":540,""left"":210},{""x"":550,""y"":200,""width"":80,""height"":80,""top"":160,""right"":590,""bottom"":240,""left"":510},{""x"":850,""y"":500,""width"":80,""height"":80,""top"":460,""right"":890,""bottom"":540,""left"":810},{""x"":550,""y"":800,""width"":80,""height"":80,""top"":760,""right"":590,""bottom"":840,""left"":510}]"
"","canvas-keyboard-response","55","141563","0.0-5.0-3.0-0.13","","","","","null","null","","","","","","","","","recognition","","[""4"",""4"",""4"",""4"",""6"",""5"",""8"",""2"",""8"",""8"",""2"",""6"",""4"",""2"",""5"",""6"",""5"",""5"",""5"",""2"",""8"",""6"",""2"",""6"",""8""]","1500","","","","","","",""
"","canvas-keyboard-response","56","141675","0.0-5.0-3.0-1.13","","","","","null","null","","","","","","","","","recognition","","[""4"",""4"",""4"",""4"",""6"",""5"",""8"",""2"",""8"",""8"",""2"",""6"",""4"",""2"",""5"",""6"",""5"",""5"",""5"",""2"",""8"",""6"",""2"",""6"",""8""]","1500","","","","","","",""
"","canvas-keyboard-response","57","143839","0.0-5.0-3.0-2.13","","","","","651","2","","","[""circle"",""circle"",""circle"",""circle""]","","","","","","","","","","[{""x"":869,""y"":573,""t"":4},{""x"":879,""y"":613,""t"":38},{""x"":900,""y"":670,""t"":73},{""x"":893,""y"":695,""t"":107},{""x"":914,""y"":721,""t"":156},{""x"":933,""y"":741,""t"":175},{""x"":942,""y"":758,""t"":208},{""x"":943,""y"":778,""t"":257},{""x"":943,""y"":792,""t"":276},{""x"":942,""y"":795,""t"":314},{""x"":941,""y"":796,""t"":342},{""x"":952,""y"":813,""t"":379},{""x"":968,""y"":789,""t"":434},{""x"":982,""y"":767,""t"":448},{""x"":993,""y"":764,""t"":479},{""x"":991,""y"":749,""t"":534},{""x"":989,""y"":737,""t"":548},{""x"":1011,""y"":754,""t"":587},{""x"":1022,""y"":768,""t"":616}]","{""#container"":{""x"":401,""y"":47.390625,""width"":1100,""height"":1000,""top"":47.390625,""right"":1501,""bottom"":1047.390625,""left"":401}}","4","green","2","true","[{""x"":250,""y"":500,""width"":80,""height"":80,""top"":460,""right"":290,""bottom"":540,""left"":210},{""x"":550,""y"":200,""width"":80,""height"":80,""top"":160,""right"":590,""bottom"":240,""left"":510},{""x"":850,""y"":500,""width"":80,""height"":80,""top"":460,""right"":890,""bottom"":540,""left"":810},{""x"":550,""y"":800,""width"":80,""height"":80,""top"":760,""right"":590,""bottom"":840,""left"":510}]"
"","canvas-keyboard-response","58","144860","0.0-5.0-3.0-0.14","","","","","null","null","","","","","","","","","recognition","","[""4"",""4"",""4"",""4"",""6"",""5"",""8"",""2"",""8"",""8"",""2"",""6"",""4"",""2"",""5"",""6"",""5"",""5"",""5"",""2"",""8"",""6"",""2"",""6"",""8""]","1500","","","","","","",""
"","canvas-keyboard-response","59","144973","0.0-5.0-3.0-1.14","","","","","null","null","","","","","","","","","recognition","","[""4"",""4"",""4"",""4"",""6"",""5"",""8"",""2"",""8"",""8"",""2"",""6"",""4"",""2"",""5"",""6"",""5"",""5"",""5"",""2"",""8"",""6"",""2"",""6"",""8""]","1500","","","","","","",""
"","canvas-keyboard-response","60","147057","0.0-5.0-3.0-2.14","","","","","572","5","","","[""circle"",""circle"",""circle"",""circle""]","","","","","","","","","","[{""x"":1024,""y"":733,""t"":5},{""x"":1017,""y"":682,""t"":42},{""x"":1007,""y"":661,""t"":70},{""x"":1007,""y"":644,""t"":106},{""x"":1020,""y"":628,""t"":155},{""x"":1031,""y"":617,""t"":172},{""x"":1019,""y"":657,""t"":213},{""x"":1018,""y"":663,""t"":245},{""x"":1021,""y"":694,""t"":276},{""x"":1028,""y"":638,""t"":313},{""x"":1034,""y"":590,""t"":342},{""x"":1037,""y"":564,""t"":377},{""x"":1041,""y"":574,""t"":427},{""x"":1044,""y"":584,""t"":446},{""x"":1048,""y"":606,""t"":490},{""x"":1041,""y"":635,""t"":518},{""x"":1027,""y"":660,""t"":549}]","{""#container"":{""x"":401,""y"":47.390625,""width"":1100,""height"":1000,""top"":47.390625,""right"":1501,""bottom"":1047.390625,""left"":401}}","4","blue","5","true","[{""x"":250,""y"":500,""width"":80,""height"":80,""top"":460,""right"":290,""bottom"":540,""left"":210},{""x"":550,""y"":200,""width"":80,""height"":80,""top"":160,""right"":590,""bottom"":240,""left"":510},{""x"":850,""y"":500,""width"":80,""height"":80,""top"":460,""right"":890,""bottom"":540,""left"":810},{""x"":550,""y"":800,""width"":80,""height"":80,""top"":760,""right"":590,""bottom"":840,""left"":510}]"
"","canvas-keyboard-response","61","148078","0.0-5.0-3.0-0.15","","","","","null","null","","","","","","","","","recognition","","[""4"",""4"",""4"",""4"",""6"",""5"",""8"",""2"",""8"",""8"",""2"",""6"",""4"",""2"",""5"",""6"",""5"",""5"",""5"",""2"",""8"",""6"",""2"",""6"",""8""]","1500","","","","","","",""
"","canvas-keyboard-response","62","148188","0.0-5.0-3.0-1.15","","","","","null","null","","","","","","","","","recognition","","[""4"",""4"",""4"",""4"",""6"",""5"",""8"",""2"",""8"",""8"",""2"",""6"",""4"",""2"",""5"",""6"",""5"",""5"",""5"",""2"",""8"",""6"",""2"",""6"",""8""]","1500","","","","","","",""
"","canvas-keyboard-response","63","150086","0.0-5.0-3.0-2.15","","","","","388","6","","","[""circle"",""circle"",""circle"",""circle""]","","","","","","","","","","[{""x"":1004,""y"":656,""t"":4},{""x"":1014,""y"":622,""t"":39},{""x"":1006,""y"":565,""t"":86},{""x"":1007,""y"":593,""t"":112},{""x"":997,""y"":586,""t"":140},{""x"":1008,""y"":569,""t"":174},{""x"":996,""y"":513,""t"":222},{""x"":1006,""y"":469,""t"":252},{""x"":998,""y"":517,""t"":279},{""x"":1006,""y"":551,""t"":310},{""x"":1041,""y"":506,""t"":355}]","{""#container"":{""x"":401,""y"":47.390625,""width"":1100,""height"":1000,""top"":47.390625,""right"":1501,""bottom"":1047.390625,""left"":401}}","4","red","6","true","[{""x"":250,""y"":500,""width"":80,""height"":80,""top"":460,""right"":290,""bottom"":540,""left"":210},{""x"":550,""y"":200,""width"":80,""height"":80,""top"":160,""right"":590,""bottom"":240,""left"":510},{""x"":850,""y"":500,""width"":80,""height"":80,""top"":460,""right"":890,""bottom"":540,""left"":810},{""x"":550,""y"":800,""width"":80,""height"":80,""top"":760,""right"":590,""bottom"":840,""left"":510}]"
"","canvas-keyboard-response","64","151100","0.0-5.0-3.0-0.16","","","","","null","null","","","","","","","","","recognition","","[""4"",""4"",""4"",""4"",""6"",""5"",""8"",""2"",""8"",""8"",""2"",""6"",""4"",""2"",""5"",""6"",""5"",""5"",""5"",""2"",""8"",""6"",""2"",""6"",""8""]","1500","","","","","","",""
"","canvas-keyboard-response","65","151213","0.0-5.0-3.0-1.16","","","","","null","null","","","","","","","","","recognition","","[""4"",""4"",""4"",""4"",""6"",""5"",""8"",""2"",""8"",""8"",""2"",""6"",""4"",""2"",""5"",""6"",""5"",""5"",""5"",""2"",""8"",""6"",""2"",""6"",""8""]","1500","","","","","","",""
"","canvas-keyboard-response","66","153222","0.0-5.0-3.0-2.16","","","","","498","5","","","[""circle"",""circle"",""circle"",""circle""]","","","","","","","","","","[{""x"":1023,""y"":475,""t"":5},{""x"":1020,""y"":442,""t"":39},{""x"":1005,""y"":441,""t"":74},{""x"":980,""y"":448,""t"":106},{""x"":962,""y"":477,""t"":156},{""x"":948,""y"":503,""t"":175},{""x"":955,""y"":497,""t"":219},{""x"":968,""y"":490,""t"":248},{""x"":980,""y"":485,""t"":273},{""x"":962,""y"":479,""t"":314},{""x"":947,""y"":475,""t"":341},{""x"":968,""y"":437,""t"":378},{""x"":976,""y"":385,""t"":427},{""x"":977,""y"":328,""t"":446}]","{""#container"":{""x"":401,""y"":47.390625,""width"":1100,""height"":1000,""top"":47.390625,""right"":1501,""bottom"":1047.390625,""left"":401}}","4","red","5","true","[{""x"":250,""y"":500,""width"":80,""height"":80,""top"":460,""right"":290,""bottom"":540,""left"":210},{""x"":550,""y"":200,""width"":80,""height"":80,""top"":160,""right"":590,""bottom"":240,""left"":510},{""x"":850,""y"":500,""width"":80,""height"":80,""top"":460,""right"":890,""bottom"":540,""left"":810},{""x"":550,""y"":800,""width"":80,""height"":80,""top"":760,""right"":590,""bottom"":840,""left"":510}]"
"","canvas-keyboard-response","67","154236","0.0-5.0-3.0-0.17","","","","","null","null","","","","","","","","","recognition","","[""4"",""4"",""4"",""4"",""6"",""5"",""8"",""2"",""8"",""8"",""2"",""6"",""4"",""2"",""5"",""6"",""5"",""5"",""5"",""2"",""8"",""6"",""2"",""6"",""8""]","1500","","","","","","",""
"","canvas-keyboard-response","68","154349","0.0-5.0-3.0-1.17","","","","","null","null","","","","","","","","","recognition","","[""4"",""4"",""4"",""4"",""6"",""5"",""8"",""2"",""8"",""8"",""2"",""6"",""4"",""2"",""5"",""6"",""5"",""5"",""5"",""2"",""8"",""6"",""2"",""6"",""8""]","1500","","","","","","",""
"","canvas-keyboard-response","69","156255","0.0-5.0-3.0-2.17","","","","","396","5","","","[""circle"",""circle"",""circle"",""circle""]","","","","","","","","","","[{""x"":978,""y"":356,""t"":4},{""x"":984,""y"":388,""t"":39},{""x"":1018,""y"":409,""t"":76},{""x"":1048,""y"":428,""t"":103},{""x"":1072,""y"":434,""t"":140},{""x"":1050,""y"":454,""t"":194},{""x"":1056,""y"":478,""t"":208},{""x"":1070,""y"":490,""t"":253},{""x"":1063,""y"":486,""t"":284},{""x"":1055,""y"":482,""t"":309},{""x"":1054,""y"":482,""t"":344}]","{""#container"":{""x"":401,""y"":47.390625,""width"":1100,""height"":1000,""top"":47.390625,""right"":1501,""bottom"":1047.390625,""left"":401}}","4","blue","5","true","[{""x"":250,""y"":500,""width"":80,""height"":80,""top"":460,""right"":290,""bottom"":540,""left"":210},{""x"":550,""y"":200,""width"":80,""height"":80,""top"":160,""right"":590,""bottom"":240,""left"":510},{""x"":850,""y"":500,""width"":80,""height"":80,""top"":460,""right"":890,""bottom"":540,""left"":810},{""x"":550,""y"":800,""width"":80,""height"":80,""top"":760,""right"":590,""bottom"":840,""left"":510}]"
"","canvas-keyboard-response","70","157278","0.0-5.0-3.0-0.18","","","","","null","null","","","","","","","","","recognition","","[""4"",""4"",""4"",""4"",""6"",""5"",""8"",""2"",""8"",""8"",""2"",""6"",""4"",""2"",""5"",""6"",""5"",""5"",""5"",""2"",""8"",""6"",""2"",""6"",""8""]","1500","","","","","","",""
"","canvas-keyboard-response","71","157389","0.0-5.0-3.0-1.18","","","","","null","null","","","","","","","","","recognition","","[""4"",""4"",""4"",""4"",""6"",""5"",""8"",""2"",""8"",""8"",""2"",""6"",""4"",""2"",""5"",""6"",""5"",""5"",""5"",""2"",""8"",""6"",""2"",""6"",""8""]","1500","","","","","","",""
"","canvas-keyboard-response","72","159407","0.0-5.0-3.0-2.18","","","","","508","5","","","[""circle"",""circle"",""circle"",""circle""]","","","","","","","","","","[{""x"":1008,""y"":521,""t"":5},{""x"":1006,""y"":540,""t"":35},{""x"":1004,""y"":539,""t"":72},{""x"":1010,""y"":534,""t"":108},{""x"":984,""y"":539,""t"":140},{""x"":983,""y"":546,""t"":174},{""x"":1004,""y"":555,""t"":222},{""x"":1023,""y"":562,""t"":243},{""x"":1045,""y"":565,""t"":286},{""x"":1058,""y"":571,""t"":313},{""x"":1003,""y"":585,""t"":344},{""x"":965,""y"":596,""t"":389},{""x"":922,""y"":591,""t"":417},{""x"":905,""y"":576,""t"":445}]","{""#container"":{""x"":401,""y"":47.390625,""width"":1100,""height"":1000,""top"":47.390625,""right"":1501,""bottom"":1047.390625,""left"":401}}","4","yellow","5","true","[{""x"":250,""y"":500,""width"":80,""height"":80,""top"":460,""right"":290,""bottom"":540,""left"":210},{""x"":550,""y"":200,""width"":80,""height"":80,""top"":160,""right"":590,""bottom"":240,""left"":510},{""x"":850,""y"":500,""width"":80,""height"":80,""top"":460,""right"":890,""bottom"":540,""left"":810},{""x"":550,""y"":800,""width"":80,""height"":80,""top"":760,""right"":590,""bottom"":840,""left"":510}]"
"","canvas-keyboard-response","73","160428","0.0-5.0-3.0-0.19","","","","","null","null","","","","","","","","","recognition","","[""4"",""4"",""4"",""4"",""6"",""5"",""8"",""2"",""8"",""8"",""2"",""6"",""4"",""2"",""5"",""6"",""5"",""5"",""5"",""2"",""8"",""6"",""2"",""6"",""8""]","1500","","","","","","",""
"","canvas-keyboard-response","74","160540","0.0-5.0-3.0-1.19","","","","","null","null","","","","","","","","","recognition","","[""4"",""4"",""4"",""4"",""6"",""5"",""8"",""2"",""8"",""8"",""2"",""6"",""4"",""2"",""5"",""6"",""5"",""5"",""5"",""2"",""8"",""6"",""2"",""6"",""8""]","1500","","","","","","",""
"","canvas-keyboard-response","75","162640","0.0-5.0-3.0-2.19","","","","","587","2","","","[""circle"",""circle"",""circle"",""circle""]","","","","","","","","","","[{""x"":970,""y"":553,""t"":4},{""x"":984,""y"":516,""t"":40},{""x"":994,""y"":501,""t"":73},{""x"":987,""y"":451,""t"":117},{""x"":994,""y"":437,""t"":146},{""x"":994,""y"":443,""t"":174},{""x"":1018,""y"":404,""t"":217},{""x"":1038,""y"":372,""t"":244},{""x"":1044,""y"":403,""t"":276},{""x"":1045,""y"":416,""t"":313},{""x"":1026,""y"":440,""t"":341},{""x"":1021,""y"":532,""t"":377},{""x"":992,""y"":549,""t"":427},{""x"":995,""y"":614,""t"":452},{""x"":968,""y"":638,""t"":481},{""x"":977,""y"":700,""t"":521},{""x"":966,""y"":726,""t"":549}]","{""#container"":{""x"":401,""y"":47.390625,""width"":1100,""height"":1000,""top"":47.390625,""right"":1501,""bottom"":1047.390625,""left"":401}}","4","purple","2","true","[{""x"":250,""y"":500,""width"":80,""height"":80,""top"":460,""right"":290,""bottom"":540,""left"":210},{""x"":550,""y"":200,""width"":80,""height"":80,""top"":160,""right"":590,""bottom"":240,""left"":510},{""x"":850,""y"":500,""width"":80,""height"":80,""top"":460,""right"":890,""bottom"":540,""left"":810},{""x"":550,""y"":800,""width"":80,""height"":80,""top"":760,""right"":590,""bottom"":840,""left"":510}]"
"","canvas-keyboard-response","76","163660","0.0-5.0-3.0-0.20","","","","","null","null","","","","","","","","","recognition","","[""4"",""4"",""4"",""4"",""6"",""5"",""8"",""2"",""8"",""8"",""2"",""6"",""4"",""2"",""5"",""6"",""5"",""5"",""5"",""2"",""8"",""6"",""2"",""6"",""8""]","1500","","","","","","",""
"","canvas-keyboard-response","77","163772","0.0-5.0-3.0-1.20","","","","","null","null","","","","","","","","","recognition","","[""4"",""4"",""4"",""4"",""6"",""5"",""8"",""2"",""8"",""8"",""2"",""6"",""4"",""2"",""5"",""6"",""5"",""5"",""5"",""2"",""8"",""6"",""2"",""6"",""8""]","1500","","","","","","",""
"","canvas-keyboard-response","78","165919","0.0-5.0-3.0-2.20","","","","","635","8","","","[""circle"",""circle"",""circle"",""circle""]","","","","","","","","","","[{""x"":968,""y"":687,""t"":4},{""x"":980,""y"":648,""t"":43},{""x"":996,""y"":635,""t"":72},{""x"":1008,""y"":625,""t"":121},{""x"":1029,""y"":592,""t"":141},{""x"":1049,""y"":577,""t"":183},{""x"":1047,""y"":581,""t"":211},{""x"":1043,""y"":600,""t"":242},{""x"":1059,""y"":595,""t"":282},{""x"":1073,""y"":592,""t"":308},{""x"":1066,""y"":566,""t"":346},{""x"":1060,""y"":544,""t"":376},{""x"":1041,""y"":521,""t"":413},{""x"":1029,""y"":432,""t"":454},{""x"":991,""y"":380,""t"":482},{""x"":938,""y"":353,""t"":514},{""x"":907,""y"":310,""t"":554},{""x"":878,""y"":294,""t"":579}]","{""#container"":{""x"":401,""y"":47.390625,""width"":1100,""height"":1000,""top"":47.390625,""right"":1501,""bottom"":1047.390625,""left"":401}}","4","purple","8","true","[{""x"":250,""y"":500,""width"":80,""height"":80,""top"":460,""right"":290,""bottom"":540,""left"":210},{""x"":550,""y"":200,""width"":80,""height"":80,""top"":160,""right"":590,""bottom"":240,""left"":510},{""x"":850,""y"":500,""width"":80,""height"":80,""top"":460,""right"":890,""bottom"":540,""left"":810},{""x"":550,""y"":800,""width"":80,""height"":80,""top"":760,""right"":590,""bottom"":840,""left"":510}]"
"","canvas-keyboard-response","79","166940","0.0-5.0-3.0-0.21","","","","","null","null","","","","","","","","","recognition","","[""4"",""4"",""4"",""4"",""6"",""5"",""8"",""2"",""8"",""8"",""2"",""6"",""4"",""2"",""5"",""6"",""5"",""5"",""5"",""2"",""8"",""6"",""2"",""6"",""8""]","1500","","","","","","",""
"","canvas-keyboard-response","80","167053","0.0-5.0-3.0-1.21","","","","","null","null","","","","","","","","","recognition","","[""4"",""4"",""4"",""4"",""6"",""5"",""8"",""2"",""8"",""8"",""2"",""6"",""4"",""2"",""5"",""6"",""5"",""5"",""5"",""2"",""8"",""6"",""2"",""6"",""8""]","1500","","","","","","",""
"","canvas-keyboard-response","81","168967","0.0-5.0-3.0-2.21","","","","","402","6","","","[""circle"",""circle"",""circle"",""circle""]","","","","","","","","","","[{""x"":897,""y"":301,""t"":5},{""x"":914,""y"":333,""t"":40},{""x"":930,""y"":365,""t"":72},{""x"":959,""y"":374,""t"":106},{""x"":952,""y"":407,""t"":155},{""x"":972,""y"":454,""t"":176},{""x"":995,""y"":484,""t"":208},{""x"":1006,""y"":502,""t"":252},{""x"":1014,""y"":516,""t"":278},{""x"":990,""y"":531,""t"":311},{""x"":988,""y"":501,""t"":345},{""x"":1000,""y"":523,""t"":377}]","{""#container"":{""x"":401,""y"":47.390625,""width"":1100,""height"":1000,""top"":47.390625,""right"":1501,""bottom"":1047.390625,""left"":401}}","4","green","6","true","[{""x"":250,""y"":500,""width"":80,""height"":80,""top"":460,""right"":290,""bottom"":540,""left"":210},{""x"":550,""y"":200,""width"":80,""height"":80,""top"":160,""right"":590,""bottom"":240,""left"":510},{""x"":850,""y"":500,""width"":80,""height"":80,""top"":460,""right"":890,""bottom"":540,""left"":810},{""x"":550,""y"":800,""width"":80,""height"":80,""top"":760,""right"":590,""bottom"":840,""left"":510}]"
"","canvas-keyboard-response","82","169983","0.0-5.0-3.0-0.22","","","","","null","null","","","","","","","","","recognition","","[""4"",""4"",""4"",""4"",""6"",""5"",""8"",""2"",""8"",""8"",""2"",""6"",""4"",""2"",""5"",""6"",""5"",""5"",""5"",""2"",""8"",""6"",""2"",""6"",""8""]","1500","","","","","","",""
"","canvas-keyboard-response","83","170106","0.0-5.0-3.0-1.22","","","","","null","null","","","","","","","","","recognition","","[""4"",""4"",""4"",""4"",""6"",""5"",""8"",""2"",""8"",""8"",""2"",""6"",""4"",""2"",""5"",""6"",""5"",""5"",""5"",""2"",""8"",""6"",""2"",""6"",""8""]","1500","","","","","","",""
"","canvas-keyboard-response","84","172279","0.0-5.0-3.0-2.22","","","","","648","2","","","[""circle"",""circle"",""circle"",""circle""]","","","","","","","","","","[{""x"":988,""y"":509,""t"":5},{""x"":982,""y"":494,""t"":44},{""x"":991,""y"":481,""t"":74},{""x"":965,""y"":501,""t"":106},{""x"":942,""y"":476,""t"":143},{""x"":925,""y"":478,""t"":174},{""x"":918,""y"":479,""t"":207},{""x"":924,""y"":463,""t"":257},{""x"":910,""y"":457,""t"":275},{""x"":919,""y"":452,""t"":321},{""x"":917,""y"":431,""t"":350},{""x"":940,""y"":410,""t"":378},{""x"":960,""y"":394,""t"":412},{""x"":981,""y"":363,""t"":445},{""x"":996,""y"":338,""t"":479},{""x"":1016,""y"":286,""t"":529},{""x"":1033,""y"":244,""t"":549},{""x"":1024,""y"":218,""t"":597},{""x"":995,""y"":263,""t"":616}]","{""#container"":{""x"":401,""y"":47.390625,""width"":1100,""height"":1000,""top"":47.390625,""right"":1501,""bottom"":1047.390625,""left"":401}}","4","yellow","2","true","[{""x"":250,""y"":500,""width"":80,""height"":80,""top"":460,""right"":290,""bottom"":540,""left"":210},{""x"":550,""y"":200,""width"":80,""height"":80,""top"":160,""right"":590,""bottom"":240,""left"":510},{""x"":850,""y"":500,""width"":80,""height"":80,""top"":460,""right"":890,""bottom"":540,""left"":810},{""x"":550,""y"":800,""width"":80,""height"":80,""top"":760,""right"":590,""bottom"":840,""left"":510}]"
"","canvas-keyboard-response","85","173293","0.0-5.0-3.0-0.23","","","","","null","null","","","","","","","","","recognition","","[""4"",""4"",""4"",""4"",""6"",""5"",""8"",""2"",""8"",""8"",""2"",""6"",""4"",""2"",""5"",""6"",""5"",""5"",""5"",""2"",""8"",""6"",""2"",""6"",""8""]","1500","","","","","","",""
"","canvas-keyboard-response","86","173404","0.0-5.0-3.0-1.23","","","","","null","null","","","","","","","","","recognition","","[""4"",""4"",""4"",""4"",""6"",""5"",""8"",""2"",""8"",""8"",""2"",""6"",""4"",""2"",""5"",""6"",""5"",""5"",""5"",""2"",""8"",""6"",""2"",""6"",""8""]","1500","","","","","","",""
"","canvas-keyboard-response","87","175351","0.0-5.0-3.0-2.23","","","","","437","6","","","[""circle"",""circle"",""circle"",""circle""]","","","","","","","","","","[{""x"":994,""y"":223,""t"":5},{""x"":992,""y"":257,""t"":38},{""x"":1002,""y"":230,""t"":74},{""x"":1021,""y"":248,""t"":119},{""x"":1001,""y"":224,""t"":147},{""x"":981,""y"":212,""t"":174},{""x"":977,""y"":206,""t"":219},{""x"":991,""y"":246,""t"":247},{""x"":985,""y"":247,""t"":276},{""x"":1020,""y"":267,""t"":318},{""x"":1062,""y"":322,""t"":346},{""x"":1120,""y"":305,""t"":378}]","{""#container"":{""x"":401,""y"":47.390625,""width"":1100,""height"":1000,""top"":47.390625,""right"":1501,""bottom"":1047.390625,""left"":401}}","4","blue","6","true","[{""x"":250,""y"":500,""width"":80,""height"":80,""top"":460,""right"":290,""bottom"":540,""left"":210},{""x"":550,""y"":200,""width"":80,""height"":80,""top"":160,""right"":590,""bottom"":240,""left"":510},{""x"":850,""y"":500,""width"":80,""height"":80,""top"":460,""right"":890,""bottom"":540,""left"":810},{""x"":550,""y"":800,""width"":80,""height"":80,""top"":760,""right"":590,""bottom"":840,""left"":510}]"
"","canvas-keyboard-response","88","176365","0.0-5.0-3.0-0.24","","","","","null","null","","","","","","","","","recognition","","[""4"",""4"",""4"",""4"",""6"",""5"",""8"",""2"",""8"",""8"",""2"",""6"",""4"",""2"",""5"",""6"",""5"",""5"",""5"",""2"",""8"",""6"",""2"",""6"",""8""]","1500","","","","","","",""
"","canvas-keyboard-response","89","176476","0.0-5.0-3.0-1.24","","","","","null","null","","","","","","","","","recognition","","[""4"",""4"",""4"",""4"",""6"",""5"",""8"",""2"",""8"",""8"",""2"",""6"",""4"",""2"",""5"",""6"",""5"",""5"",""5"",""2"",""8"",""6"",""2"",""6"",""8""]","1500","","","","","","",""
"","canvas-keyboard-response","90","178623","0.0-5.0-3.0-2.24","","","","","636","8","","","[""circle"",""circle"",""circle"",""circle""]","","","","","","","","","","[{""x"":1103,""y"":275,""t"":4},{""x"":1088,""y"":243,""t"":41},{""x"":1082,""y"":297,""t"":73},{""x"":1066,""y"":349,""t"":114},{""x"":1047,""y"":376,""t"":144},{""x"":1037,""y"":396,""t"":174},{""x"":1044,""y"":402,""t"":218},{""x"":1030,""y"":417,""t"":248},{""x"":1012,""y"":461,""t"":275},{""x"":966,""y"":386,""t"":315},{""x"":954,""y"":354,""t"":344},{""x"":965,""y"":304,""t"":384},{""x"":978,""y"":276,""t"":411},{""x"":971,""y"":230,""t"":456},{""x"":968,""y"":169,""t"":480},{""x"":968,""y"":132,""t"":524},{""x"":1002,""y"":77,""t"":549},{""x"":1000,""y"":40,""t"":581}]","{""#container"":{""x"":401,""y"":47.390625,""width"":1100,""height"":1000,""top"":47.390625,""right"":1501,""bottom"":1047.390625,""left"":401}}","4","blue","8","true","[{""x"":250,""y"":500,""width"":80,""height"":80,""top"":460,""right"":290,""bottom"":540,""left"":210},{""x"":550,""y"":200,""width"":80,""height"":80,""top"":160,""right"":590,""bottom"":240,""left"":510},{""x"":850,""y"":500,""width"":80,""height"":80,""top"":460,""right"":890,""bottom"":540,""left"":810},{""x"":550,""y"":800,""width"":80,""height"":80,""top"":760,""right"":590,""bottom"":840,""left"":510}]"
"true","fullscreen","91","179132","0.0-6.0","","","","","","","","","","","","","","","","","","","","","","","","",""
"","html-button-response","92","180999","0.0-7.0","","","","","1866","0","","","
         <p>实验结束!</p>
         <p>点击下载数据。</p>
","","","","","","","","","","","","","","","",""
